分類,資料集名稱,資料集識別碼,提供機關,更新頻率,檔案,來源網址,狀態,位元組,SHA256,下載時間_UTC
01_人口分布/普查_全國,人口及住宅普查（常住人口數及人口密度，99 與 109 年）,10906,行政院主計總處,每10年,01_人口分布/普查_全國/人口及住宅普查（常住人口數及人口密度，99 與 109 年）_099民國年.xml,https://ws.dgbas.gov.tw/001/Upload/461/relfile/11525/233528/mp07017a099.xml,200,404164,c02e44781c28f44e4d2615b4db17ee98083ab1cc0ae2dde71a460a2931a668fa,2026-08-16T07:41:55+00:00
01_人口分布/普查_全國,人口及住宅普查（常住人口數及人口密度，99 與 109 年）,10906,行政院主計總處,每10年,01_人口分布/普查_全國/人口及住宅普查（常住人口數及人口密度，99 與 109 年）_109民國年.xml,https://ws.dgbas.gov.tw/001/Upload/461/relfile/11525/233528/mp07017a109.xml,200,488648,c6e91ac7dcb30d8a219d8586ec9b2beae40051fe07d44ec94fdd41761965569e,2026-08-16T07:41:56+00:00
01_人口分布/普查_全國,常住人口數及人口密度,24238,行政院主計總處,每10年,01_人口分布/普查_全國/常住人口數及人口密度_109民國年.xml,https://ws.dgbas.gov.tw/001/Upload/461/relfile/11525/230872/mp06134a109.xml,200,43273,8e9c87a3caa27cae00fae4c62b13ae72eec5e79d4e06c346d6b244254e547039,2026-08-16T07:41:58+00:00
01_人口分布/普查_全國,住戶數、常住人口數及平均每戶人口數,24759,行政院主計總處,每10年,01_人口分布/普查_全國/住戶數、常住人口數及平均每戶人口數_109民國年.xml,https://ws.dgbas.gov.tw/001/Upload/461/relfile/11525/230872/mp06186a109.xml,200,49578,608b29f112fd0082bf16d2b8c99505392934ce88865ceafde12a00b84c1c7f53,2026-08-16T07:41:59+00:00
01_人口分布/普查_全國,常住人口之年齡結構（不含移工）,24240,行政院主計總處,每10年,01_人口分布/普查_全國/常住人口之年齡結構（不含移工）_109民國年.xml,https://ws.dgbas.gov.tw/001/Upload/461/relfile/11525/230872/mp06136a109.xml,200,95244,8aefd34ad3180a7c285602e0bf1c72d5da1251365f68c2f9344ccb3aef037a46,2026-08-16T07:42:01+00:00
01_人口分布/普查_全國,常住人口之性比例（不含移工）,24239,行政院主計總處,每10年,01_人口分布/普查_全國/常住人口之性比例（不含移工）_109民國年.xml,https://ws.dgbas.gov.tw/001/Upload/461/relfile/11525/230872/mp06135a109.xml,200,35639,686f39f1453ef714b5dfdfa54e0f513ef5808e6b769881b473e3e4ecd40ed49a,2026-08-16T07:42:02+00:00
01_人口分布/普查_全國,５歲以上常住人口之遷徙情形,24244,行政院主計總處,每10年,01_人口分布/普查_全國/５歲以上常住人口之遷徙情形_109民國年.xml,https://ws.dgbas.gov.tw/001/Upload/461/relfile/11525/230872/mp06140a109.xml,200,34285,95730b96c96aa8d586852ed2c81e6fce8738363182a2faae661501ce20158ea5,2026-08-16T07:42:03+00:00
01_人口分布/普查_全國,１５歲以上常住人口之教育程度,24241,行政院主計總處,每10年,01_人口分布/普查_全國/１５歲以上常住人口之教育程度_109民國年.xml,https://ws.dgbas.gov.tw/001/Upload/461/relfile/11525/230872/mp06137a109.xml,200,25977,9cb58a2045b215614d7f0b09215bfb5d60e91af6db1b9b2f7a3ce98ae2613afe,2026-08-16T07:42:05+00:00
01_人口分布/普查_全國,１５歲以上民間常住人口之工作狀況,24243,行政院主計總處,每10年,01_人口分布/普查_全國/１５歲以上民間常住人口之工作狀況_109民國年.xml,https://ws.dgbas.gov.tw/001/Upload/461/relfile/11525/230872/mp06139a109.xml,200,161684,c58ce27759d5953d4e4d2c6df02cf8553bc4ec3dd4fc67aa77fac474a9655a09,2026-08-16T07:42:07+00:00
02_住宅存量/房屋稅籍,臺閩地區房屋稅籍所有人歸戶統計表,20342,財政部財政資訊中心,不定期更新,02_住宅存量/房屋稅籍/臺閩地區房屋稅籍所有人歸戶統計表.csv,https://www.fia.gov.tw/download/578caea5d941405080a70aab45fbf348,200,5899,74d2cde66de43b8c0cb704b8c2e38f4214a26bf4933444a1237ea45e16da2373,2026-08-16T07:42:09+00:00
02_住宅存量/房屋稅籍,臺閩地區房屋稅籍所有人歸戶統計表,20342,財政部財政資訊中心,不定期更新,02_住宅存量/房屋稅籍/臺閩地區房屋稅籍所有人歸戶統計表(2).csv,https://www.fia.gov.tw/download/fd506ae12a154e8d9a4300f6a45dcf8c,200,5915,108d00cefd663681706a303a3edf93756eb15efc4d0145e68327061ace89502e,2026-08-16T07:42:12+00:00
02_住宅存量/房屋稅籍,臺閩地區房屋稅籍所有人歸戶統計表,20342,財政部財政資訊中心,不定期更新,02_住宅存量/房屋稅籍/臺閩地區房屋稅籍所有人歸戶統計表(3).csv,https://www.fia.gov.tw/download/6f506a20ab2e4d168db3e51a85808300,200,5924,cd240cabb63e8ca07f2af9d445a35f12dedc2e4ac7fe9e51f3647c27ebb36367,2026-08-16T07:42:13+00:00
03_人口動態_電信信令,各縣市電信信令人口統計－夜間停留人口,160179,統計處,不定期更新,03_人口動態_電信信令/各縣市電信信令人口統計－夜間停留人口.csv,https://opdadm.moi.gov.tw/api/v1/no-auth/resource/api/dataset/C7C19026-93FC-4547-BFC7-D5F1B2D011D4/resource/83B53BB1-BC5D-4997-BFDB-29922E23A1B1/download,200,1010,be04887a93fdc563047009dc762265238d5384e4d4bec42bce79a85425719366,2026-08-16T07:42:15+00:00
03_人口動態_電信信令,各縣市電信信令人口統計－夜間停留人口,160179,統計處,不定期更新,03_人口動態_電信信令/各縣市電信信令人口統計－夜間停留人口(2).csv,https://opdadm.moi.gov.tw/api/v1/no-auth/resource/api/dataset/C7C19026-93FC-4547-BFC7-D5F1B2D011D4/resource/4256CE3F-8948-47FC-AC75-560374DD787C/download,200,1008,aaf8a15c949a43a8168caba17f9a057aba0a7f712c89b31c593592ba2e1ed393,2026-08-16T07:42:16+00:00
03_人口動態_電信信令,各縣市電信信令人口統計－日間活動人口,160180,統計處,不定期更新,03_人口動態_電信信令/各縣市電信信令人口統計－日間活動人口.csv,https://opdadm.moi.gov.tw/api/v1/no-auth/resource/api/dataset/CEDE9469-1707-4A48-87C6-50327228B680/resource/6F1FEE47-C423-43A9-9BE2-25574B7EA1BA/download,200,1813,1f1e90900292715e7f1fbd3a77f3d6a34e721ae7825ecc6f6ac2067c5bb2780a,2026-08-16T07:42:17+00:00
03_人口動態_電信信令,各縣市電信信令人口統計－日間活動人口,160180,統計處,不定期更新,03_人口動態_電信信令/各縣市電信信令人口統計－日間活動人口(2).csv,https://opdadm.moi.gov.tw/api/v1/no-auth/resource/api/dataset/CEDE9469-1707-4A48-87C6-50327228B680/resource/AC28862A-D164-46AC-B055-9BA3B1BC04B1/download,200,1830,b4e524eaebf2ad3ec4c356cbb6a3a374d35fc88c6a1ec676b14b9ea1abd6a700,2026-08-16T07:42:19+00:00
03_人口動態_電信信令,各縣市電信信令人口統計－特定區域旅次,160178,統計處,不定期更新,03_人口動態_電信信令/各縣市電信信令人口統計－特定區域旅次.csv,https://opdadm.moi.gov.tw/api/v1/no-auth/resource/api/dataset/07CB9101-22C9-44FA-BF7B-DD854EEEB7BA/resource/037C52FB-BE46-4630-835F-32BBBFFABE60/download,200,2258,d993dc1ca27830f2f1e1c0919563001e317331e5238a3c0f08f51073d0007ac9,2026-08-16T07:42:20+00:00
03_人口動態_電信信令,各縣市電信信令人口統計－特定區域旅次,160178,統計處,不定期更新,03_人口動態_電信信令/各縣市電信信令人口統計－特定區域旅次(2).csv,https://opdadm.moi.gov.tw/api/v1/no-auth/resource/api/dataset/07CB9101-22C9-44FA-BF7B-DD854EEEB7BA/resource/A26E5F8E-BB66-4BFC-9EC3-AAC8F70DDC8A/download,200,2713,3ec406fde5e4691215e7138781bc3b9a6eff13b73f2ff53f73b414b5174f4cfe,2026-08-16T07:42:21+00:00
04_住宅政策_中央,住宅補貼辦理概況,73250,內政部國土管理署,不定期更新,04_住宅政策_中央/住宅補貼辦理概況.csv,https://opdadm.moi.gov.tw/api/v1/no-auth/resource/api/dataset/A917053E-B8AE-45D7-AF46-35CD1BB552F7/resource/6FF6EF38-7FBC-4536-8223-1674E52FAD6E/download,200,449,0b611525ec978ce5f33825157e4a59b7af6fc9c7bbf8cf9f4787bc2da4b20921,2026-08-16T07:42:22+00:00
04_住宅政策_中央,接受住宅補貼戶次及金額,169800,內政部國土管理署,不定期更新,04_住宅政策_中央/接受住宅補貼戶次及金額.csv,https://opdadm.moi.gov.tw/api/v1/no-auth/resource/api/dataset/76147D7F-A30A-446C-B6E2-C7F9B20D9920/resource/9817284B-AA54-46A9-9265-8C2396972E99/download,200,4725,54dcbc8f06ea6a54c07714a94cb5dc5f484211fa497326390791c335672d0df3,2026-08-16T07:42:23+00:00
04_住宅政策_中央,公益出租人稅賦減徵戶數統計表,164857,內政部國土管理署,不定期更新,04_住宅政策_中央/公益出租人稅賦減徵戶數統計表.csv,https://opdadm.moi.gov.tw/api/v1/no-auth/resource/api/dataset/73ACE383-D23E-433D-8984-065407670B5B/resource/E1F434D5-DCE7-46D3-8C90-01F12EEF16A0/download,200,205,b2cfd04f49b417e3afe3576b3f801772c31c019458b5a697bafd9ad39edd36cb,2026-08-16T07:42:24+00:00
04_住宅政策_中央,住宅建設下載專區,21232,內政部國土管理署,不定期更新,04_住宅政策_中央/住宅建設下載專區.csv,https://opdadm.moi.gov.tw/api/v1/no-auth/resource/api/dataset/0D6A0C70-048A-4DC8-847E-ADE2A38FF77C/resource/05AE9598-31AE-4DE1-8D04-55A38E599B5A/download,200,1059,9eb66287b34d7de89622e1216a3ffb8e387e811339e6e03791f272ff557d348c,2026-08-16T07:42:26+00:00
04_住宅政策_中央,國有非公用不動產保留供興辦社會住宅清冊,147535,財政部國有財產署,不定期更新,04_住宅政策_中央/國有非公用不動產保留供興辦社會住宅清冊.zip,https://esvc.fnp.gov.tw/opendata/openDataMain/file?sourceId=759,200,211776,b1c3d4943b434a9cd12f9399be922e3381733cad485d6de84de04764faa69a15,2026-08-16T07:42:28+00:00
05_社會住宅_地方,桃園市社會住宅名稱與戶數,149652,桃園市政府都市發展局,不定期更新,05_社會住宅_地方/桃園市社會住宅名稱與戶數.csv,https://opendata.tycg.gov.tw/api/dataset/f708ed6b-f1d3-4bf7-92b0-0d9b0f209943/resource/4f98bea6-9b94-4f57-9214-3bf8feade7d0/download,200,3663,9356b95d07470b747d61a739130f26efe6f0b4c6dcc6eb46e116c1ed69b7fa95,2026-08-16T07:42:30+00:00
05_社會住宅_地方,桃園市社會住宅基地地號及面積表,149586,桃園市政府都市發展局,不定期更新,05_社會住宅_地方/桃園市社會住宅基地地號及面積表.csv,https://opendata.tycg.gov.tw/api/dataset/15bb37a6-d241-4e45-a5e0-1732b11759d3/resource/5a28db5a-54f3-4598-8e47-14cfe74dcaaa/download,200,1505,fc5aff2f6f45d13dd44e067cb1b380999eaef1b520e0091cc299f6ccc356536d,2026-08-16T07:42:32+00:00
05_社會住宅_地方,臺南市社會住宅案地及戶數資料,130113,臺南市政府都市發展局,每年,05_社會住宅_地方/臺南市社會住宅案地及戶數資料.csv,https://data.tainan.gov.tw/File/ResourceCsvDownload/36dded74-0716-46d0-abfd-fa4ebc22d565,200,904,df1b939fabf12c38081ebccdfbe44a15621a78c58e5647cd9e0d7e34dac8326f,2026-08-16T07:43:11+00:00
05_社會住宅_地方,臺南市社會住宅包租代管辦理廠商資訊,142745,臺南市政府都市發展局,每年,05_社會住宅_地方/臺南市社會住宅包租代管辦理廠商資訊.csv,https://data.tainan.gov.tw/File/ResourceCsvDownload/b7452117-47b4-49de-a9ad-32ca1b8aed96,200,305,8685e7b36ff827a4624efa3de5d7bad03207e16ade4d2561fe1e052162cf69a4,2026-08-16T07:43:51+00:00
05_社會住宅_地方,臺北市政府社會住宅包租代管媒合統計資料,155779,臺北市政府都市發展局,每1年,05_社會住宅_地方/臺北市政府社會住宅包租代管媒合統計資料.csv,https://data.taipei/api/dataset/1a6432e4-4377-4033-ab00-96228c3d8b40/resource/3882a390-c748-4f16-b2da-b605aeeb24bb/download,200,332,bb8e8329f7f98f61aef75b8cafe7324aee44ebd19c552b1b5aaaa8059339f715,2026-08-16T07:43:52+00:00
05_社會住宅_地方,臺中市社會住宅基地地號及面積表,84140,臺中市政府都市發展局,不定期更新,05_社會住宅_地方/臺中市社會住宅基地地號及面積表.csv,https://newdatacenter.taichung.gov.tw/api/v1/no-auth/resource.download?rid=0b7524c6-e550-45a3-90b1-79af9e43aa10,200,2710,817fb1fa353a258307f00d36b63f6b94fe2bfd5079bfaa03a0b6916ba0cf694f,2026-08-16T07:43:53+00:00
05_社會住宅_地方,臺中市社會住宅基地地號及面積表,84140,臺中市政府都市發展局,不定期更新,05_社會住宅_地方/臺中市社會住宅基地地號及面積表.xml,https://newdatacenter.taichung.gov.tw/api/v1/no-auth/resource.download?rid=01a7c8f3-5875-450b-87e3-52ffb86356ea,200,7221,296e564d007ef76e60af7a485dc52dbbb642a966969e57b0e17914d2ed949ad9,2026-08-16T07:43:54+00:00
05_社會住宅_地方,臺中市社會住宅基地地號及面積表,84140,臺中市政府都市發展局,不定期更新,05_社會住宅_地方/臺中市社會住宅基地地號及面積表.json,https://newdatacenter.taichung.gov.tw/api/v1/no-auth/resource.download?rid=e2a9c76e-e207-4ea0-bccd-5d317a92666d,200,5691,c1d96c0bd5e4d056cd0adfb7d1ee6d39169ea4e0eb6a2d99093745828537a759,2026-08-16T07:43:56+00:00
01_人口分布/普查_縣市/桃園市,桃園市５歲以上常住人口之遷徙情形,24251,行政院主計總處,每10年,01_人口分布/普查_縣市/桃園市/桃園市５歲以上常住人口之遷徙情形_109民國年.xml,https://ws.dgbas.gov.tw/001/Upload/461/relfile/11525/230872/mp06147a109.xml,200,19433,afe1c26145c99c9cd426fe08c47359372b26a960cb5b4b6ab9bc51ce47bfdde7,2026-08-16T07:45:16+00:00
01_人口分布/普查_縣市/新竹縣,新竹縣５歲以上常住人口之遷徙情形,24252,行政院主計總處,每10年,01_人口分布/普查_縣市/新竹縣/新竹縣５歲以上常住人口之遷徙情形_109民國年.xml,https://ws.dgbas.gov.tw/001/Upload/461/relfile/11525/230872/mp06148a109.xml,200,19350,89c725e02538d1ff2b150589f1c687e692b500c668389aa563a5bba90f62d41b,2026-08-16T07:45:17+00:00
01_人口分布/普查_縣市/嘉義市,嘉義市５歲以上常住人口之遷徙情形,24264,行政院主計總處,每10年,01_人口分布/普查_縣市/嘉義市/嘉義市５歲以上常住人口之遷徙情形_109民國年.xml,https://ws.dgbas.gov.tw/001/Upload/461/relfile/11525/230872/mp06160a109.xml,200,7519,0d4eac4670cba60de389afa7d9c038b5369d6fb3f858840ddb36b8dfa802f516,2026-08-16T07:45:18+00:00
01_人口分布/普查_縣市/連江縣,連江縣５歲以上常住人口之遷徙情形,24266,行政院主計總處,每10年,01_人口分布/普查_縣市/連江縣/連江縣５歲以上常住人口之遷徙情形_109民國年.xml,https://ws.dgbas.gov.tw/001/Upload/461/relfile/11525/230872/mp06162a109.xml,200,9619,6225869a9857a9c6053e7b8df1cd05b89d339436a7165607b74889c6aef5746d,2026-08-16T07:45:19+00:00
01_人口分布/普查_縣市/臺東縣,臺東縣５歲以上常住人口之遷徙情形,24259,行政院主計總處,每10年,01_人口分布/普查_縣市/臺東縣/臺東縣５歲以上常住人口之遷徙情形_109民國年.xml,https://ws.dgbas.gov.tw/001/Upload/461/relfile/11525/230872/mp06155a109.xml,200,22509,4b29fd2e8c26826a5e37f6828925ff67da647467aa727f4d5a94f8473a3ba27c,2026-08-16T07:45:21+00:00
01_人口分布/普查_縣市/彰化縣,彰化縣住戶數、常住人口數及平均每戶人口數,24769,行政院主計總處,每10年,01_人口分布/普查_縣市/彰化縣/彰化縣住戶數、常住人口數及平均每戶人口數_109民國年.xml,https://ws.dgbas.gov.tw/001/Upload/461/relfile/11525/230872/mp06196a109.xml,200,48924,2e953b7c914e32f0703edfc41f2677bf0cc3e262c4e1f98b637facffddda46f5,2026-08-16T07:45:26+00:00
01_人口分布/普查_縣市/南投縣,南投縣住戶數、常住人口數及平均每戶人口數,24770,行政院主計總處,每10年,01_人口分布/普查_縣市/南投縣/南投縣住戶數、常住人口數及平均每戶人口數_109民國年.xml,https://ws.dgbas.gov.tw/001/Upload/461/relfile/11525/230872/mp06197a109.xml,200,25366,f179652adc96410da144500ea5a300da09c7da32afccef985b6b6510b89c25e9,2026-08-16T07:45:27+00:00
01_人口分布/普查_縣市/雲林縣,雲林縣住戶數、常住人口數及平均每戶人口數,24771,行政院主計總處,每10年,01_人口分布/普查_縣市/雲林縣/雲林縣住戶數、常住人口數及平均每戶人口數_109民國年.xml,https://ws.dgbas.gov.tw/001/Upload/461/relfile/11525/230872/mp06198a109.xml,200,38027,6c08c1a93c17018f2885cc1fa8bc800f2d646f95a7088f709771438dde9ce064,2026-08-16T07:45:28+00:00
01_人口分布/普查_縣市/屏東縣,屏東縣住戶數、常住人口數及平均每戶人口數,24773,行政院主計總處,每10年,01_人口分布/普查_縣市/屏東縣/屏東縣住戶數、常住人口數及平均每戶人口數_109民國年.xml,https://ws.dgbas.gov.tw/001/Upload/461/relfile/11525/230872/mp06200a109.xml,200,61458,2eb2cac9d46eebad4255bd14cc8251a6f0956c203c05ec51db8657dfb7bf24d2,2026-08-16T07:45:30+00:00
01_人口分布/普查_縣市/嘉義市,嘉義市住戶數、常住人口數及平均每戶人口數,24779,行政院主計總處,每10年,01_人口分布/普查_縣市/嘉義市/嘉義市住戶數、常住人口數及平均每戶人口數_109民國年.xml,https://ws.dgbas.gov.tw/001/Upload/461/relfile/11525/230872/mp06206a109.xml,200,5505,fd798215779e16db23aec85bb3b4fdee1839e799aa9f67eea62e35fbf0b61fdd,2026-08-16T07:45:31+00:00
01_人口分布/普查_縣市/臺中市,臺中市住戶數、常住人口數及平均每戶人口數,24762,行政院主計總處,每10年,01_人口分布/普查_縣市/臺中市/臺中市住戶數、常住人口數及平均每戶人口數_109民國年.xml,https://ws.dgbas.gov.tw/001/Upload/461/relfile/11525/230872/mp06189a109.xml,200,54380,6b9b1e51ea3e0eebdfa540bb88e6bfcb41be00ef20eef0c34100014007b72165,2026-08-16T07:45:33+00:00
01_人口分布/普查_縣市/新竹縣,新竹縣住戶數、常住人口數及平均每戶人口數,24767,行政院主計總處,每10年,01_人口分布/普查_縣市/新竹縣/新竹縣住戶數、常住人口數及平均每戶人口數_109民國年.xml,https://ws.dgbas.gov.tw/001/Upload/461/relfile/11525/230872/mp06194a109.xml,200,25371,35efeb29fef407e410fd050c2f01f527947c4ea4cd86e63146a394edc2b430d6,2026-08-16T07:45:34+00:00
01_人口分布/普查_縣市/宜蘭縣,宜蘭縣常住人口數及人口密度,18505,行政院主計總處,每10年,01_人口分布/普查_縣市/宜蘭縣/宜蘭縣常住人口數及人口密度_109民國年.xml,https://ws.dgbas.gov.tw/001/Upload/461/relfile/11525/230872/mp06007a109.xml,200,21367,429aee3bb29b93492fdf5a0859d46da193c822acf0a95f3920959f8aeb69d2df,2026-08-16T07:45:36+00:00
01_人口分布/普查_縣市/嘉義縣,嘉義縣常住人口數及人口密度,18512,行政院主計總處,每10年,01_人口分布/普查_縣市/嘉義縣/嘉義縣常住人口數及人口密度_109民國年.xml,https://ws.dgbas.gov.tw/001/Upload/461/relfile/11525/230872/mp06014a109.xml,200,31160,12b6e2f89318bd8c7cb1a32cd1991fa95af2ea1865603e97e8a06e0b14430f0b,2026-08-16T07:45:37+00:00
01_人口分布/普查_縣市/新竹市,新竹市常住人口數及人口密度,18518,行政院主計總處,每10年,01_人口分布/普查_縣市/新竹市/新竹市常住人口數及人口密度_109民國年.xml,https://ws.dgbas.gov.tw/001/Upload/461/relfile/11525/230872/mp06020a109.xml,200,6635,a9c5ce29895b88d78614a5bbf6fa19b64e5e8aa756df2114ed8a42132bed0b13,2026-08-16T07:45:38+00:00
01_人口分布/普查_縣市/金門縣,金門縣５歲以上常住人口之遷徙情形,24265,行政院主計總處,每10年,01_人口分布/普查_縣市/金門縣/金門縣５歲以上常住人口之遷徙情形_109民國年.xml,https://ws.dgbas.gov.tw/001/Upload/461/relfile/11525/230872/mp06161a109.xml,200,11795,292d1f1c62c6b0ba2d844d1a0e69e4ae04dc3e1bc11e4e36ec02d4b0c3a9e20d,2026-08-16T07:45:39+00:00
01_人口分布/普查_縣市/屏東縣,屏東縣５歲以上常住人口之遷徙情形,24258,行政院主計總處,每10年,01_人口分布/普查_縣市/屏東縣/屏東縣５歲以上常住人口之遷徙情形_109民國年.xml,https://ws.dgbas.gov.tw/001/Upload/461/relfile/11525/230872/mp06154a109.xml,200,40812,1f619757cc511f062b194a1515bd4210a826758e59f979b762971681bf7ff127,2026-08-16T07:45:41+00:00
01_人口分布/普查_縣市/澎湖縣,澎湖縣５歲以上常住人口之遷徙情形,24261,行政院主計總處,每10年,01_人口分布/普查_縣市/澎湖縣/澎湖縣５歲以上常住人口之遷徙情形_109民國年.xml,https://ws.dgbas.gov.tw/001/Upload/461/relfile/11525/230872/mp06157a109.xml,200,11776,0a411d664177fea5106d29119fbd1d517a0e29cdcb4ca79a9d6aea0345a48a71,2026-08-16T07:45:42+00:00
01_人口分布/普查_縣市/連江縣,連江縣住戶數、常住人口數及平均每戶人口數,24781,行政院主計總處,每10年,01_人口分布/普查_縣市/連江縣/連江縣住戶數、常住人口數及平均每戶人口數_109民國年.xml,https://ws.dgbas.gov.tw/001/Upload/461/relfile/11525/230872/mp06208a109.xml,200,9097,a942d578badf3f4f2498de242bc2e01acc234a7f5454ece7840237d4a64d578d,2026-08-16T07:45:43+00:00
01_人口分布/普查_縣市/臺東縣,臺東縣住戶數、常住人口數及平均每戶人口數,24774,行政院主計總處,每10年,01_人口分布/普查_縣市/臺東縣/臺東縣住戶數、常住人口數及平均每戶人口數_109民國年.xml,https://ws.dgbas.gov.tw/001/Upload/461/relfile/11525/230872/mp06201a109.xml,200,30732,d003f6d714113f1e37ba2b1ecaa26446ffff505a3c7745e56af5cede7befd29c,2026-08-16T07:45:46+00:00
01_人口分布/普查_縣市/花蓮縣,花蓮縣住戶數、常住人口數及平均每戶人口數,24775,行政院主計總處,每10年,01_人口分布/普查_縣市/花蓮縣/花蓮縣住戶數、常住人口數及平均每戶人口數_109民國年.xml,https://ws.dgbas.gov.tw/001/Upload/461/relfile/11525/230872/mp06202a109.xml,200,25354,f8a0b0e4f56c8aadbabf1ab72c67177a451dd400d72f2cfc7ec12a155784e084,2026-08-16T07:45:47+00:00
01_人口分布/普查_縣市/宜蘭縣,宜蘭縣住戶數、常住人口數及平均每戶人口數,24765,行政院主計總處,每10年,01_人口分布/普查_縣市/宜蘭縣/宜蘭縣住戶數、常住人口數及平均每戶人口數_109民國年.xml,https://ws.dgbas.gov.tw/001/Upload/461/relfile/11525/230872/mp06192a109.xml,200,23576,bec4d64bd725b76876c474c2120fc4222b309a6e2525bebefb0877ef3da4de17,2026-08-16T07:45:48+00:00
01_人口分布/普查_縣市/苗栗縣,苗栗縣住戶數、常住人口數及平均每戶人口數,24768,行政院主計總處,每10年,01_人口分布/普查_縣市/苗栗縣/苗栗縣住戶數、常住人口數及平均每戶人口數_109民國年.xml,https://ws.dgbas.gov.tw/001/Upload/461/relfile/11525/230872/mp06195a109.xml,200,34395,0d4b802b2894d209f02d604293d9c8a9769153a595cdc97ad81b569daa8b90ff,2026-08-16T07:45:50+00:00
01_人口分布/普查_縣市/嘉義縣,嘉義縣住戶數、常住人口數及平均每戶人口數,24772,行政院主計總處,每10年,01_人口分布/普查_縣市/嘉義縣/嘉義縣住戶數、常住人口數及平均每戶人口數_109民國年.xml,https://ws.dgbas.gov.tw/001/Upload/461/relfile/11525/230872/mp06199a109.xml,200,34406,7feaeacf283ed5b684edac19f29a81c2ffc53e633c720d6b29b105d2eb76df05,2026-08-16T07:45:51+00:00
01_人口分布/普查_縣市/金門縣,金門縣住戶數、常住人口數及平均每戶人口數,24780,行政院主計總處,每10年,01_人口分布/普查_縣市/金門縣/金門縣住戶數、常住人口數及平均每戶人口數_109民國年.xml,https://ws.dgbas.gov.tw/001/Upload/461/relfile/11525/230872/mp06207a109.xml,200,12708,18819e9a2305bbe40219be4a80ce25245795bfc03749c817822df3b741e1df06,2026-08-16T07:45:52+00:00
01_人口分布/普查_縣市/臺北市,臺北市住戶數、常住人口數及平均每戶人口數,24761,行政院主計總處,每10年,01_人口分布/普查_縣市/臺北市/臺北市住戶數、常住人口數及平均每戶人口數_109民國年.xml,https://ws.dgbas.gov.tw/001/Upload/461/relfile/11525/230872/mp06188a109.xml,200,23653,e46c254f1b750937416d44093ec7265efa75fe5b68cf8492a5081e34644af5c5,2026-08-16T07:45:53+00:00
01_人口分布/普查_縣市/新北市,新北市５歲以上常住人口之遷徙情形,24245,行政院主計總處,每10年,01_人口分布/普查_縣市/新北市/新北市５歲以上常住人口之遷徙情形_109民國年.xml,https://ws.dgbas.gov.tw/001/Upload/461/relfile/11525/230872/mp06141a109.xml,200,36671,4ca6a518e52f3692843660c5ee27a08be11149ade9939587e88a5ed413fbf3c4,2026-08-16T07:45:56+00:00
01_人口分布/普查_縣市/臺北市,臺北市５歲以上常住人口之遷徙情形,24246,行政院主計總處,每10年,01_人口分布/普查_縣市/臺北市/臺北市５歲以上常住人口之遷徙情形_109民國年.xml,https://ws.dgbas.gov.tw/001/Upload/461/relfile/11525/230872/mp06142a109.xml,200,18384,6eaff64eed7ae312b2851ea624f4c141f78f9b01bd13acdcd28c0013a9c7a4e5,2026-08-16T07:45:57+00:00
01_人口分布/普查_縣市/苗栗縣,苗栗縣５歲以上常住人口之遷徙情形,24253,行政院主計總處,每10年,01_人口分布/普查_縣市/苗栗縣/苗栗縣５歲以上常住人口之遷徙情形_109民國年.xml,https://ws.dgbas.gov.tw/001/Upload/461/relfile/11525/230872/mp06149a109.xml,200,24694,910f0e9f066c689761ea4311ea54dd94b251ccad6a994a48a1c9f7c953a0d0ad,2026-08-16T07:45:59+00:00
01_人口分布/普查_縣市/彰化縣,彰化縣５歲以上常住人口之遷徙情形,24254,行政院主計總處,每10年,01_人口分布/普查_縣市/彰化縣/彰化縣５歲以上常住人口之遷徙情形_109民國年.xml,https://ws.dgbas.gov.tw/001/Upload/461/relfile/11525/230872/mp06150a109.xml,200,33350,6b5aa7629cfb5946c09a3cb631a68023655af95c153150d7450e180907765b9a,2026-08-16T07:46:00+00:00
01_人口分布/普查_縣市/南投縣,南投縣５歲以上常住人口之遷徙情形,24255,行政院主計總處,每10年,01_人口分布/普查_縣市/南投縣/南投縣５歲以上常住人口之遷徙情形_109民國年.xml,https://ws.dgbas.gov.tw/001/Upload/461/relfile/11525/230872/mp06151a109.xml,200,19332,24b7d16c3124082c0d71d6366e43f539814d0a80a62c75ad538c7052afb32007,2026-08-16T07:46:01+00:00
01_人口分布/普查_縣市/臺南市,臺南市５歲以上常住人口之遷徙情形,24248,行政院主計總處,每10年,01_人口分布/普查_縣市/臺南市/臺南市５歲以上常住人口之遷徙情形_109民國年.xml,https://ws.dgbas.gov.tw/001/Upload/461/relfile/11525/230872/mp06144a109.xml,200,45205,e0999a70c7ca1602410506be5a525b77517c9d265c24a1782afcc8f006c16bad,2026-08-16T07:46:02+00:00
01_人口分布/普查_縣市/高雄市,高雄市５歲以上常住人口之遷徙情形,24249,行政院主計總處,每10年,01_人口分布/普查_縣市/高雄市/高雄市５歲以上常住人口之遷徙情形_109民國年.xml,https://ws.dgbas.gov.tw/001/Upload/461/relfile/11525/230872/mp06145a109.xml,200,46328,4724da40475af408ef6b5e17bdb6aa762e045bd9fd6cabe0f5923221db176ed3,2026-08-16T07:46:03+00:00
01_人口分布/普查_縣市/臺中市,臺中市常住人口數及人口密度,18454,行政院主計總處,每10年,01_人口分布/普查_縣市/臺中市/臺中市常住人口數及人口密度_109民國年.xml,https://ws.dgbas.gov.tw/001/Upload/461/relfile/11525/230872/mp06004a109.xml,200,49230,c9ce73d3b40c5b8bb972403fa429bad251ba47ac30829dfb702bce8ab6b0dc7a,2026-08-16T07:46:05+00:00
01_人口分布/普查_縣市/臺南市,臺南市常住人口數及人口密度,18503,行政院主計總處,每10年,01_人口分布/普查_縣市/臺南市/臺南市常住人口數及人口密度_109民國年.xml,https://ws.dgbas.gov.tw/001/Upload/461/relfile/11525/230872/mp06005a109.xml,200,62307,a86f2142ab76e47f3c3a3161f7a98d25772059120b4b7cb50feb59b490d0d6cb,2026-08-16T07:46:06+00:00
01_人口分布/普查_縣市/桃園市,桃園市常住人口數及人口密度,18506,行政院主計總處,每10年,01_人口分布/普查_縣市/桃園市/桃園市常住人口數及人口密度_109民國年.xml,https://ws.dgbas.gov.tw/001/Upload/461/relfile/11525/230872/mp06008a109.xml,200,23029,19a7127226f177e00d5eaa9a445f47bbb608d612b760eb19a75ff5b50c56a5cf,2026-08-16T07:46:07+00:00
01_人口分布/普查_縣市/苗栗縣,苗栗縣常住人口數及人口密度,18508,行政院主計總處,每10年,01_人口分布/普查_縣市/苗栗縣/苗栗縣常住人口數及人口密度_109民國年.xml,https://ws.dgbas.gov.tw/001/Upload/461/relfile/11525/230872/mp06010a109.xml,200,31166,7a655a2c299031cb8ec93d96dcfba3a8682b2857508a9a3e537f498b7c406cfa,2026-08-16T07:46:08+00:00
01_人口分布/普查_縣市/彰化縣,彰化縣常住人口數及人口密度,18509,行政院主計總處,每10年,01_人口分布/普查_縣市/彰化縣/彰化縣常住人口數及人口密度_109民國年.xml,https://ws.dgbas.gov.tw/001/Upload/461/relfile/11525/230872/mp06011a109.xml,200,44307,67bd285c00d06273aa268a9370c837b2adae44bd532cdce720206319f7c6700f,2026-08-16T07:46:10+00:00
01_人口分布/普查_縣市/南投縣,南投縣常住人口數及人口密度,18510,行政院主計總處,每10年,01_人口分布/普查_縣市/南投縣/南投縣常住人口數及人口密度_109民國年.xml,https://ws.dgbas.gov.tw/001/Upload/461/relfile/11525/230872/mp06012a109.xml,200,22984,03c975004e409a9780857da30060c929a7a8a9214019502003b88f1508645aa3,2026-08-16T07:46:11+00:00
01_人口分布/普查_縣市/雲林縣,雲林縣常住人口數及人口密度,18511,行政院主計總處,每10年,01_人口分布/普查_縣市/雲林縣/雲林縣常住人口數及人口密度_109民國年.xml,https://ws.dgbas.gov.tw/001/Upload/461/relfile/11525/230872/mp06013a109.xml,200,34445,8ceac24462b04e7206fb56bd91e19f7fae771551f9506377b34a0a9d04cbc1df,2026-08-16T07:46:12+00:00
01_人口分布/普查_縣市/屏東縣,屏東縣常住人口數及人口密度,18513,行政院主計總處,每10年,01_人口分布/普查_縣市/屏東縣/屏東縣常住人口數及人口密度_109民國年.xml,https://ws.dgbas.gov.tw/001/Upload/461/relfile/11525/230872/mp06015a109.xml,200,55715,c7cc3210d9cde0c4159ba2bf78981773fa674c0fbd6d9bc77cefd5b8d0170cf3,2026-08-16T07:46:13+00:00
01_人口分布/普查_縣市/臺東縣,臺東縣常住人口數及人口密度,18514,行政院主計總處,每10年,01_人口分布/普查_縣市/臺東縣/臺東縣常住人口數及人口密度_109民國年.xml,https://ws.dgbas.gov.tw/001/Upload/461/relfile/11525/230872/mp06016a109.xml,200,27866,55f1a4c247c931423f2cd5a4bca8c18e25e550ffcbf072e65fb859866a4ed12c,2026-08-16T07:46:15+00:00
01_人口分布/普查_縣市/連江縣,連江縣常住人口數及人口密度,18521,行政院主計總處,每10年,01_人口分布/普查_縣市/連江縣/連江縣常住人口數及人口密度_109民國年.xml,https://ws.dgbas.gov.tw/001/Upload/461/relfile/11525/230872/mp06023a109.xml,200,8245,9fe5e4e86b5463dfc1b91f4f93d4e32fbf150147b442dd99359a3b4515039acc,2026-08-16T07:46:16+00:00
01_人口分布/普查_縣市/新北市,新北市常住人口數及人口密度,18447,行政院主計總處,每10年,01_人口分布/普查_縣市/新北市/新北市常住人口數及人口密度_109民國年.xml,https://ws.dgbas.gov.tw/001/Upload/461/relfile/11525/230872/mp06002a109.xml,200,49255,4aa8f515ec4014f4e5520315fc409255f1b2a693ea9b217b8ad9a5e3dd1353a3,2026-08-16T07:46:17+00:00
01_人口分布/普查_縣市/澎湖縣,澎湖縣常住人口數及人口密度,18516,行政院主計總處,每10年,01_人口分布/普查_縣市/澎湖縣/澎湖縣常住人口數及人口密度_109民國年.xml,https://ws.dgbas.gov.tw/001/Upload/461/relfile/11525/230872/mp06018a109.xml,200,11508,b1af322bf0aadb01221404d8fe038e3fe5d2af87f2ae6624ff3ee104a63be31b,2026-08-16T07:46:18+00:00
01_人口分布/普查_縣市/基隆市,基隆市常住人口數及人口密度,18517,行政院主計總處,每10年,01_人口分布/普查_縣市/基隆市/基隆市常住人口數及人口密度_109民國年.xml,https://ws.dgbas.gov.tw/001/Upload/461/relfile/11525/230872/mp06019a109.xml,200,13184,123c12a010fd8ebe5edc0718c849dbaf34d2c43502be8b4831b2f822cdf76ca7,2026-08-16T07:46:19+00:00
01_人口分布/普查_縣市/臺北市,臺北市常住人口數及人口密度,18450,行政院主計總處,每10年,01_人口分布/普查_縣市/臺北市/臺北市常住人口數及人口密度_109民國年.xml,https://ws.dgbas.gov.tw/001/Upload/461/relfile/11525/230872/mp06003a109.xml,200,21422,849b31de2ca764854aa316c0d77908edaaa4334f1056545081aa83c8d2a226eb,2026-08-16T07:46:20+00:00
01_人口分布/普查_縣市/嘉義市,嘉義市常住人口數及人口密度,18519,行政院主計總處,每10年,01_人口分布/普查_縣市/嘉義市/嘉義市常住人口數及人口密度_109民國年.xml,https://ws.dgbas.gov.tw/001/Upload/461/relfile/11525/230872/mp06021a109.xml,200,4984,f73cf110a104e737f9cd2fedb14f561e833fb0fe314bd3269828ed7f07f795fb,2026-08-16T07:46:21+00:00
01_人口分布/普查_縣市/金門縣,金門縣常住人口數及人口密度,18520,行政院主計總處,每10年,01_人口分布/普查_縣市/金門縣/金門縣常住人口數及人口密度_109民國年.xml,https://ws.dgbas.gov.tw/001/Upload/461/relfile/11525/230872/mp06022a109.xml,200,11517,3a9d820f3353360ca8602270a2caae8bb70782318ab67f6d64bbf06d3b77687d,2026-08-16T07:46:22+00:00
01_人口分布/普查_縣市/新竹縣,新竹縣常住人口數及人口密度,18507,行政院主計總處,每10年,01_人口分布/普查_縣市/新竹縣/新竹縣常住人口數及人口密度_109民國年.xml,https://ws.dgbas.gov.tw/001/Upload/461/relfile/11525/230872/mp06009a109.xml,200,22995,2de79a43947aac92c07d04865a084957e8ceda0482405dac92f3f91ce2c24f0f,2026-08-16T07:46:23+00:00
01_人口分布/普查_縣市/花蓮縣,花蓮縣常住人口數及人口密度,18515,行政院主計總處,每10年,01_人口分布/普查_縣市/花蓮縣/花蓮縣常住人口數及人口密度_109民國年.xml,https://ws.dgbas.gov.tw/001/Upload/461/relfile/11525/230872/mp06017a109.xml,200,22984,b81030111aa3a8fd6c02a99c36a3eed7946702d1548520658acf8a3cb3d3b726,2026-08-16T07:46:25+00:00
01_人口分布/普查_縣市/高雄市,高雄市常住人口數及人口密度,18504,行政院主計總處,每10年,01_人口分布/普查_縣市/高雄市/高雄市常住人口數及人口密度_109民國年.xml,https://ws.dgbas.gov.tw/001/Upload/461/relfile/11525/230872/mp06006a109.xml,200,63965,4794b393d4ffa7969aafaabd29e9a2d56a1aa9c8fe1e8e99019e3ad996bc06bc,2026-08-16T07:46:26+00:00
01_人口分布/普查_縣市/基隆市,基隆市住戶數、常住人口數及平均每戶人口數,24777,行政院主計總處,每10年,01_人口分布/普查_縣市/基隆市/基隆市住戶數、常住人口數及平均每戶人口數_109民國年.xml,https://ws.dgbas.gov.tw/001/Upload/461/relfile/11525/230872/mp06204a109.xml,200,14555,5348fbdcbe0c1195a0a5a3708009a7689bf97195d4e11680c14f1287b290b342,2026-08-16T07:46:27+00:00
01_人口分布/普查_縣市/新竹市,新竹市住戶數、常住人口數及平均每戶人口數,24778,行政院主計總處,每10年,01_人口分布/普查_縣市/新竹市/新竹市住戶數、常住人口數及平均每戶人口數_109民國年.xml,https://ws.dgbas.gov.tw/001/Upload/461/relfile/11525/230872/mp06205a109.xml,200,7322,5f186460154dae2a14325c5374d6cc3b90ec01796072124b70cc6ec50f6d0706,2026-08-16T07:46:28+00:00
01_人口分布/普查_縣市/基隆市,基隆市５歲以上常住人口之遷徙情形,24262,行政院主計總處,每10年,01_人口分布/普查_縣市/基隆市/基隆市５歲以上常住人口之遷徙情形_109民國年.xml,https://ws.dgbas.gov.tw/001/Upload/461/relfile/11525/230872/mp06158a109.xml,200,12915,f7a9e80391317406faa61c91a4d906ddbd19a02c99679706f22e3b5064e1bb74,2026-08-16T07:46:32+00:00
01_人口分布/普查_縣市/新竹市,新竹市５歲以上常住人口之遷徙情形,24263,行政院主計總處,每10年,01_人口分布/普查_縣市/新竹市/新竹市５歲以上常住人口之遷徙情形_109民國年.xml,https://ws.dgbas.gov.tw/001/Upload/461/relfile/11525/230872/mp06159a109.xml,200,8615,2bcc5b0cfd1ff52473e2af219f80015eb94081ee781371b6ce1aa5d94ce2a2ba,2026-08-16T07:46:33+00:00
01_人口分布/普查_縣市/花蓮縣,花蓮縣５歲以上常住人口之遷徙情形,24260,行政院主計總處,每10年,01_人口分布/普查_縣市/花蓮縣/花蓮縣５歲以上常住人口之遷徙情形_109民國年.xml,https://ws.dgbas.gov.tw/001/Upload/461/relfile/11525/230872/mp06156a109.xml,200,19327,57d8728397d07008364b983620a8122ed4667eeacb176deafeb43a30e9311ab3,2026-08-16T07:46:34+00:00
01_人口分布/普查_縣市/雲林縣,雲林縣５歲以上常住人口之遷徙情形,24256,行政院主計總處,每10年,01_人口分布/普查_縣市/雲林縣/雲林縣５歲以上常住人口之遷徙情形_109民國年.xml,https://ws.dgbas.gov.tw/001/Upload/461/relfile/11525/230872/mp06152a109.xml,200,26871,85144ad35f5d70a0421b7758124f27e5b5c116dfd5a551baa3cce1ec9d3f0aa5,2026-08-16T07:46:35+00:00
01_人口分布/普查_縣市/嘉義縣,嘉義縣５歲以上常住人口之遷徙情形,24257,行政院主計總處,每10年,01_人口分布/普查_縣市/嘉義縣/嘉義縣５歲以上常住人口之遷徙情形_109民國年.xml,https://ws.dgbas.gov.tw/001/Upload/461/relfile/11525/230872/mp06153a109.xml,200,24709,4572c78f77d5afab370482b6c19ac37a68ea9111514a1246a9b2e29d4b002723,2026-08-16T07:46:37+00:00
01_人口分布/普查_縣市/臺中市,臺中市５歲以上常住人口之遷徙情形,24247,行政院主計總處,每10年,01_人口分布/普查_縣市/臺中市/臺中市５歲以上常住人口之遷徙情形_109民國年.xml,https://ws.dgbas.gov.tw/001/Upload/461/relfile/11525/230872/mp06143a109.xml,200,36665,bdc179cbbb0f6efcfa17d2143a52e7f0396182e44d04f21fa4b95acbef0712e5,2026-08-16T07:46:38+00:00
01_人口分布/普查_縣市/宜蘭縣,宜蘭縣５歲以上常住人口之遷徙情形,24250,行政院主計總處,每10年,01_人口分布/普查_縣市/宜蘭縣/宜蘭縣５歲以上常住人口之遷徙情形_109民國年.xml,https://ws.dgbas.gov.tw/001/Upload/461/relfile/11525/230872/mp06146a109.xml,200,18289,b12db75e6fa23fadb059ba3dfe333b4b622497cee40dc6e4ef1766d71b70be4f,2026-08-16T07:46:39+00:00
01_人口分布/普查_縣市/新北市,新北市住戶數、常住人口數及平均每戶人口數,24760,行政院主計總處,每10年,01_人口分布/普查_縣市/新北市/新北市住戶數、常住人口數及平均每戶人口數_109民國年.xml,https://ws.dgbas.gov.tw/001/Upload/461/relfile/11525/230872/mp06187a109.xml,200,54375,7c68921f6723fb6d54181dfcd08dc6a5bb367596bb8af43186f05f24b47d9bc5,2026-08-16T07:46:40+00:00
01_人口分布/普查_縣市/臺南市,臺南市住戶數、常住人口數及平均每戶人口數,24763,行政院主計總處,每10年,01_人口分布/普查_縣市/臺南市/臺南市住戶數、常住人口數及平均每戶人口數_109民國年.xml,https://ws.dgbas.gov.tw/001/Upload/461/relfile/11525/230872/mp06190a109.xml,200,68794,2cc9c621e99b56890a3c5af2316dd803f9d98872d93a0e6d3c58793efe3a87e6,2026-08-16T07:46:42+00:00
01_人口分布/普查_縣市/高雄市,高雄市住戶數、常住人口數及平均每戶人口數,24764,行政院主計總處,每10年,01_人口分布/普查_縣市/高雄市/高雄市住戶數、常住人口數及平均每戶人口數_109民國年.xml,https://ws.dgbas.gov.tw/001/Upload/461/relfile/11525/230872/mp06191a109.xml,200,70633,e1a354ec93b1fc8f9e67da8db35fd4f1f9f8c0ee9636bbdeea1a74a64c42169d,2026-08-16T07:46:43+00:00
01_人口分布/普查_縣市/澎湖縣,澎湖縣住戶數、常住人口數及平均每戶人口數,24776,行政院主計總處,每10年,01_人口分布/普查_縣市/澎湖縣/澎湖縣住戶數、常住人口數及平均每戶人口數_109民國年.xml,https://ws.dgbas.gov.tw/001/Upload/461/relfile/11525/230872/mp06203a109.xml,200,12700,bd6b941d1b8208cf72d2a96066f1e90661e4301731788ce0087abfceb783f15f,2026-08-16T07:46:44+00:00
01_人口分布/普查_縣市/桃園市,桃園市住戶數、常住人口數及平均每戶人口數,24766,行政院主計總處,每10年,01_人口分布/普查_縣市/桃園市/桃園市住戶數、常住人口數及平均每戶人口數_109民國年.xml,https://ws.dgbas.gov.tw/001/Upload/461/relfile/11525/230872/mp06193a109.xml,200,25448,71f966a8c25aa03a6ad7cd10f026176e188c679efcfd4ec1d1ebc53a863b1fc4,2026-08-16T07:46:46+00:00
06_地理圖資,臺灣縣市界圖資（2010 年界線）,,g0v twgeojson,不定期,06_地理圖資/臺灣縣市界圖資（2010 年界線）.json,https://raw.githubusercontent.com/g0v/twgeojson/master/json/twCounty2010.geo.json,200,9325913,3e4d89394c7f6a9687ef6cf17bca0c40c710a93b376d40e685ec83dc015123ac,2026-08-16T07:46:46+00:00
07_普查109年_統計表/其他,表16 15歲以上民間常住人口有工作者之工作地與經常居住地概況,10906,行政院主計總處,每10年,07_普查109年_統計表/其他/表16 15歲以上民間常住人口有工作者之工作地與經常居住地概況.ods,https://ws.dgbas.gov.tw/001/Upload/463/relfile/11065/230300/s016.ods,200,22520,23318a9ec02a84479cfe7b5c5fc94949c63c032ab4d12e9e6264182a09e3ddcf,2026-08-16T07:48:07+00:00
07_普查109年_統計表/其他,表33 5歲以上常住人口5年前居住地,10906,行政院主計總處,每10年,07_普查109年_統計表/其他/表33 5歲以上常住人口5年前居住地.ods,https://ws.dgbas.gov.tw/001/Upload/463/relfile/11065/230300/s033.ods,200,62884,1c3b4c95f4a910c3974a660c7c4643d200c4642ae4e4347361b61d4560ec181c,2026-08-16T07:48:08+00:00
07_普查109年_統計表/其他,表34 5歲以上常住人口遷徙情形,10906,行政院主計總處,每10年,07_普查109年_統計表/其他/表34 5歲以上常住人口遷徙情形.ods,https://ws.dgbas.gov.tw/001/Upload/463/relfile/11065/230300/s034.ods,200,23322,3fbecb5c3c21a068309d1eb0ed30f9c8d463a412230d6dbf16af33f065c09acd,2026-08-16T07:48:09+00:00
07_普查109年_統計表/其他,表35 5歲以上常住人口跨縣市之遷徙狀況,10906,行政院主計總處,每10年,07_普查109年_統計表/其他/表35 5歲以上常住人口跨縣市之遷徙狀況.ods,https://ws.dgbas.gov.tw/001/Upload/463/relfile/11065/230300/s035.ods,200,23712,db0e146d5ec76873d91a34588e28d7cf2fdda3625ce738369c3f4934804c3efb,2026-08-16T07:48:10+00:00
07_普查109年_統計表/其他,表36 5歲以上跨縣市遷徙人口之年齡結構,10906,行政院主計總處,每10年,07_普查109年_統計表/其他/表36 5歲以上跨縣市遷徙人口之年齡結構.ods,https://ws.dgbas.gov.tw/001/Upload/463/relfile/11065/230300/s036.ods,200,35155,82ee58d73ecd0339259fc0a743918f463ee87cd74fbd29e0bbff2b37e6683538,2026-08-16T07:48:11+00:00
07_普查109年_統計表/其他,表37 15歲以上跨縣市遷徙人口之婚姻狀況,10906,行政院主計總處,每10年,07_普查109年_統計表/其他/表37 15歲以上跨縣市遷徙人口之婚姻狀況.ods,https://ws.dgbas.gov.tw/001/Upload/463/relfile/11065/230300/s037.ods,200,17176,237fc4164fea55903491aee7fae99248ee45d53e14936e5685428a3c1e4decdc,2026-08-16T07:48:12+00:00
07_普查109年_統計表/其他,表38 15歲以上跨縣市遷徙人口之教育程度,10906,行政院主計總處,每10年,07_普查109年_統計表/其他/表38 15歲以上跨縣市遷徙人口之教育程度.ods,https://ws.dgbas.gov.tw/001/Upload/463/relfile/11065/230300/s038.ods,200,17798,bd5b1dc698d3aaee374f766a706c4a139f445981bd8a13eafe13d72e269de4c3,2026-08-16T07:48:13+00:00
07_普查109年_統計表/其他,表39 15歲以上跨縣市遷徙人口之工作狀況,10906,行政院主計總處,每10年,07_普查109年_統計表/其他/表39 15歲以上跨縣市遷徙人口之工作狀況.ods,https://ws.dgbas.gov.tw/001/Upload/463/relfile/11065/230300/s039.ods,200,20564,8feb0331bf4461d26b6de393b16f5f88eeeee999c3867886a361df2afd85ee0c,2026-08-16T07:48:14+00:00
07_普查109年_統計表/其他,表40 15歲以上跨縣市遷徙人口有工作者之職業,10906,行政院主計總處,每10年,07_普查109年_統計表/其他/表40 15歲以上跨縣市遷徙人口有工作者之職業.ods,https://ws.dgbas.gov.tw/001/Upload/463/relfile/11065/230300/s040.ods,200,23978,966b433525f40f84938c81f4822efbd0778031d2a9ea0f08ebbfe531d58b8e73,2026-08-16T07:48:15+00:00
07_普查109年_統計表/其他,表66 住戶數、常住人口數及平均每戶人口數,10906,行政院主計總處,每10年,07_普查109年_統計表/其他/表66 住戶數、常住人口數及平均每戶人口數.ods,https://ws.dgbas.gov.tw/001/Upload/463/relfile/11065/230300/s066.ods,200,12245,dea050a2dee27ab5e954cf6d72b1f20b79f7bb6c54d502f323a3d73dafa35581,2026-08-16T07:48:16+00:00
07_普查109年_統計表/其他,表67 普通住戶之戶內人口數,10906,行政院主計總處,每10年,07_普查109年_統計表/其他/表67 普通住戶之戶內人口數.ods,https://ws.dgbas.gov.tw/001/Upload/463/relfile/11065/230300/s067.ods,200,37528,0044d385bdf3c63ac63e3ef7f9ea5729814172bf18a87f7023c9a8606b2488df,2026-08-16T07:48:17+00:00
07_普查109年_統計表/其他,表68 普通住戶之家戶型態,10906,行政院主計總處,每10年,07_普查109年_統計表/其他/表68 普通住戶之家戶型態.ods,https://ws.dgbas.gov.tw/001/Upload/463/relfile/11065/230300/s068.ods,200,56372,59acd6036b9bc00b55f50a98ffef1fc5d1443abd4cb14380418cdc22aa711172,2026-08-16T07:48:18+00:00
07_普查109年_統計表/其他,表83 普通住戶之住宅所有權屬,10906,行政院主計總處,每10年,07_普查109年_統計表/其他/表83 普通住戶之住宅所有權屬.ods,https://ws.dgbas.gov.tw/001/Upload/463/relfile/11065/230300/s083.ods,200,37755,99095fc52452146ae1c8eec0c04519c3bcb0d3cd82ab308b0471ed16ab25ed1c,2026-08-16T07:48:19+00:00
07_普查109年_統計表/其他,表84 普通住戶之住宅擁有情形,10906,行政院主計總處,每10年,07_普查109年_統計表/其他/表84 普通住戶之住宅擁有情形.ods,https://ws.dgbas.gov.tw/001/Upload/463/relfile/11065/230300/s084.ods,200,42480,d2c5774e822a65db6784473fe81a365666219191469bb0740d822a4cfecd6de8,2026-08-16T07:48:20+00:00
07_普查109年_統計表/其他,表87 住宅使用情形,10906,行政院主計總處,每10年,07_普查109年_統計表/其他/表87 住宅使用情形.ods,https://ws.dgbas.gov.tw/001/Upload/463/relfile/11065/230300/s087.ods,200,12964,281b2d9d6ba9dd70dd45388bc767f91d61d2ea9dc97829594b09efc3109ef400,2026-08-16T07:48:21+00:00
07_普查109年_統計表/其他,表88 住宅之竣工年份,10906,行政院主計總處,每10年,07_普查109年_統計表/其他/表88 住宅之竣工年份.ods,https://ws.dgbas.gov.tw/001/Upload/463/relfile/11065/230300/s088.ods,200,12132,e2a679af058d930435e082bf8f89fef1cf5520223dcd399de3b6f289e6b22f13,2026-08-16T07:48:22+00:00
07_普查109年_統計表/其他,表89 住宅之樓地板面積,10906,行政院主計總處,每10年,07_普查109年_統計表/其他/表89 住宅之樓地板面積.ods,https://ws.dgbas.gov.tw/001/Upload/463/relfile/11065/230300/s089.ods,200,12633,db408e93df2182ea4076bbc5ae27f6226ae50a952453ba920ddb5faf7bf233a6,2026-08-16T07:48:22+00:00
07_普查109年_統計表/其他,表90 住宅之建築類型,10906,行政院主計總處,每10年,07_普查109年_統計表/其他/表90 住宅之建築類型.ods,https://ws.dgbas.gov.tw/001/Upload/463/relfile/11065/230300/s090.ods,200,15119,05add181c0160a2fa7ddf85f1488fea3a8eea12ea8d9707162a630e8a992be81,2026-08-16T07:48:23+00:00
07_普查109年_統計表/其他,表91 空閒住宅之竣工年份,10906,行政院主計總處,每10年,07_普查109年_統計表/其他/表91 空閒住宅之竣工年份.ods,https://ws.dgbas.gov.tw/001/Upload/463/relfile/11065/230300/s091.ods,200,12403,9ebd8eb82301d482d5d924e425210bdf48514538f25de256623fb1083f922cd4,2026-08-16T07:48:24+00:00
07_普查109年_統計表/其他,表92 空閒住宅之樓地板面積,10906,行政院主計總處,每10年,07_普查109年_統計表/其他/表92 空閒住宅之樓地板面積.ods,https://ws.dgbas.gov.tw/001/Upload/463/relfile/11065/230300/s092.ods,200,12964,a72752d2dd5afd5f8e2c8a91154c30501d80a5a086d25b4a470c5b26b09d9c65,2026-08-16T07:48:25+00:00
07_普查109年_統計表/其他,表93 有人經常居住住宅之使用情形,10906,行政院主計總處,每10年,07_普查109年_統計表/其他/表93 有人經常居住住宅之使用情形.ods,https://ws.dgbas.gov.tw/001/Upload/463/relfile/11065/230300/s093.ods,200,15847,022bf05163e5e65cba040375b200df7e053a321f4ac843cb7e4afc8941d64a27,2026-08-16T07:48:26+00:00
07_普查109年_統計表/其他,表94 有人經常居住住宅之居住人數,10906,行政院主計總處,每10年,07_普查109年_統計表/其他/表94 有人經常居住住宅之居住人數.ods,https://ws.dgbas.gov.tw/001/Upload/463/relfile/11065/230300/s094.ods,200,11746,6f2edd7cfe0aa32d944329866ec77b757288ca56a4c15e930bbc869ceb137a53,2026-08-16T07:48:27+00:00
07_普查109年_統計表/其他,表95 有人經常居住住宅之平均每人居住面積,10906,行政院主計總處,每10年,07_普查109年_統計表/其他/表95 有人經常居住住宅之平均每人居住面積.ods,https://ws.dgbas.gov.tw/001/Upload/463/relfile/11065/230300/s095.ods,200,21123,29be921c76b762d20cba1f9e10083d94d0feeacd6fb14337698a6ce430dbd729,2026-08-16T07:48:28+00:00
07_普查109年_統計表/其他,表96 有人經常居住住宅之房廳數,10906,行政院主計總處,每10年,07_普查109年_統計表/其他/表96 有人經常居住住宅之房廳數.ods,https://ws.dgbas.gov.tw/001/Upload/463/relfile/11065/230300/s096.ods,200,17834,cb0d2e6598b240568fbb03aafa473e73271c65da995eaf5aaecce1354475e7d0,2026-08-16T07:48:29+00:00
07_普查109年_統計表/其他,表97 有人經常居住住宅之平均每人使用房廳數及衛浴套數,10906,行政院主計總處,每10年,07_普查109年_統計表/其他/表97 有人經常居住住宅之平均每人使用房廳數及衛浴套數.ods,https://ws.dgbas.gov.tw/001/Upload/463/relfile/11065/230300/s097.ods,200,28888,e29778c14d65fd0b4f9deb0dcf1986eb090768eab8f8d20438b3f4131227d317,2026-08-16T07:48:30+00:00
07_普查109年_統計表/其他,表12 5歲以上跨縣市遷徙人口概況－按年齡分,10906,行政院主計總處,每10年,07_普查109年_統計表/其他/表12 5歲以上跨縣市遷徙人口概況－按年齡分.xml,https://ws.dgbas.gov.tw/001/Upload/463/relfile/11065/230766/t12.docx,200,44795,ce861e5aeacc394f22017a734a03d16c9a618fabbfd359d09e2554012112ba9c,2026-08-16T07:48:31+00:00
07_普查109年_統計表/其他,表13 15歲以上跨縣市遷徙人口概況－按婚姻狀況及教育程度分,10906,行政院主計總處,每10年,07_普查109年_統計表/其他/表13 15歲以上跨縣市遷徙人口概況－按婚姻狀況及教育程度分.xml,https://ws.dgbas.gov.tw/001/Upload/463/relfile/11065/230766/t13.docx,200,40379,43ca157cd3282070884c8da883c78b8d84a0bb773b861d9af4ffebd746780cef,2026-08-16T07:48:32+00:00
07_普查109年_統計表/其他,表23 普通住戶戶長概況－按年齡、教育程度及家戶型態分,10906,行政院主計總處,每10年,07_普查109年_統計表/其他/表23 普通住戶戶長概況－按年齡、教育程度及家戶型態分.xml,https://ws.dgbas.gov.tw/001/Upload/463/relfile/11065/230766/t23.docx,200,44247,d04cd9ac5f46942d5670ea787c0727a28d07991fdfca30dcded87d2e21bd337d,2026-08-16T07:48:33+00:00
07_普查109年_統計表/其他,表24 普通住戶主要家計負責人概況－按年齡、教育程度及家戶型態分,10906,行政院主計總處,每10年,07_普查109年_統計表/其他/表24 普通住戶主要家計負責人概況－按年齡、教育程度及家戶型態分.xml,https://ws.dgbas.gov.tw/001/Upload/463/relfile/11065/230766/t24.docx,200,34663,898e54de3c5f2be6191aa14c24f0a0abac94d5faeb6620b815466d715a7beaf3,2026-08-16T07:48:34+00:00
07_普查109年_統計表/縣市/新北市,表14 新北市15歲以上民間常住人口有工作者之工作地與經常居住地概況,10906,行政院主計總處,每10年,07_普查109年_統計表/縣市/新北市/表14 新北市15歲以上民間常住人口有工作者之工作地與經常居住地概況.ods,https://ws.dgbas.gov.tw/001/Upload/463/relfile/11065/230886/s014.ods,200,24777,48248f4996a1924019f5c390393cf196fe6deed4874d20c257144fefe9da3129,2026-08-16T07:48:35+00:00
07_普查109年_統計表/縣市/新北市,表20 新北市5歲以上常住人口遷徙情形,10906,行政院主計總處,每10年,07_普查109年_統計表/縣市/新北市/表20 新北市5歲以上常住人口遷徙情形.ods,https://ws.dgbas.gov.tw/001/Upload/463/relfile/11065/230886/s020.ods,200,21995,04b63ba7327e80a68c2618b9c9a74b3ed45418c1ac3713e1775598d62d06399d,2026-08-16T07:48:36+00:00
07_普查109年_統計表/縣市/新北市,表31 新北市住戶數、常住人口數及平均每戶人口數,10906,行政院主計總處,每10年,07_普查109年_統計表/縣市/新北市/表31 新北市住戶數、常住人口數及平均每戶人口數.ods,https://ws.dgbas.gov.tw/001/Upload/463/relfile/11065/230886/s031.ods,200,12314,579f289823e0f84a55fb35fb902b39ee5eb26ce49769ad5c92f79589948edf52,2026-08-16T07:48:37+00:00
07_普查109年_統計表/縣市/新北市,表32 新北市普通住戶之戶內人口數,10906,行政院主計總處,每10年,07_普查109年_統計表/縣市/新北市/表32 新北市普通住戶之戶內人口數.ods,https://ws.dgbas.gov.tw/001/Upload/463/relfile/11065/230886/s032.ods,200,11536,051b4e8716ed9af071300f2b5241f6cf267fcfd89f7ca0cdac8e0ac5452b4569,2026-08-16T07:48:38+00:00
07_普查109年_統計表/縣市/新北市,表33 新北市普通住戶之家戶型態,10906,行政院主計總處,每10年,07_普查109年_統計表/縣市/新北市/表33 新北市普通住戶之家戶型態.ods,https://ws.dgbas.gov.tw/001/Upload/463/relfile/11065/230886/s033.ods,200,22025,2841a8942090ae28afac54190f7d859acd415b3e653b3f9e8c97d440998d6ef5,2026-08-16T07:48:38+00:00
07_普查109年_統計表/縣市/新北市,表34 新北市普通住戶之住宅所有權屬,10906,行政院主計總處,每10年,07_普查109年_統計表/縣市/新北市/表34 新北市普通住戶之住宅所有權屬.ods,https://ws.dgbas.gov.tw/001/Upload/463/relfile/11065/230886/s034.ods,200,10797,07f37ff7bdd932962406e67d60b6c92b98b1966152cb66a37bfdfcd848eaa235,2026-08-16T07:48:39+00:00
07_普查109年_統計表/縣市/新北市,表37 新北市住宅使用情形,10906,行政院主計總處,每10年,07_普查109年_統計表/縣市/新北市/表37 新北市住宅使用情形.ods,https://ws.dgbas.gov.tw/001/Upload/463/relfile/11065/230886/s037.ods,200,11302,45cae6663ef6eddc4b010f0af6c35dcaae5b59a0ddb8d1ee933ca4db4c7d2be2,2026-08-16T07:48:40+00:00
07_普查109年_統計表/縣市/新北市,表38 新北市住宅之竣工年份,10906,行政院主計總處,每10年,07_普查109年_統計表/縣市/新北市/表38 新北市住宅之竣工年份.ods,https://ws.dgbas.gov.tw/001/Upload/463/relfile/11065/230886/s038.ods,200,12007,0eb110bcd4a9e921cba9762a63c6310f1e39a2414caa48fbfd58d1e7df302a6d,2026-08-16T07:48:41+00:00
07_普查109年_統計表/縣市/新北市,表39 新北市住宅之樓地板面積,10906,行政院主計總處,每10年,07_普查109年_統計表/縣市/新北市/表39 新北市住宅之樓地板面積.ods,https://ws.dgbas.gov.tw/001/Upload/463/relfile/11065/230886/s039.ods,200,11283,548f9a6afc652a507aa370a141412725f43dc169c41f3ef7f26cebf763cfd1dd,2026-08-16T07:48:42+00:00
07_普查109年_統計表/縣市/新北市,表40 新北市住宅之建築類型,10906,行政院主計總處,每10年,07_普查109年_統計表/縣市/新北市/表40 新北市住宅之建築類型.ods,https://ws.dgbas.gov.tw/001/Upload/463/relfile/11065/230886/s040.ods,200,15564,e8c89ec74fdbbda0595148734fc225a87280a978a5d0a8ba9b96e4a2ae40427f,2026-08-16T07:48:43+00:00
07_普查109年_統計表/縣市/新北市,表41 新北市空閒住宅之竣工年份,10906,行政院主計總處,每10年,07_普查109年_統計表/縣市/新北市/表41 新北市空閒住宅之竣工年份.ods,https://ws.dgbas.gov.tw/001/Upload/463/relfile/11065/230886/s041.ods,200,12436,2dcb129b3d98866666531b16922da06b738baad61e141da953f56f0ca35bb2af,2026-08-16T07:48:43+00:00
07_普查109年_統計表/縣市/新北市,表42 新北市空閒住宅之樓地板面積,10906,行政院主計總處,每10年,07_普查109年_統計表/縣市/新北市/表42 新北市空閒住宅之樓地板面積.ods,https://ws.dgbas.gov.tw/001/Upload/463/relfile/11065/230886/s042.ods,200,11707,5e6b95ae0c5203025bfe6883dd7eb426174dd2bb0e593e74df7f7537d1e0c83a,2026-08-16T07:48:44+00:00
07_普查109年_統計表/縣市/新北市,表43 新北市有人經常居住住宅之使用情形,10906,行政院主計總處,每10年,07_普查109年_統計表/縣市/新北市/表43 新北市有人經常居住住宅之使用情形.ods,https://ws.dgbas.gov.tw/001/Upload/463/relfile/11065/230886/s043.ods,200,11057,d1f88fc0a4149dab1b2cf45e5f047919a06fc9020cdb9c6c8bb497acf03f71d9,2026-08-16T07:48:45+00:00
07_普查109年_統計表/縣市/新北市,表44 新北市有人經常居住住宅之居住人數,10906,行政院主計總處,每10年,07_普查109年_統計表/縣市/新北市/表44 新北市有人經常居住住宅之居住人數.ods,https://ws.dgbas.gov.tw/001/Upload/463/relfile/11065/230886/s044.ods,200,11340,da07d7bf89b617e47f2b3bcd118a105473558f4bd5bcc91d91ab68f269b95a3e,2026-08-16T07:48:46+00:00
07_普查109年_統計表/縣市/新北市,表45 新北市有人經常居住住宅之房廳數,10906,行政院主計總處,每10年,07_普查109年_統計表/縣市/新北市/表45 新北市有人經常居住住宅之房廳數.ods,https://ws.dgbas.gov.tw/001/Upload/463/relfile/11065/230886/s045.ods,200,14249,4c2fc57e5c8593598f4549e0a932b05cdc6a760f9595cc5aaccb67ab42f7bc03,2026-08-16T07:48:46+00:00
07_普查109年_統計表/縣市/新北市,表46 新北市有人經常居住住宅之平均每人使用房廳數及衛浴套數,10906,行政院主計總處,每10年,07_普查109年_統計表/縣市/新北市/表46 新北市有人經常居住住宅之平均每人使用房廳數及衛浴套數.ods,https://ws.dgbas.gov.tw/001/Upload/463/relfile/11065/230886/s046.ods,200,17118,641e5fabab26edfbd8ab27e3e9751d5554513bb24ec3be5394effd1ec83a9bf7,2026-08-16T07:48:47+00:00
07_普查109年_統計表/縣市/臺北市,表14 臺北市15歲以上民間常住人口有工作者之工作地與經常居住地概況,10906,行政院主計總處,每10年,07_普查109年_統計表/縣市/臺北市/表14 臺北市15歲以上民間常住人口有工作者之工作地與經常居住地概況.ods,https://ws.dgbas.gov.tw/001/Upload/463/relfile/11065/230887/s014.ods,200,15284,ebf31530ed14246bb6a39e490625b20282a22f45d7d4ee6fbda6f60fadd6bf86,2026-08-16T07:48:48+00:00
07_普查109年_統計表/縣市/臺北市,表20 臺北市5歲以上常住人口遷徙情形,10906,行政院主計總處,每10年,07_普查109年_統計表/縣市/臺北市/表20 臺北市5歲以上常住人口遷徙情形.ods,https://ws.dgbas.gov.tw/001/Upload/463/relfile/11065/230887/s020.ods,200,17038,ba4dae2bc59b4753eeb3f3cafe15d950036a3f955c5f1c0dd25cfb974eae0b2c,2026-08-16T07:48:49+00:00
07_普查109年_統計表/縣市/臺北市,表31 臺北市住戶數、常住人口數及平均每戶人口數,10906,行政院主計總處,每10年,07_普查109年_統計表/縣市/臺北市/表31 臺北市住戶數、常住人口數及平均每戶人口數.ods,https://ws.dgbas.gov.tw/001/Upload/463/relfile/11065/230887/s031.ods,200,10177,823c170db5e446dd503f590218649891cfbf34dcf6c570c4ad66c7fcb328ef4e,2026-08-16T07:48:50+00:00
07_普查109年_統計表/縣市/臺北市,表32 臺北市普通住戶之戶內人口數,10906,行政院主計總處,每10年,07_普查109年_統計表/縣市/臺北市/表32 臺北市普通住戶之戶內人口數.ods,https://ws.dgbas.gov.tw/001/Upload/463/relfile/11065/230887/s032.ods,200,9612,09294ae586aa3a6b6926ed5e418f7eca61f7e7ba0a8144fa80b1c93020c68971,2026-08-16T07:48:51+00:00
07_普查109年_統計表/縣市/臺北市,表33 臺北市普通住戶之家戶型態,10906,行政院主計總處,每10年,07_普查109年_統計表/縣市/臺北市/表33 臺北市普通住戶之家戶型態.ods,https://ws.dgbas.gov.tw/001/Upload/463/relfile/11065/230887/s033.ods,200,19284,fc59d0641bd9971dd2b5dd3faf853f5bde76cb191439d4975031f32982c9fbe4,2026-08-16T07:48:52+00:00
07_普查109年_統計表/縣市/臺北市,表34 臺北市普通住戶之住宅所有權屬,10906,行政院主計總處,每10年,07_普查109年_統計表/縣市/臺北市/表34 臺北市普通住戶之住宅所有權屬.ods,https://ws.dgbas.gov.tw/001/Upload/463/relfile/11065/230887/s034.ods,200,9251,946fe75b50a04f599ea4f84b8c9f69ad7c9abaf598b75cddc48643fd90130c57,2026-08-16T07:48:53+00:00
07_普查109年_統計表/縣市/臺北市,表37 臺北市住宅使用情形,10906,行政院主計總處,每10年,07_普查109年_統計表/縣市/臺北市/表37 臺北市住宅使用情形.ods,https://ws.dgbas.gov.tw/001/Upload/463/relfile/11065/230887/s037.ods,200,9686,ead9998fb0e236a5f14742c1746f0a8a1615d95d691393a46cd5e13f6bacf43c,2026-08-16T07:48:53+00:00
07_普查109年_統計表/縣市/臺北市,表38 臺北市住宅之竣工年份,10906,行政院主計總處,每10年,07_普查109年_統計表/縣市/臺北市/表38 臺北市住宅之竣工年份.ods,https://ws.dgbas.gov.tw/001/Upload/463/relfile/11065/230887/s038.ods,200,10093,1107846c9da5d949ab498943263ca5bc33fa4cdff07aac4eb4f69d8193e36613,2026-08-16T07:48:54+00:00
07_普查109年_統計表/縣市/臺北市,表39 臺北市住宅之樓地板面積,10906,行政院主計總處,每10年,07_普查109年_統計表/縣市/臺北市/表39 臺北市住宅之樓地板面積.ods,https://ws.dgbas.gov.tw/001/Upload/463/relfile/11065/230887/s039.ods,200,9517,8a192c2b72365ccfaac37836deedc171302c6ca5e1902ec7fb5effcba781b357,2026-08-16T07:48:55+00:00
07_普查109年_統計表/縣市/臺北市,表40 臺北市住宅之建築類型,10906,行政院主計總處,每10年,07_普查109年_統計表/縣市/臺北市/表40 臺北市住宅之建築類型.ods,https://ws.dgbas.gov.tw/001/Upload/463/relfile/11065/230887/s040.ods,200,12426,b012a6e227ac9d9e4dedf5e16b94e3b3fb42aefc0129b9f33a7db513952747a0,2026-08-16T07:48:56+00:00
07_普查109年_統計表/縣市/臺北市,表41 臺北市空閒住宅之竣工年份,10906,行政院主計總處,每10年,07_普查109年_統計表/縣市/臺北市/表41 臺北市空閒住宅之竣工年份.ods,https://ws.dgbas.gov.tw/001/Upload/463/relfile/11065/230887/s041.ods,200,10572,09715aa9d6c4e572f6acd08b34e62e45ad22c24f1d33b5e6f76857054afbfab0,2026-08-16T07:48:56+00:00
07_普查109年_統計表/縣市/臺北市,表42 臺北市空閒住宅之樓地板面積,10906,行政院主計總處,每10年,07_普查109年_統計表/縣市/臺北市/表42 臺北市空閒住宅之樓地板面積.ods,https://ws.dgbas.gov.tw/001/Upload/463/relfile/11065/230887/s042.ods,200,9966,aa68e1a95fa1c3a66691b92af3483d37c036064fdbd4cdadbf0dfbc75bdb9e65,2026-08-16T07:48:57+00:00
07_普查109年_統計表/縣市/臺北市,表43 臺北市有人經常居住住宅之使用情形,10906,行政院主計總處,每10年,07_普查109年_統計表/縣市/臺北市/表43 臺北市有人經常居住住宅之使用情形.ods,https://ws.dgbas.gov.tw/001/Upload/463/relfile/11065/230887/s043.ods,200,9543,d331be762b2bb6ecdd120e6dca69ffc1c7bc2574d2ff9fa89599a563b9c05056,2026-08-16T07:48:58+00:00
07_普查109年_統計表/縣市/臺北市,表44 臺北市有人經常居住住宅之居住人數,10906,行政院主計總處,每10年,07_普查109年_統計表/縣市/臺北市/表44 臺北市有人經常居住住宅之居住人數.ods,https://ws.dgbas.gov.tw/001/Upload/463/relfile/11065/230887/s044.ods,200,9509,a038107cae65d50ccba199df880e798e3d75639bc8b45b3d0767211f604bd5bf,2026-08-16T07:48:59+00:00
07_普查109年_統計表/縣市/臺北市,表45 臺北市有人經常居住住宅之房廳數,10906,行政院主計總處,每10年,07_普查109年_統計表/縣市/臺北市/表45 臺北市有人經常居住住宅之房廳數.ods,https://ws.dgbas.gov.tw/001/Upload/463/relfile/11065/230887/s045.ods,200,12426,fe1a969a8724837a7728c93289d01dadb5a94da58526697b01cbffb6cf8581aa,2026-08-16T07:49:00+00:00
07_普查109年_統計表/縣市/臺北市,表46 臺北市有人經常居住住宅之平均每人使用房廳數及衛浴套數,10906,行政院主計總處,每10年,07_普查109年_統計表/縣市/臺北市/表46 臺北市有人經常居住住宅之平均每人使用房廳數及衛浴套數.ods,https://ws.dgbas.gov.tw/001/Upload/463/relfile/11065/230887/s046.ods,200,14844,2362648e4039deb12a919e573e7ece4e39fb6891b9132c9bbd8eca7881a13126,2026-08-16T07:49:00+00:00
07_普查109年_統計表/縣市/桃園市,表14 桃園市15歲以上民間常住人口有工作者之工作地與經常居住地概況,10906,行政院主計總處,每10年,07_普查109年_統計表/縣市/桃園市/表14 桃園市15歲以上民間常住人口有工作者之工作地與經常居住地概況.ods,https://ws.dgbas.gov.tw/001/Upload/463/relfile/11065/230883/s014.ods,200,15570,f5f6f6db606d7582cd58149a7a1400dfc0c85efde8970fb3e30a5fe40c787bdf,2026-08-16T07:49:01+00:00
07_普查109年_統計表/縣市/桃園市,表20 桃園市5歲以上常住人口遷徙情形,10906,行政院主計總處,每10年,07_普查109年_統計表/縣市/桃園市/表20 桃園市5歲以上常住人口遷徙情形.ods,https://ws.dgbas.gov.tw/001/Upload/463/relfile/11065/230883/s020.ods,200,17410,6f9b8ea76926fada67a14248c3aeb171f34d0b34e5a56ee397cc8f812f17dddb,2026-08-16T07:49:02+00:00
07_普查109年_統計表/縣市/桃園市,表31 桃園市住戶數、常住人口數及平均每戶人口數,10906,行政院主計總處,每10年,07_普查109年_統計表/縣市/桃園市/表31 桃園市住戶數、常住人口數及平均每戶人口數.ods,https://ws.dgbas.gov.tw/001/Upload/463/relfile/11065/230883/s031.ods,200,10334,94f8694864cd3080fa12593c67f9d7d09afb43479d432a1648de5ee61fa6a65f,2026-08-16T07:49:03+00:00
07_普查109年_統計表/縣市/桃園市,表32 桃園市普通住戶之戶內人口數,10906,行政院主計總處,每10年,07_普查109年_統計表/縣市/桃園市/表32 桃園市普通住戶之戶內人口數.ods,https://ws.dgbas.gov.tw/001/Upload/463/relfile/11065/230883/s032.ods,200,9755,7a862a327cb7f373084149143cc4d162c7c9517c9f3d13fd76e779736a30cf2d,2026-08-16T07:49:04+00:00
07_普查109年_統計表/縣市/桃園市,表33 桃園市普通住戶之家戶型態,10906,行政院主計總處,每10年,07_普查109年_統計表/縣市/桃園市/表33 桃園市普通住戶之家戶型態.ods,https://ws.dgbas.gov.tw/001/Upload/463/relfile/11065/230883/s033.ods,200,19484,99af93fb3e08986aed18a1622b792d5982eaaef42f9dd26af5d1eb5f196b91c8,2026-08-16T07:49:05+00:00
07_普查109年_統計表/縣市/桃園市,表34 桃園市普通住戶之住宅所有權屬,10906,行政院主計總處,每10年,07_普查109年_統計表/縣市/桃園市/表34 桃園市普通住戶之住宅所有權屬.ods,https://ws.dgbas.gov.tw/001/Upload/463/relfile/11065/230883/s034.ods,200,9354,38d0f4f1f2bce093c92870f892f1d64f84c1657579b11759509af90d1f3f50cb,2026-08-16T07:49:05+00:00
07_普查109年_統計表/縣市/桃園市,表37 桃園市住宅使用情形,10906,行政院主計總處,每10年,07_普查109年_統計表/縣市/桃園市/表37 桃園市住宅使用情形.ods,https://ws.dgbas.gov.tw/001/Upload/463/relfile/11065/230883/s037.ods,200,9794,897831d18cc4a8042b620a5cd819fec5f55069d0fb0746986f1114b54d17f65e,2026-08-16T07:49:06+00:00
07_普查109年_統計表/縣市/桃園市,表38 桃園市住宅之竣工年份,10906,行政院主計總處,每10年,07_普查109年_統計表/縣市/桃園市/表38 桃園市住宅之竣工年份.ods,https://ws.dgbas.gov.tw/001/Upload/463/relfile/11065/230883/s038.ods,200,10215,e23a11dc9ff8b9977e9f564bf5cbb553eca3662307124b317651cda44bae03ad,2026-08-16T07:49:07+00:00
07_普查109年_統計表/縣市/桃園市,表39 桃園市住宅之樓地板面積,10906,行政院主計總處,每10年,07_普查109年_統計表/縣市/桃園市/表39 桃園市住宅之樓地板面積.ods,https://ws.dgbas.gov.tw/001/Upload/463/relfile/11065/230883/s039.ods,200,9639,117034fff32e98b4f6a4161b7be1b668202530914a1787ce26bb7ac406e0a73f,2026-08-16T07:49:08+00:00
07_普查109年_統計表/縣市/桃園市,表40 桃園市住宅之建築類型,10906,行政院主計總處,每10年,07_普查109年_統計表/縣市/桃園市/表40 桃園市住宅之建築類型.ods,https://ws.dgbas.gov.tw/001/Upload/463/relfile/11065/230883/s040.ods,200,12734,124a01fc44647cf49c8c20f5598e6ec1ddc1a5304d399cd27735ad992fc73fc9,2026-08-16T07:49:08+00:00
07_普查109年_統計表/縣市/桃園市,表41 桃園市空閒住宅之竣工年份,10906,行政院主計總處,每10年,07_普查109年_統計表/縣市/桃園市/表41 桃園市空閒住宅之竣工年份.ods,https://ws.dgbas.gov.tw/001/Upload/463/relfile/11065/230883/s041.ods,200,10746,4045e04840c1f4b472588e9090f70abe9444a6975732f510ae74dfb18fc0147a,2026-08-16T07:49:09+00:00
07_普查109年_統計表/縣市/桃園市,表42 桃園市空閒住宅之樓地板面積,10906,行政院主計總處,每10年,07_普查109年_統計表/縣市/桃園市/表42 桃園市空閒住宅之樓地板面積.ods,https://ws.dgbas.gov.tw/001/Upload/463/relfile/11065/230883/s042.ods,200,10050,10f7fcd1132019c91b5c172e81ae07d8f32f79914ce37e24c599ab814ec71ba8,2026-08-16T07:49:10+00:00
07_普查109年_統計表/縣市/桃園市,表43 桃園市有人經常居住住宅之使用情形,10906,行政院主計總處,每10年,07_普查109年_統計表/縣市/桃園市/表43 桃園市有人經常居住住宅之使用情形.ods,https://ws.dgbas.gov.tw/001/Upload/463/relfile/11065/230883/s043.ods,200,9718,3a1f4675483d4a1d1a2a9e44ca6d394e9b11b791f9161f4d0b4a618d9470d645,2026-08-16T07:49:11+00:00
07_普查109年_統計表/縣市/桃園市,表44 桃園市有人經常居住住宅之居住人數,10906,行政院主計總處,每10年,07_普查109年_統計表/縣市/桃園市/表44 桃園市有人經常居住住宅之居住人數.ods,https://ws.dgbas.gov.tw/001/Upload/463/relfile/11065/230883/s044.ods,200,9618,0b73d4b825da44fd9db9685ebef1dc4ec3e519f58deab9e620e780ee94b275ee,2026-08-16T07:49:11+00:00
07_普查109年_統計表/縣市/桃園市,表45 桃園市有人經常居住住宅之房廳數,10906,行政院主計總處,每10年,07_普查109年_統計表/縣市/桃園市/表45 桃園市有人經常居住住宅之房廳數.ods,https://ws.dgbas.gov.tw/001/Upload/463/relfile/11065/230883/s045.ods,200,12615,5160eb51397225fa6ac9799094923fd2d240f9b0cbb575cc2c24e9f6e4980fe6,2026-08-16T07:49:12+00:00
07_普查109年_統計表/縣市/桃園市,表46 桃園市有人經常居住住宅之平均每人使用房廳數及衛浴套數,10906,行政院主計總處,每10年,07_普查109年_統計表/縣市/桃園市/表46 桃園市有人經常居住住宅之平均每人使用房廳數及衛浴套數.ods,https://ws.dgbas.gov.tw/001/Upload/463/relfile/11065/230883/s046.ods,200,14943,4cdd5adc0f8e90da5547988a4ff78f5b6d6278f4bb58a2c72c539ba62d480e2f,2026-08-16T07:49:13+00:00
07_普查109年_統計表/縣市/基隆市,表14 基隆市15歲以上民間常住人口有工作者之工作地與經常居住地概況,10906,行政院主計總處,每10年,07_普查109年_統計表/縣市/基隆市/表14 基隆市15歲以上民間常住人口有工作者之工作地與經常居住地概況.ods,https://ws.dgbas.gov.tw/001/Upload/463/relfile/11065/230888/s014.ods,200,11850,4122165c22823b17969ad07224cf11b7f46fc2494b9ac17c7e137a408b8ef8c0,2026-08-16T07:49:14+00:00
07_普查109年_統計表/縣市/基隆市,表20 基隆市5歲以上常住人口遷徙情形,10906,行政院主計總處,每10年,07_普查109年_統計表/縣市/基隆市/表20 基隆市5歲以上常住人口遷徙情形.ods,https://ws.dgbas.gov.tw/001/Upload/463/relfile/11065/230888/s020.ods,200,10871,29a4a75fd7aa1a7bb7fb37b797084fb949222fa25ffd53b00ba06fbb933e99f8,2026-08-16T07:49:15+00:00
07_普查109年_統計表/縣市/基隆市,表31 基隆市住戶數、常住人口數及平均每戶人口數,10906,行政院主計總處,每10年,07_普查109年_統計表/縣市/基隆市/表31 基隆市住戶數、常住人口數及平均每戶人口數.ods,https://ws.dgbas.gov.tw/001/Upload/463/relfile/11065/230888/s031.ods,200,9401,971d28b6a07762a4851762d316b88044a55d06fb73f1ce136cf1af6ddd93fdd5,2026-08-16T07:49:15+00:00
07_普查109年_統計表/縣市/基隆市,表32 基隆市普通住戶之戶內人口數,10906,行政院主計總處,每10年,07_普查109年_統計表/縣市/基隆市/表32 基隆市普通住戶之戶內人口數.ods,https://ws.dgbas.gov.tw/001/Upload/463/relfile/11065/230888/s032.ods,200,9013,86907c0c5a38d01f6cd10616def2127127280666f6e7ba458a2956a5fa0d6bd2,2026-08-16T07:49:16+00:00
07_普查109年_統計表/縣市/基隆市,表33 基隆市普通住戶之家戶型態,10906,行政院主計總處,每10年,07_普查109年_統計表/縣市/基隆市/表33 基隆市普通住戶之家戶型態.ods,https://ws.dgbas.gov.tw/001/Upload/463/relfile/11065/230888/s033.ods,200,15613,ffb33dcc41f60114372697fda332428d9c171bfddff2d25594cb78ed13683528,2026-08-16T07:49:17+00:00
07_普查109年_統計表/縣市/基隆市,表34 基隆市普通住戶之住宅所有權屬,10906,行政院主計總處,每10年,07_普查109年_統計表/縣市/基隆市/表34 基隆市普通住戶之住宅所有權屬.ods,https://ws.dgbas.gov.tw/001/Upload/463/relfile/11065/230888/s034.ods,200,8725,361d67281113aa5d155e116b806f5ad8b14299ee4a5ea98e808f7d552ce69cab,2026-08-16T07:49:18+00:00
07_普查109年_統計表/縣市/基隆市,表37 基隆市住宅使用情形,10906,行政院主計總處,每10年,07_普查109年_統計表/縣市/基隆市/表37 基隆市住宅使用情形.ods,https://ws.dgbas.gov.tw/001/Upload/463/relfile/11065/230888/s037.ods,200,9233,0d11bc4a62f2b2586295931c041aec77f2e9a33017d68465523b14235fe28e77,2026-08-16T07:49:19+00:00
07_普查109年_統計表/縣市/基隆市,表38 基隆市住宅之竣工年份,10906,行政院主計總處,每10年,07_普查109年_統計表/縣市/基隆市/表38 基隆市住宅之竣工年份.ods,https://ws.dgbas.gov.tw/001/Upload/463/relfile/11065/230888/s038.ods,200,9378,fef6cbf955731faf8e9e85fc50d4c8bc1a2aa93d1a93844b9454c7c7cc160dac,2026-08-16T07:49:20+00:00
07_普查109年_統計表/縣市/基隆市,表39 基隆市住宅之樓地板面積,10906,行政院主計總處,每10年,07_普查109年_統計表/縣市/基隆市/表39 基隆市住宅之樓地板面積.ods,https://ws.dgbas.gov.tw/001/Upload/463/relfile/11065/230888/s039.ods,200,8952,c43823dce20add039d993e529a0a311da0e307d5bbcc13b8155136171b6799a7,2026-08-16T07:49:20+00:00
07_普查109年_統計表/縣市/基隆市,表40 基隆市住宅之建築類型,10906,行政院主計總處,每10年,07_普查109年_統計表/縣市/基隆市/表40 基隆市住宅之建築類型.ods,https://ws.dgbas.gov.tw/001/Upload/463/relfile/11065/230888/s040.ods,200,10900,13271214da6f172da79ac1bc5526ae45b8fc63a1467b16b50e3090a732c3eeaf,2026-08-16T07:49:21+00:00
07_普查109年_統計表/縣市/基隆市,表41 基隆市空閒住宅之竣工年份,10906,行政院主計總處,每10年,07_普查109年_統計表/縣市/基隆市/表41 基隆市空閒住宅之竣工年份.ods,https://ws.dgbas.gov.tw/001/Upload/463/relfile/11065/230888/s041.ods,200,9859,750f4ab1d5e6b9d1efe085ec2eb00392a73cd595b50deb4c39e60e512d0d3e4a,2026-08-16T07:49:22+00:00
07_普查109年_統計表/縣市/基隆市,表42 基隆市空閒住宅之樓地板面積,10906,行政院主計總處,每10年,07_普查109年_統計表/縣市/基隆市/表42 基隆市空閒住宅之樓地板面積.ods,https://ws.dgbas.gov.tw/001/Upload/463/relfile/11065/230888/s042.ods,200,9486,f10b0b547775c8a4c544e843b7f11e383b6133f2f61e6ec9d835130dac6b9a7b,2026-08-16T07:49:23+00:00
07_普查109年_統計表/縣市/基隆市,表43 基隆市有人經常居住住宅之使用情形,10906,行政院主計總處,每10年,07_普查109年_統計表/縣市/基隆市/表43 基隆市有人經常居住住宅之使用情形.ods,https://ws.dgbas.gov.tw/001/Upload/463/relfile/11065/230888/s043.ods,200,9144,160c8721ef389d48afb4c494d7395b2daad457bc1ac4b0d175d7bc2c2ab114d9,2026-08-16T07:49:23+00:00
07_普查109年_統計表/縣市/基隆市,表44 基隆市有人經常居住住宅之居住人數,10906,行政院主計總處,每10年,07_普查109年_統計表/縣市/基隆市/表44 基隆市有人經常居住住宅之居住人數.ods,https://ws.dgbas.gov.tw/001/Upload/463/relfile/11065/230888/s044.ods,200,8749,2d08d68284ced28cea7eacc683cd5a0f813bb5e665d29493a16914bd1a333efe,2026-08-16T07:49:24+00:00
07_普查109年_統計表/縣市/基隆市,表45 基隆市有人經常居住住宅之房廳數,10906,行政院主計總處,每10年,07_普查109年_統計表/縣市/基隆市/表45 基隆市有人經常居住住宅之房廳數.ods,https://ws.dgbas.gov.tw/001/Upload/463/relfile/11065/230888/s045.ods,200,10342,0fbad6585444cfc3ab464f6616eaf7586e279515b4b29a4f9b4ccce7fd67564c,2026-08-16T07:49:25+00:00
07_普查109年_統計表/縣市/基隆市,表46 基隆市有人經常居住住宅之平均每人使用房廳數及衛浴套數,10906,行政院主計總處,每10年,07_普查109年_統計表/縣市/基隆市/表46 基隆市有人經常居住住宅之平均每人使用房廳數及衛浴套數.ods,https://ws.dgbas.gov.tw/001/Upload/463/relfile/11065/230888/s046.ods,200,12075,35dac50f47d4d7eed6dfe9ec7de1ac9b98c182a4bbc396728974d40ab8d22e50,2026-08-16T07:49:26+00:00
07_普查109年_統計表/縣市/新竹市,表14 新竹市15歲以上民間常住人口有工作者之工作地與經常居住地概況,10906,行政院主計總處,每10年,07_普查109年_統計表/縣市/新竹市/表14 新竹市15歲以上民間常住人口有工作者之工作地與經常居住地概況.ods,https://ws.dgbas.gov.tw/001/Upload/463/relfile/11065/230889/s014.ods,200,11272,c344b958fb151f0a7b6a9805608a8d98e5707893a5e4b714285bd5f9ba64625c,2026-08-16T07:49:27+00:00
07_普查109年_統計表/縣市/新竹市,表20 新竹市5歲以上常住人口遷徙情形,10906,行政院主計總處,每10年,07_普查109年_統計表/縣市/新竹市/表20 新竹市5歲以上常住人口遷徙情形.ods,https://ws.dgbas.gov.tw/001/Upload/463/relfile/11065/230889/s020.ods,200,9756,c25f24b5d1b0301d20b1dc77bb50fd9d32cca9a239feced64701f75ddd884102,2026-08-16T07:49:27+00:00
07_普查109年_統計表/縣市/新竹市,表31 新竹市住戶數、常住人口數及平均每戶人口數,10906,行政院主計總處,每10年,07_普查109年_統計表/縣市/新竹市/表31 新竹市住戶數、常住人口數及平均每戶人口數.ods,https://ws.dgbas.gov.tw/001/Upload/463/relfile/11065/230889/s031.ods,200,8936,277a13a924886112b1740c10d5ca88c705ceb4a747b4e6530d477dd507c494ac,2026-08-16T07:49:28+00:00
07_普查109年_統計表/縣市/新竹市,表32 新竹市普通住戶之戶內人口數,10906,行政院主計總處,每10年,07_普查109年_統計表/縣市/新竹市/表32 新竹市普通住戶之戶內人口數.ods,https://ws.dgbas.gov.tw/001/Upload/463/relfile/11065/230889/s032.ods,200,8568,8c48a9d57c025742ccd7c27db2054b31c6956e9528e55829ccfffe8acf56d227,2026-08-16T07:49:29+00:00
07_普查109年_統計表/縣市/新竹市,表33 新竹市普通住戶之家戶型態,10906,行政院主計總處,每10年,07_普查109年_統計表/縣市/新竹市/表33 新竹市普通住戶之家戶型態.ods,https://ws.dgbas.gov.tw/001/Upload/463/relfile/11065/230889/s033.ods,200,15073,3a990ecd8d38225642afe81c48a7e63e3ccfaf9cb8a35219e7a42ae9b69189a4,2026-08-16T07:49:30+00:00
07_普查109年_統計表/縣市/新竹市,表34 新竹市普通住戶之住宅所有權屬,10906,行政院主計總處,每10年,07_普查109年_統計表/縣市/新竹市/表34 新竹市普通住戶之住宅所有權屬.ods,https://ws.dgbas.gov.tw/001/Upload/463/relfile/11065/230889/s034.ods,200,8345,a6b3f40ae9a181ccf5e3eed7870b1c516109ebfc47077fd6d86eb2d26855c4e3,2026-08-16T07:49:30+00:00
07_普查109年_統計表/縣市/新竹市,表37 新竹市住宅使用情形,10906,行政院主計總處,每10年,07_普查109年_統計表/縣市/新竹市/表37 新竹市住宅使用情形.ods,https://ws.dgbas.gov.tw/001/Upload/463/relfile/11065/230889/s037.ods,200,8719,03916612ced173302ea076878dfb0ac8fa387267dd691ff0cc35a647c6800b68,2026-08-16T07:49:31+00:00
07_普查109年_統計表/縣市/新竹市,表38 新竹市住宅之竣工年份,10906,行政院主計總處,每10年,07_普查109年_統計表/縣市/新竹市/表38 新竹市住宅之竣工年份.ods,https://ws.dgbas.gov.tw/001/Upload/463/relfile/11065/230889/s038.ods,200,8983,c4a889b48353fef9cdba983b504f6e906f39597d727469bf76dccc47a4aa268c,2026-08-16T07:49:32+00:00
07_普查109年_統計表/縣市/新竹市,表39 新竹市住宅之樓地板面積,10906,行政院主計總處,每10年,07_普查109年_統計表/縣市/新竹市/表39 新竹市住宅之樓地板面積.ods,https://ws.dgbas.gov.tw/001/Upload/463/relfile/11065/230889/s039.ods,200,8443,10a21528b3abe1ea08296f1f98895e9548ec6cc79c82b23dba8e652b4acdc090,2026-08-16T07:49:33+00:00
07_普查109年_統計表/縣市/新竹市,表40 新竹市住宅之建築類型,10906,行政院主計總處,每10年,07_普查109年_統計表/縣市/新竹市/表40 新竹市住宅之建築類型.ods,https://ws.dgbas.gov.tw/001/Upload/463/relfile/11065/230889/s040.ods,200,10595,f3710962282ba082f61768c2aedfb0d39551abe6aa279845f9362bd35f59356b,2026-08-16T07:49:34+00:00
07_普查109年_統計表/縣市/新竹市,表41 新竹市空閒住宅之竣工年份,10906,行政院主計總處,每10年,07_普查109年_統計表/縣市/新竹市/表41 新竹市空閒住宅之竣工年份.ods,https://ws.dgbas.gov.tw/001/Upload/463/relfile/11065/230889/s041.ods,200,9436,2e53acaaba26ddf298abdb87d2224d9466aa0f71928d353b337f1a43dd9e069e,2026-08-16T07:49:34+00:00
07_普查109年_統計表/縣市/新竹市,表42 新竹市空閒住宅之樓地板面積,10906,行政院主計總處,每10年,07_普查109年_統計表/縣市/新竹市/表42 新竹市空閒住宅之樓地板面積.ods,https://ws.dgbas.gov.tw/001/Upload/463/relfile/11065/230889/s042.ods,200,8902,6f21f2fa0535f1a7a3fd631d61a8ca686e5f601e6a7517c8567996958822e545,2026-08-16T07:49:35+00:00
07_普查109年_統計表/縣市/新竹市,表43 新竹市有人經常居住住宅之使用情形,10906,行政院主計總處,每10年,07_普查109年_統計表/縣市/新竹市/表43 新竹市有人經常居住住宅之使用情形.ods,https://ws.dgbas.gov.tw/001/Upload/463/relfile/11065/230889/s043.ods,200,8726,3f5a74c974d5f9eae264886642bd25c6a3e5e814844da8fb193031eac1678a79,2026-08-16T07:49:36+00:00
07_普查109年_統計表/縣市/新竹市,表44 新竹市有人經常居住住宅之居住人數,10906,行政院主計總處,每10年,07_普查109年_統計表/縣市/新竹市/表44 新竹市有人經常居住住宅之居住人數.ods,https://ws.dgbas.gov.tw/001/Upload/463/relfile/11065/230889/s044.ods,200,8275,d9bdf48d8b914d856eeb25a808db9c6f39dcf07ea23534a7e91c299ee1b8dcb2,2026-08-16T07:49:37+00:00
07_普查109年_統計表/縣市/新竹市,表45 新竹市有人經常居住住宅之房廳數,10906,行政院主計總處,每10年,07_普查109年_統計表/縣市/新竹市/表45 新竹市有人經常居住住宅之房廳數.ods,https://ws.dgbas.gov.tw/001/Upload/463/relfile/11065/230889/s045.ods,200,9998,2c7860e4b7996cb60e0696f4f7713efe73e213dbcbcc98533640fb0ecd64b855,2026-08-16T07:49:37+00:00
07_普查109年_統計表/縣市/新竹市,表46 新竹市有人經常居住住宅之平均每人使用房廳數及衛浴套數,10906,行政院主計總處,每10年,07_普查109年_統計表/縣市/新竹市/表46 新竹市有人經常居住住宅之平均每人使用房廳數及衛浴套數.ods,https://ws.dgbas.gov.tw/001/Upload/463/relfile/11065/230889/s046.ods,200,11654,d2736c04c934370b0851f72eedd87e9d0941f1132a58f41af83ef0d618adde96,2026-08-16T07:49:38+00:00
07_普查109年_統計表/縣市/宜蘭縣,表14 宜蘭縣15歲以上民間常住人口有工作者之工作地與經常居住地概況,10906,行政院主計總處,每10年,07_普查109年_統計表/縣市/宜蘭縣/表14 宜蘭縣15歲以上民間常住人口有工作者之工作地與經常居住地概況.ods,https://ws.dgbas.gov.tw/001/Upload/463/relfile/11065/230890/s014.ods,200,15127,a8d2797e1469bb12b9523363f08ad7caf763ea8885c907da2764999b2c09040e,2026-08-16T07:49:39+00:00
07_普查109年_統計表/縣市/宜蘭縣,表20 宜蘭縣5歲以上常住人口遷徙情形,10906,行政院主計總處,每10年,07_普查109年_統計表/縣市/宜蘭縣/表20 宜蘭縣5歲以上常住人口遷徙情形.ods,https://ws.dgbas.gov.tw/001/Upload/463/relfile/11065/230890/s020.ods,200,16908,d9504aaeb1c9d588e270af840d1c3e82b6e6fbfdd1fe46da9b58c22dc20f7541,2026-08-16T07:49:40+00:00
07_普查109年_統計表/縣市/宜蘭縣,表31 宜蘭縣住戶數、常住人口數及平均每戶人口數,10906,行政院主計總處,每10年,07_普查109年_統計表/縣市/宜蘭縣/表31 宜蘭縣住戶數、常住人口數及平均每戶人口數.ods,https://ws.dgbas.gov.tw/001/Upload/463/relfile/11065/230890/s031.ods,200,10151,f552281a79faad6bc9caa96d045bf6b736877b5bb9bafda82f6785741de5a396,2026-08-16T07:49:41+00:00
07_普查109年_統計表/縣市/宜蘭縣,表32 宜蘭縣普通住戶之戶內人口數,10906,行政院主計總處,每10年,07_普查109年_統計表/縣市/宜蘭縣/表32 宜蘭縣普通住戶之戶內人口數.ods,https://ws.dgbas.gov.tw/001/Upload/463/relfile/11065/230890/s032.ods,200,9614,9f3eb4c87b07b8a339a1b091fafc259ff1bdefac18736bd8449e77db0094217c,2026-08-16T07:49:42+00:00
07_普查109年_統計表/縣市/宜蘭縣,表33 宜蘭縣普通住戶之家戶型態,10906,行政院主計總處,每10年,07_普查109年_統計表/縣市/宜蘭縣/表33 宜蘭縣普通住戶之家戶型態.ods,https://ws.dgbas.gov.tw/001/Upload/463/relfile/11065/230890/s033.ods,200,18825,a085d37c00609233ca9f0379b53dfe2d268a2503bd19c15004333c0e36880414,2026-08-16T07:49:43+00:00
07_普查109年_統計表/縣市/宜蘭縣,表34 宜蘭縣普通住戶之住宅所有權屬,10906,行政院主計總處,每10年,07_普查109年_統計表/縣市/宜蘭縣/表34 宜蘭縣普通住戶之住宅所有權屬.ods,https://ws.dgbas.gov.tw/001/Upload/463/relfile/11065/230890/s034.ods,200,9262,5a401f21082e170eeb9b66d51aa99d06efc70b6c19cc4a4687425c4bf04f34f6,2026-08-16T07:49:44+00:00
07_普查109年_統計表/縣市/宜蘭縣,表37 宜蘭縣住宅使用情形,10906,行政院主計總處,每10年,07_普查109年_統計表/縣市/宜蘭縣/表37 宜蘭縣住宅使用情形.ods,https://ws.dgbas.gov.tw/001/Upload/463/relfile/11065/230890/s037.ods,200,9634,fc3224a7e2eaa2bc0d4c9aece1d6fc7d747ac95e8ad11c8ada2d23da1ba8f414,2026-08-16T07:49:44+00:00
07_普查109年_統計表/縣市/宜蘭縣,表38 宜蘭縣住宅之竣工年份,10906,行政院主計總處,每10年,07_普查109年_統計表/縣市/宜蘭縣/表38 宜蘭縣住宅之竣工年份.ods,https://ws.dgbas.gov.tw/001/Upload/463/relfile/11065/230890/s038.ods,200,10001,ae1d7351c22d42799e88ab8478c78a66ce6b41721d6c8771677c4362d8a5a0b0,2026-08-16T07:49:45+00:00
07_普查109年_統計表/縣市/宜蘭縣,表39 宜蘭縣住宅之樓地板面積,10906,行政院主計總處,每10年,07_普查109年_統計表/縣市/宜蘭縣/表39 宜蘭縣住宅之樓地板面積.ods,https://ws.dgbas.gov.tw/001/Upload/463/relfile/11065/230890/s039.ods,200,9539,5f834f38d9fa34fa1a098b25f604536eb7ededa45393ec3439052e6bf793a619,2026-08-16T07:49:46+00:00
07_普查109年_統計表/縣市/宜蘭縣,表40 宜蘭縣住宅之建築類型,10906,行政院主計總處,每10年,07_普查109年_統計表/縣市/宜蘭縣/表40 宜蘭縣住宅之建築類型.ods,https://ws.dgbas.gov.tw/001/Upload/463/relfile/11065/230890/s040.ods,200,12375,0e3e559df5e3713beb0231661f45911db5e076843f737a4d96910a75059b8c24,2026-08-16T07:49:47+00:00
07_普查109年_統計表/縣市/宜蘭縣,表41 宜蘭縣空閒住宅之竣工年份,10906,行政院主計總處,每10年,07_普查109年_統計表/縣市/宜蘭縣/表41 宜蘭縣空閒住宅之竣工年份.ods,https://ws.dgbas.gov.tw/001/Upload/463/relfile/11065/230890/s041.ods,200,10507,c559462b2b83f4377fd55e68b811d3ed354a73a920a14c2a25a26d313231bc99,2026-08-16T07:49:47+00:00
07_普查109年_統計表/縣市/宜蘭縣,表42 宜蘭縣空閒住宅之樓地板面積,10906,行政院主計總處,每10年,07_普查109年_統計表/縣市/宜蘭縣/表42 宜蘭縣空閒住宅之樓地板面積.ods,https://ws.dgbas.gov.tw/001/Upload/463/relfile/11065/230890/s042.ods,200,9912,3d143591d049212eba544ba3c6d4dd60be1a527d464bc1f8e1658fe295cb0d94,2026-08-16T07:49:48+00:00
07_普查109年_統計表/縣市/宜蘭縣,表43 宜蘭縣有人經常居住住宅之使用情形,10906,行政院主計總處,每10年,07_普查109年_統計表/縣市/宜蘭縣/表43 宜蘭縣有人經常居住住宅之使用情形.ods,https://ws.dgbas.gov.tw/001/Upload/463/relfile/11065/230890/s043.ods,200,9588,10ebf2bc1117465fe96477d9dae4d2f681db50beee62d9bd9afb10a6dc1085e9,2026-08-16T07:49:49+00:00
07_普查109年_統計表/縣市/宜蘭縣,表44 宜蘭縣有人經常居住住宅之居住人數,10906,行政院主計總處,每10年,07_普查109年_統計表/縣市/宜蘭縣/表44 宜蘭縣有人經常居住住宅之居住人數.ods,https://ws.dgbas.gov.tw/001/Upload/463/relfile/11065/230890/s044.ods,200,9424,0ef84756ab6ef916fe7b9e54dc8a6d0c64e6c70a7153ee76fe50a763a22813f9,2026-08-16T07:49:50+00:00
07_普查109年_統計表/縣市/宜蘭縣,表45 宜蘭縣有人經常居住住宅之房廳數,10906,行政院主計總處,每10年,07_普查109年_統計表/縣市/宜蘭縣/表45 宜蘭縣有人經常居住住宅之房廳數.ods,https://ws.dgbas.gov.tw/001/Upload/463/relfile/11065/230890/s045.ods,200,12414,82c356444deb1ec79db1eafc8576f378ec9203f1c44da0b41fcd912adcaf50f2,2026-08-16T07:49:50+00:00
07_普查109年_統計表/縣市/宜蘭縣,表46 宜蘭縣有人經常居住住宅之平均每人使用房廳數及衛浴套數,10906,行政院主計總處,每10年,07_普查109年_統計表/縣市/宜蘭縣/表46 宜蘭縣有人經常居住住宅之平均每人使用房廳數及衛浴套數.ods,https://ws.dgbas.gov.tw/001/Upload/463/relfile/11065/230890/s046.ods,200,14756,33d44683537cbd6b0aff06905adbae247ac3e047ebe3ce5f1445d81687000830,2026-08-16T07:49:51+00:00
07_普查109年_統計表/縣市/新竹縣,表14 新竹縣15歲以上民間常住人口有工作者之工作地與經常居住地概況,10906,行政院主計總處,每10年,07_普查109年_統計表/縣市/新竹縣/表14 新竹縣15歲以上民間常住人口有工作者之工作地與經常居住地概況.ods,https://ws.dgbas.gov.tw/001/Upload/463/relfile/11065/230892/s014.ods,200,15520,124934b6d2411130d9f685c9f281ed27490f462345071fc680dedaff5284fc2c,2026-08-16T07:49:52+00:00
07_普查109年_統計表/縣市/新竹縣,表20 新竹縣5歲以上常住人口遷徙情形,10906,行政院主計總處,每10年,07_普查109年_統計表/縣市/新竹縣/表20 新竹縣5歲以上常住人口遷徙情形.ods,https://ws.dgbas.gov.tw/001/Upload/463/relfile/11065/230892/s020.ods,200,17169,d23a41b1257d65bf294862b5251a01a36ecf4b0eeaec12aaa7a31271b3d7efb0,2026-08-16T07:49:53+00:00
07_普查109年_統計表/縣市/新竹縣,表31 新竹縣住戶數、常住人口數及平均每戶人口數,10906,行政院主計總處,每10年,07_普查109年_統計表/縣市/新竹縣/表31 新竹縣住戶數、常住人口數及平均每戶人口數.ods,https://ws.dgbas.gov.tw/001/Upload/463/relfile/11065/230892/s031.ods,200,10274,ff3be89b89fb56b8d39d5b5ed536e73090373ecd9b19ff942b778fbf4851b9aa,2026-08-16T07:49:54+00:00
07_普查109年_統計表/縣市/新竹縣,表32 新竹縣普通住戶之戶內人口數,10906,行政院主計總處,每10年,07_普查109年_統計表/縣市/新竹縣/表32 新竹縣普通住戶之戶內人口數.ods,https://ws.dgbas.gov.tw/001/Upload/463/relfile/11065/230892/s032.ods,200,9730,c71624532b47318de3d3478e3a072bdcd9cf72f990989f2aa80a6596c96bba7c,2026-08-16T07:49:55+00:00
07_普查109年_統計表/縣市/新竹縣,表33 新竹縣普通住戶之家戶型態,10906,行政院主計總處,每10年,07_普查109年_統計表/縣市/新竹縣/表33 新竹縣普通住戶之家戶型態.ods,https://ws.dgbas.gov.tw/001/Upload/463/relfile/11065/230892/s033.ods,200,19121,0a47b05d6b7c5e45b53fe0a3ba2aded4a9eb021c1023c51122336416433c12a1,2026-08-16T07:49:55+00:00
07_普查109年_統計表/縣市/新竹縣,表34 新竹縣普通住戶之住宅所有權屬,10906,行政院主計總處,每10年,07_普查109年_統計表/縣市/新竹縣/表34 新竹縣普通住戶之住宅所有權屬.ods,https://ws.dgbas.gov.tw/001/Upload/463/relfile/11065/230892/s034.ods,200,9295,a3e6796a70931fc41a24f4aac8b06e0ed42ba7e5eb528fd6868be83ff12b316e,2026-08-16T07:49:56+00:00
07_普查109年_統計表/縣市/新竹縣,表37 新竹縣住宅使用情形,10906,行政院主計總處,每10年,07_普查109年_統計表/縣市/新竹縣/表37 新竹縣住宅使用情形.ods,https://ws.dgbas.gov.tw/001/Upload/463/relfile/11065/230892/s037.ods,200,9725,eb0aa466fa50fa1a01e7dbac9dca43d28f195bfffa0a3486f85c630b5c253e45,2026-08-16T07:49:57+00:00
07_普查109年_統計表/縣市/新竹縣,表38 新竹縣住宅之竣工年份,10906,行政院主計總處,每10年,07_普查109年_統計表/縣市/新竹縣/表38 新竹縣住宅之竣工年份.ods,https://ws.dgbas.gov.tw/001/Upload/463/relfile/11065/230892/s038.ods,200,10114,0f17ecb72ed4a59ec8b92486d95a2578503d984042ccc2bab2df1f03828e4cb5,2026-08-16T07:49:58+00:00
07_普查109年_統計表/縣市/新竹縣,表39 新竹縣住宅之樓地板面積,10906,行政院主計總處,每10年,07_普查109年_統計表/縣市/新竹縣/表39 新竹縣住宅之樓地板面積.ods,https://ws.dgbas.gov.tw/001/Upload/463/relfile/11065/230892/s039.ods,200,9567,c8c153fc4aacd36de7984fd708bd1ad4ce62619e20ba5fa64e9ae1ec65ee1d58,2026-08-16T07:49:59+00:00
07_普查109年_統計表/縣市/新竹縣,表40 新竹縣住宅之建築類型,10906,行政院主計總處,每10年,07_普查109年_統計表/縣市/新竹縣/表40 新竹縣住宅之建築類型.ods,https://ws.dgbas.gov.tw/001/Upload/463/relfile/11065/230892/s040.ods,200,12588,73bf973974d00270e7cb6dde50436a8bac4d1ed7f7d22991dbedd212847c76d4,2026-08-16T07:49:59+00:00
07_普查109年_統計表/縣市/新竹縣,表41 新竹縣空閒住宅之竣工年份,10906,行政院主計總處,每10年,07_普查109年_統計表/縣市/新竹縣/表41 新竹縣空閒住宅之竣工年份.ods,https://ws.dgbas.gov.tw/001/Upload/463/relfile/11065/230892/s041.ods,200,10605,0f982c22a5d78285bc545c646963adb7f78be160f97b553eab0351a80d7fdfa2,2026-08-16T07:50:00+00:00
07_普查109年_統計表/縣市/新竹縣,表42 新竹縣空閒住宅之樓地板面積,10906,行政院主計總處,每10年,07_普查109年_統計表/縣市/新竹縣/表42 新竹縣空閒住宅之樓地板面積.ods,https://ws.dgbas.gov.tw/001/Upload/463/relfile/11065/230892/s042.ods,200,9967,bef919f0efb898acc2a25e28d3e8eec755c33e4c4ae2b20047505e11e931afbc,2026-08-16T07:50:01+00:00
07_普查109年_統計表/縣市/新竹縣,表43 新竹縣有人經常居住住宅之使用情形,10906,行政院主計總處,每10年,07_普查109年_統計表/縣市/新竹縣/表43 新竹縣有人經常居住住宅之使用情形.ods,https://ws.dgbas.gov.tw/001/Upload/463/relfile/11065/230892/s043.ods,200,9683,65f964e25be2306c2303a88991753a391b92ee4b2dcc5cdfbfa6146c4fd3a021,2026-08-16T07:50:02+00:00
07_普查109年_統計表/縣市/新竹縣,表44 新竹縣有人經常居住住宅之居住人數,10906,行政院主計總處,每10年,07_普查109年_統計表/縣市/新竹縣/表44 新竹縣有人經常居住住宅之居住人數.ods,https://ws.dgbas.gov.tw/001/Upload/463/relfile/11065/230892/s044.ods,200,9545,47f19b19c3c9711f567e3f8d147dc5209fb691f5fce7f460159f8add585b5313,2026-08-16T07:50:03+00:00
07_普查109年_統計表/縣市/新竹縣,表45 新竹縣有人經常居住住宅之房廳數,10906,行政院主計總處,每10年,07_普查109年_統計表/縣市/新竹縣/表45 新竹縣有人經常居住住宅之房廳數.ods,https://ws.dgbas.gov.tw/001/Upload/463/relfile/11065/230892/s045.ods,200,12385,182ea855b578b09d75317bf095caa416d40ecbb69b5419b6b685cc4094d53f9f,2026-08-16T07:50:03+00:00
07_普查109年_統計表/縣市/新竹縣,表46 新竹縣有人經常居住住宅之平均每人使用房廳數及衛浴套數,10906,行政院主計總處,每10年,07_普查109年_統計表/縣市/新竹縣/表46 新竹縣有人經常居住住宅之平均每人使用房廳數及衛浴套數.ods,https://ws.dgbas.gov.tw/001/Upload/463/relfile/11065/230892/s046.ods,200,14841,13e0c76acd4c83f9b8b6bdf2978bf134d0e4b661b6ded88545a6ec079de6fd17,2026-08-16T07:50:04+00:00
07_普查109年_統計表/縣市/臺中市,表14 臺中市15歲以上民間常住人口有工作者之工作地與經常居住地概況,10906,行政院主計總處,每10年,07_普查109年_統計表/縣市/臺中市/表14 臺中市15歲以上民間常住人口有工作者之工作地與經常居住地概況.ods,https://ws.dgbas.gov.tw/001/Upload/463/relfile/11065/230893/s014.ods,200,24768,2a27122380f765a76c7ab38ee6e2a8fb3a7b25b9fa7f299d93c954cafa19d7e4,2026-08-16T07:50:05+00:00
07_普查109年_統計表/縣市/臺中市,表20 臺中市5歲以上常住人口遷徙情形,10906,行政院主計總處,每10年,07_普查109年_統計表/縣市/臺中市/表20 臺中市5歲以上常住人口遷徙情形.ods,https://ws.dgbas.gov.tw/001/Upload/463/relfile/11065/230893/s020.ods,200,21990,7b32ff6314606e4f3d24624d3f7cca423498e23417548ed07fdc7f715357e8be,2026-08-16T07:50:06+00:00
07_普查109年_統計表/縣市/臺中市,表31 臺中市住戶數、常住人口數及平均每戶人口數,10906,行政院主計總處,每10年,07_普查109年_統計表/縣市/臺中市/表31 臺中市住戶數、常住人口數及平均每戶人口數.ods,https://ws.dgbas.gov.tw/001/Upload/463/relfile/11065/230893/s031.ods,200,12369,addb15da85e87d8ab3cd81cf6aaed3c0a116a244118246100b07a0b4395d3259,2026-08-16T07:50:07+00:00
07_普查109年_統計表/縣市/臺中市,表32 臺中市普通住戶之戶內人口數,10906,行政院主計總處,每10年,07_普查109年_統計表/縣市/臺中市/表32 臺中市普通住戶之戶內人口數.ods,https://ws.dgbas.gov.tw/001/Upload/463/relfile/11065/230893/s032.ods,200,11496,cc94a3177942e89c9fa7a123bb28703406df1e28aba16bb0cc75797cc0a81b5e,2026-08-16T07:50:08+00:00
07_普查109年_統計表/縣市/臺中市,表33 臺中市普通住戶之家戶型態,10906,行政院主計總處,每10年,07_普查109年_統計表/縣市/臺中市/表33 臺中市普通住戶之家戶型態.ods,https://ws.dgbas.gov.tw/001/Upload/463/relfile/11065/230893/s033.ods,200,21976,3bcbcf437ac14e892d9da531bf16cfab260856582c9f2db363eccfad60c90776,2026-08-16T07:50:09+00:00
07_普查109年_統計表/縣市/臺中市,表34 臺中市普通住戶之住宅所有權屬,10906,行政院主計總處,每10年,07_普查109年_統計表/縣市/臺中市/表34 臺中市普通住戶之住宅所有權屬.ods,https://ws.dgbas.gov.tw/001/Upload/463/relfile/11065/230893/s034.ods,200,10755,d82112bff249dfec9463b0dc16e7548c0d9d35eea887368cd4485e5d6139ce75,2026-08-16T07:50:09+00:00
07_普查109年_統計表/縣市/臺中市,表37 臺中市住宅使用情形,10906,行政院主計總處,每10年,07_普查109年_統計表/縣市/臺中市/表37 臺中市住宅使用情形.ods,https://ws.dgbas.gov.tw/001/Upload/463/relfile/11065/230893/s037.ods,200,11283,8eeb5c756c2b5820ec5e596dc1c74ae0a95762edd0a068b68e977c95b0386a2f,2026-08-16T07:50:10+00:00
07_普查109年_統計表/縣市/臺中市,表38 臺中市住宅之竣工年份,10906,行政院主計總處,每10年,07_普查109年_統計表/縣市/臺中市/表38 臺中市住宅之竣工年份.ods,https://ws.dgbas.gov.tw/001/Upload/463/relfile/11065/230893/s038.ods,200,12068,f07b0a7827304e135e57d673033ccf76d4bc53e9e00e5efba9e574ff4e0056b8,2026-08-16T07:50:11+00:00
07_普查109年_統計表/縣市/臺中市,表39 臺中市住宅之樓地板面積,10906,行政院主計總處,每10年,07_普查109年_統計表/縣市/臺中市/表39 臺中市住宅之樓地板面積.ods,https://ws.dgbas.gov.tw/001/Upload/463/relfile/11065/230893/s039.ods,200,11320,1d4430dab6cabf5b45e8d810ca3a20b546b50fb40267a79319cd7833d859b7da,2026-08-16T07:50:12+00:00
07_普查109年_統計表/縣市/臺中市,表40 臺中市住宅之建築類型,10906,行政院主計總處,每10年,07_普查109年_統計表/縣市/臺中市/表40 臺中市住宅之建築類型.ods,https://ws.dgbas.gov.tw/001/Upload/463/relfile/11065/230893/s040.ods,200,15361,9dce04ec62a4ad2c023df7c1a3213497bcda0160a62fac062069acc68c3906e5,2026-08-16T07:50:12+00:00
07_普查109年_統計表/縣市/臺中市,表41 臺中市空閒住宅之竣工年份,10906,行政院主計總處,每10年,07_普查109年_統計表/縣市/臺中市/表41 臺中市空閒住宅之竣工年份.ods,https://ws.dgbas.gov.tw/001/Upload/463/relfile/11065/230893/s041.ods,200,12411,8c2fee142aea098141b1288ef92be2fd4acfcd381262784e7cfdf69874811284,2026-08-16T07:50:13+00:00
07_普查109年_統計表/縣市/臺中市,表42 臺中市空閒住宅之樓地板面積,10906,行政院主計總處,每10年,07_普查109年_統計表/縣市/臺中市/表42 臺中市空閒住宅之樓地板面積.ods,https://ws.dgbas.gov.tw/001/Upload/463/relfile/11065/230893/s042.ods,200,11625,b8ca0c7ab8baddf24357720bb1952c5cf341d7278fe2d70169f7072926813b17,2026-08-16T07:50:14+00:00
07_普查109年_統計表/縣市/臺中市,表43 臺中市有人經常居住住宅之使用情形,10906,行政院主計總處,每10年,07_普查109年_統計表/縣市/臺中市/表43 臺中市有人經常居住住宅之使用情形.ods,https://ws.dgbas.gov.tw/001/Upload/463/relfile/11065/230893/s043.ods,200,11130,99d1f09cc6313120c67058693dd8cc96b5c321bd5226f6668398a0579c47910a,2026-08-16T07:50:15+00:00
07_普查109年_統計表/縣市/臺中市,表44 臺中市有人經常居住住宅之居住人數,10906,行政院主計總處,每10年,07_普查109年_統計表/縣市/臺中市/表44 臺中市有人經常居住住宅之居住人數.ods,https://ws.dgbas.gov.tw/001/Upload/463/relfile/11065/230893/s044.ods,200,11306,da3adf9537b3294a290d704c0f798824d5c9bf2a15eff3207ca6bbc276cc0943,2026-08-16T07:50:16+00:00
07_普查109年_統計表/縣市/臺中市,表45 臺中市有人經常居住住宅之房廳數,10906,行政院主計總處,每10年,07_普查109年_統計表/縣市/臺中市/表45 臺中市有人經常居住住宅之房廳數.ods,https://ws.dgbas.gov.tw/001/Upload/463/relfile/11065/230893/s045.ods,200,14378,afc603babdece974d58571e1ac0a711befc135ac69fbac987aec6cbf9a913579,2026-08-16T07:50:17+00:00
07_普查109年_統計表/縣市/臺中市,表46 臺中市有人經常居住住宅之平均每人使用房廳數及衛浴套數,10906,行政院主計總處,每10年,07_普查109年_統計表/縣市/臺中市/表46 臺中市有人經常居住住宅之平均每人使用房廳數及衛浴套數.ods,https://ws.dgbas.gov.tw/001/Upload/463/relfile/11065/230893/s046.ods,200,17053,e95ff2c17340ee73927f49d599856d2819de88425c1381c6a452b57be2afdadc,2026-08-16T07:50:18+00:00
07_普查109年_統計表/縣市/苗栗縣,表14 苗栗縣15歲以上民間常住人口有工作者之工作地與經常居住地概況,10906,行政院主計總處,每10年,07_普查109年_統計表/縣市/苗栗縣/表14 苗栗縣15歲以上民間常住人口有工作者之工作地與經常居住地概況.ods,https://ws.dgbas.gov.tw/001/Upload/463/relfile/11065/230894/s014.ods,200,16799,7fffb76dc150d0ebb08f4a845716ff3736349daa59dea4431ebb6e21b3005b69,2026-08-16T07:50:19+00:00
07_普查109年_統計表/縣市/苗栗縣,表20 苗栗縣5歲以上常住人口遷徙情形,10906,行政院主計總處,每10年,07_普查109年_統計表/縣市/苗栗縣/表20 苗栗縣5歲以上常住人口遷徙情形.ods,https://ws.dgbas.gov.tw/001/Upload/463/relfile/11065/230894/s020.ods,200,18598,4f04ba517a0fc62adab4275edb9b319e6b845e1521a7d120c32a6106578704e5,2026-08-16T07:50:20+00:00
07_普查109年_統計表/縣市/苗栗縣,表31 苗栗縣住戶數、常住人口數及平均每戶人口數,10906,行政院主計總處,每10年,07_普查109年_統計表/縣市/苗栗縣/表31 苗栗縣住戶數、常住人口數及平均每戶人口數.ods,https://ws.dgbas.gov.tw/001/Upload/463/relfile/11065/230894/s031.ods,200,10905,a59a38efdd6aca1907a23d97cbbf440844a3f5b91f79ec06e93ea9d06508c99e,2026-08-16T07:50:21+00:00
07_普查109年_統計表/縣市/苗栗縣,表32 苗栗縣普通住戶之戶內人口數,10906,行政院主計總處,每10年,07_普查109年_統計表/縣市/苗栗縣/表32 苗栗縣普通住戶之戶內人口數.ods,https://ws.dgbas.gov.tw/001/Upload/463/relfile/11065/230894/s032.ods,200,10215,ce4149660951b1acb0f5a66995e27b665348aa79a5d63907ce34419c71c10c73,2026-08-16T07:50:21+00:00
07_普查109年_統計表/縣市/苗栗縣,表33 苗栗縣普通住戶之家戶型態,10906,行政院主計總處,每10年,07_普查109年_統計表/縣市/苗栗縣/表33 苗栗縣普通住戶之家戶型態.ods,https://ws.dgbas.gov.tw/001/Upload/463/relfile/11065/230894/s033.ods,200,19762,c272e377658127fe28724aeef34f32adb6dde2ff93337b0f4a97f37f1a31acb6,2026-08-16T07:50:22+00:00
07_普查109年_統計表/縣市/苗栗縣,表34 苗栗縣普通住戶之住宅所有權屬,10906,行政院主計總處,每10年,07_普查109年_統計表/縣市/苗栗縣/表34 苗栗縣普通住戶之住宅所有權屬.ods,https://ws.dgbas.gov.tw/001/Upload/463/relfile/11065/230894/s034.ods,200,9688,1cb23c4289909b40d54d3b86fd7600248ec787f816d11d747cb9a5055a730367,2026-08-16T07:50:23+00:00
07_普查109年_統計表/縣市/苗栗縣,表37 苗栗縣住宅使用情形,10906,行政院主計總處,每10年,07_普查109年_統計表/縣市/苗栗縣/表37 苗栗縣住宅使用情形.ods,https://ws.dgbas.gov.tw/001/Upload/463/relfile/11065/230894/s037.ods,200,10198,5ed64b1eb8eef81dfdf9c4a1d9ee46d1ae31009b5cae9b1d3efabcba2f02106c,2026-08-16T07:50:24+00:00
07_普查109年_統計表/縣市/苗栗縣,表38 苗栗縣住宅之竣工年份,10906,行政院主計總處,每10年,07_普查109年_統計表/縣市/苗栗縣/表38 苗栗縣住宅之竣工年份.ods,https://ws.dgbas.gov.tw/001/Upload/463/relfile/11065/230894/s038.ods,200,10622,45effa3cacab254b6f3bd5576340f77f4bcfd33ba6e0162d0ec2fc8764a63088,2026-08-16T07:50:25+00:00
07_普查109年_統計表/縣市/苗栗縣,表39 苗栗縣住宅之樓地板面積,10906,行政院主計總處,每10年,07_普查109年_統計表/縣市/苗栗縣/表39 苗栗縣住宅之樓地板面積.ods,https://ws.dgbas.gov.tw/001/Upload/463/relfile/11065/230894/s039.ods,200,10070,bce73f701a87b1bf230821cf16ecd1041e7dc8d310f74249858bf00c264de793,2026-08-16T07:50:25+00:00
07_普查109年_統計表/縣市/苗栗縣,表40 苗栗縣住宅之建築類型,10906,行政院主計總處,每10年,07_普查109年_統計表/縣市/苗栗縣/表40 苗栗縣住宅之建築類型.ods,https://ws.dgbas.gov.tw/001/Upload/463/relfile/11065/230894/s040.ods,200,12992,f7aba1c1d27d30cf2f1220a3b02dd99712057fecdc52a7dd06d4b5729a98fcab,2026-08-16T07:50:26+00:00
07_普查109年_統計表/縣市/苗栗縣,表41 苗栗縣空閒住宅之竣工年份,10906,行政院主計總處,每10年,07_普查109年_統計表/縣市/苗栗縣/表41 苗栗縣空閒住宅之竣工年份.ods,https://ws.dgbas.gov.tw/001/Upload/463/relfile/11065/230894/s041.ods,200,11031,879979bc44368b077f89f6d4783d939efec18639e7f8aafb06152f2ed2d68af8,2026-08-16T07:50:27+00:00
07_普查109年_統計表/縣市/苗栗縣,表42 苗栗縣空閒住宅之樓地板面積,10906,行政院主計總處,每10年,07_普查109年_統計表/縣市/苗栗縣/表42 苗栗縣空閒住宅之樓地板面積.ods,https://ws.dgbas.gov.tw/001/Upload/463/relfile/11065/230894/s042.ods,200,10472,c781a24ec66a07336661d9cd1b405091fdb142f6d56f872c27913bbab5fe0858,2026-08-16T07:50:28+00:00
07_普查109年_統計表/縣市/苗栗縣,表43 苗栗縣有人經常居住住宅之使用情形,10906,行政院主計總處,每10年,07_普查109年_統計表/縣市/苗栗縣/表43 苗栗縣有人經常居住住宅之使用情形.ods,https://ws.dgbas.gov.tw/001/Upload/463/relfile/11065/230894/s043.ods,200,10099,6b34e24eed4b7a25292841554e32302e014792410213f31dcafba0361b6e3cde,2026-08-16T07:50:28+00:00
07_普查109年_統計表/縣市/苗栗縣,表44 苗栗縣有人經常居住住宅之居住人數,10906,行政院主計總處,每10年,07_普查109年_統計表/縣市/苗栗縣/表44 苗栗縣有人經常居住住宅之居住人數.ods,https://ws.dgbas.gov.tw/001/Upload/463/relfile/11065/230894/s044.ods,200,10011,90d550abc2b28877ba3a92585dac5aa0f070303d779ae5e5a9eb6b16254d9c09,2026-08-16T07:50:29+00:00
07_普查109年_統計表/縣市/苗栗縣,表45 苗栗縣有人經常居住住宅之房廳數,10906,行政院主計總處,每10年,07_普查109年_統計表/縣市/苗栗縣/表45 苗栗縣有人經常居住住宅之房廳數.ods,https://ws.dgbas.gov.tw/001/Upload/463/relfile/11065/230894/s045.ods,200,13015,0216a06d98aecca934bb1d654d4ad4251d91703ef5116b8ecf18fc47ae3c58fa,2026-08-16T07:50:30+00:00
07_普查109年_統計表/縣市/苗栗縣,表46 苗栗縣有人經常居住住宅之平均每人使用房廳數及衛浴套數,10906,行政院主計總處,每10年,07_普查109年_統計表/縣市/苗栗縣/表46 苗栗縣有人經常居住住宅之平均每人使用房廳數及衛浴套數.ods,https://ws.dgbas.gov.tw/001/Upload/463/relfile/11065/230894/s046.ods,200,15481,84e0b6518fe55d410d186f0dbd3f1a0e49114b011a1f332e0edc2860d379b6c3,2026-08-16T07:50:31+00:00
07_普查109年_統計表/縣市/彰化縣,表14 彰化縣15歲以上民間常住人口有工作者之工作地與經常居住地概況,10906,行政院主計總處,每10年,07_普查109年_統計表/縣市/彰化縣/表14 彰化縣15歲以上民間常住人口有工作者之工作地與經常居住地概況.ods,https://ws.dgbas.gov.tw/001/Upload/463/relfile/11065/230895/s014.ods,200,18782,ef7b89dd4714bf323a1d5c6331e066d4d51c6c3962e54e77cddfa8309e5c346f,2026-08-16T07:50:32+00:00
07_普查109年_統計表/縣市/彰化縣,表20 彰化縣5歲以上常住人口遷徙情形,10906,行政院主計總處,每10年,07_普查109年_統計表/縣市/彰化縣/表20 彰化縣5歲以上常住人口遷徙情形.ods,https://ws.dgbas.gov.tw/001/Upload/463/relfile/11065/230895/s020.ods,200,21116,212c2aed3d83ef9c7d1babbd77e6954d48ed7ffe27e9ec6499d3acaa1bda43b0,2026-08-16T07:50:33+00:00
07_普查109年_統計表/縣市/彰化縣,表31 彰化縣住戶數、常住人口數及平均每戶人口數,10906,行政院主計總處,每10年,07_普查109年_統計表/縣市/彰化縣/表31 彰化縣住戶數、常住人口數及平均每戶人口數.ods,https://ws.dgbas.gov.tw/001/Upload/463/relfile/11065/230895/s031.ods,200,11911,e4c6d53c2efaaac9cacc560d84dd64095adce9685fb50bcef1219900366699fc,2026-08-16T07:50:33+00:00
07_普查109年_統計表/縣市/彰化縣,表32 彰化縣普通住戶之戶內人口數,10906,行政院主計總處,每10年,07_普查109年_統計表/縣市/彰化縣/表32 彰化縣普通住戶之戶內人口數.ods,https://ws.dgbas.gov.tw/001/Upload/463/relfile/11065/230895/s032.ods,200,11139,d7dd9445249d50a64bf430d60aa6f14274f7bdab7c28553856766ab9e90a57f3,2026-08-16T07:50:34+00:00
07_普查109年_統計表/縣市/彰化縣,表33 彰化縣普通住戶之家戶型態,10906,行政院主計總處,每10年,07_普查109年_統計表/縣市/彰化縣/表33 彰化縣普通住戶之家戶型態.ods,https://ws.dgbas.gov.tw/001/Upload/463/relfile/11065/230895/s033.ods,200,21272,6814085e65d975ed64134aced11de20a0fc223a944050c6b3d1834532ac8e9ed,2026-08-16T07:50:35+00:00
07_普查109年_統計表/縣市/彰化縣,表34 彰化縣普通住戶之住宅所有權屬,10906,行政院主計總處,每10年,07_普查109年_統計表/縣市/彰化縣/表34 彰化縣普通住戶之住宅所有權屬.ods,https://ws.dgbas.gov.tw/001/Upload/463/relfile/11065/230895/s034.ods,200,10458,6867c69073a83a8014f7a97fbf74c662a84e611421e2fde09642aecb85276434,2026-08-16T07:50:36+00:00
07_普查109年_統計表/縣市/彰化縣,表37 彰化縣住宅使用情形,10906,行政院主計總處,每10年,07_普查109年_統計表/縣市/彰化縣/表37 彰化縣住宅使用情形.ods,https://ws.dgbas.gov.tw/001/Upload/463/relfile/11065/230895/s037.ods,200,11003,c873db645230d3e1fd6d0d7a27ce9831706c2aeaecb8540e45f1b6102b4d4e00,2026-08-16T07:50:37+00:00
07_普查109年_統計表/縣市/彰化縣,表38 彰化縣住宅之竣工年份,10906,行政院主計總處,每10年,07_普查109年_統計表/縣市/彰化縣/表38 彰化縣住宅之竣工年份.ods,https://ws.dgbas.gov.tw/001/Upload/463/relfile/11065/230895/s038.ods,200,11645,710fa1b34021eb0c0b691b4b777bc054a84564e1034ce493a9e12a1770ca31e6,2026-08-16T07:50:37+00:00
07_普查109年_統計表/縣市/彰化縣,表39 彰化縣住宅之樓地板面積,10906,行政院主計總處,每10年,07_普查109年_統計表/縣市/彰化縣/表39 彰化縣住宅之樓地板面積.ods,https://ws.dgbas.gov.tw/001/Upload/463/relfile/11065/230895/s039.ods,200,10968,2e44988185843c8b962b47572cd29fb910c767f28c324f674f4daad272509cc7,2026-08-16T07:50:38+00:00
07_普查109年_統計表/縣市/彰化縣,表40 彰化縣住宅之建築類型,10906,行政院主計總處,每10年,07_普查109年_統計表/縣市/彰化縣/表40 彰化縣住宅之建築類型.ods,https://ws.dgbas.gov.tw/001/Upload/463/relfile/11065/230895/s040.ods,200,13651,3d63438569c64b531b7cffc1907bf3d7ffdd74ba211fc1ba4ac800bfc0d21537,2026-08-16T07:50:39+00:00
07_普查109年_統計表/縣市/彰化縣,表41 彰化縣空閒住宅之竣工年份,10906,行政院主計總處,每10年,07_普查109年_統計表/縣市/彰化縣/表41 彰化縣空閒住宅之竣工年份.ods,https://ws.dgbas.gov.tw/001/Upload/463/relfile/11065/230895/s041.ods,200,11954,3a07cd756a0c4bd18840db17dbce58adad0237db4f42b821669f4ea55169231e,2026-08-16T07:50:40+00:00
07_普查109年_統計表/縣市/彰化縣,表42 彰化縣空閒住宅之樓地板面積,10906,行政院主計總處,每10年,07_普查109年_統計表/縣市/彰化縣/表42 彰化縣空閒住宅之樓地板面積.ods,https://ws.dgbas.gov.tw/001/Upload/463/relfile/11065/230895/s042.ods,200,11286,36f24fd2bffc55c2997e17fe0b67db2ffef34fc6ef97fe3d7724c793b0e5bf11,2026-08-16T07:50:40+00:00
07_普查109年_統計表/縣市/彰化縣,表43 彰化縣有人經常居住住宅之使用情形,10906,行政院主計總處,每10年,07_普查109年_統計表/縣市/彰化縣/表43 彰化縣有人經常居住住宅之使用情形.ods,https://ws.dgbas.gov.tw/001/Upload/463/relfile/11065/230895/s043.ods,200,10867,e28f36eb0249109d9ab434e6ee2f6a55c309ac0334c6fa0d6454bdabf18be460,2026-08-16T07:50:41+00:00
07_普查109年_統計表/縣市/彰化縣,表44 彰化縣有人經常居住住宅之居住人數,10906,行政院主計總處,每10年,07_普查109年_統計表/縣市/彰化縣/表44 彰化縣有人經常居住住宅之居住人數.ods,https://ws.dgbas.gov.tw/001/Upload/463/relfile/11065/230895/s044.ods,200,11004,933b2939067ae8c38861b76f7dc147e964db865fa6c0d33a2fb741f5fe70aacb,2026-08-16T07:50:42+00:00
07_普查109年_統計表/縣市/彰化縣,表45 彰化縣有人經常居住住宅之房廳數,10906,行政院主計總處,每10年,07_普查109年_統計表/縣市/彰化縣/表45 彰化縣有人經常居住住宅之房廳數.ods,https://ws.dgbas.gov.tw/001/Upload/463/relfile/11065/230895/s045.ods,200,13979,29b658c405b601b707d8985b2b8e05c21773e402829c6a46b51c9eeb897cd8d6,2026-08-16T07:50:43+00:00
07_普查109年_統計表/縣市/彰化縣,表46 彰化縣有人經常居住住宅之平均每人使用房廳數及衛浴套數,10906,行政院主計總處,每10年,07_普查109年_統計表/縣市/彰化縣/表46 彰化縣有人經常居住住宅之平均每人使用房廳數及衛浴套數.ods,https://ws.dgbas.gov.tw/001/Upload/463/relfile/11065/230895/s046.ods,200,16605,2f6d0eda4bc32d15e623ae7e25b77de9eb3907aa10cf9c40a21f28edd945d2f9,2026-08-16T07:50:44+00:00
07_普查109年_統計表/縣市/南投縣,表14 南投縣15歲以上民間常住人口有工作者之工作地與經常居住地概況,10906,行政院主計總處,每10年,07_普查109年_統計表/縣市/南投縣/表14 南投縣15歲以上民間常住人口有工作者之工作地與經常居住地概況.ods,https://ws.dgbas.gov.tw/001/Upload/463/relfile/11065/230896/s014.ods,200,15387,2bd79a36745e5723cdafa937aa912cf8ae180b01b71c60c3fa3bf1817c76fc29,2026-08-16T07:50:45+00:00
07_普查109年_統計表/縣市/南投縣,表20 南投縣5歲以上常住人口遷徙情形,10906,行政院主計總處,每10年,07_普查109年_統計表/縣市/南投縣/表20 南投縣5歲以上常住人口遷徙情形.ods,https://ws.dgbas.gov.tw/001/Upload/463/relfile/11065/230896/s020.ods,200,17048,77dc35c5671740da85b0ecc933205da6a7255b5965bfdd96e5cef762ca57db25,2026-08-16T07:50:46+00:00
07_普查109年_統計表/縣市/南投縣,表31 南投縣住戶數、常住人口數及平均每戶人口數,10906,行政院主計總處,每10年,07_普查109年_統計表/縣市/南投縣/表31 南投縣住戶數、常住人口數及平均每戶人口數.ods,https://ws.dgbas.gov.tw/001/Upload/463/relfile/11065/230896/s031.ods,200,10263,2ce6745e58ae24aaf8cb79a2f4a67547443430ded8264d04d4b85e2753bfde94,2026-08-16T07:50:46+00:00
07_普查109年_統計表/縣市/南投縣,表32 南投縣普通住戶之戶內人口數,10906,行政院主計總處,每10年,07_普查109年_統計表/縣市/南投縣/表32 南投縣普通住戶之戶內人口數.ods,https://ws.dgbas.gov.tw/001/Upload/463/relfile/11065/230896/s032.ods,200,9714,7f056b92a2816f10c7d94ba426c04ab303e2d7b9d1bb6b1b5a083bcae939d333,2026-08-16T07:50:47+00:00
07_普查109年_統計表/縣市/南投縣,表33 南投縣普通住戶之家戶型態,10906,行政院主計總處,每10年,07_普查109年_統計表/縣市/南投縣/表33 南投縣普通住戶之家戶型態.ods,https://ws.dgbas.gov.tw/001/Upload/463/relfile/11065/230896/s033.ods,200,19096,48fe909fa9eb310624ef021a45eb391392f7c7a99381682043998046ccfbabe8,2026-08-16T07:50:48+00:00
07_普查109年_統計表/縣市/南投縣,表34 南投縣普通住戶之住宅所有權屬,10906,行政院主計總處,每10年,07_普查109年_統計表/縣市/南投縣/表34 南投縣普通住戶之住宅所有權屬.ods,https://ws.dgbas.gov.tw/001/Upload/463/relfile/11065/230896/s034.ods,200,9339,a34c801c61babd815ac5d71b71a1ed7dcc58ea61ff30d842d596bea381b1e094,2026-08-16T07:50:49+00:00
07_普查109年_統計表/縣市/南投縣,表37 南投縣住宅使用情形,10906,行政院主計總處,每10年,07_普查109年_統計表/縣市/南投縣/表37 南投縣住宅使用情形.ods,https://ws.dgbas.gov.tw/001/Upload/463/relfile/11065/230896/s037.ods,200,9769,4555088d80256c36b6dc18ebefd9dd0dbfca85edaeb0808378ddc19b9864debe,2026-08-16T07:50:49+00:00
07_普查109年_統計表/縣市/南投縣,表38 南投縣住宅之竣工年份,10906,行政院主計總處,每10年,07_普查109年_統計表/縣市/南投縣/表38 南投縣住宅之竣工年份.ods,https://ws.dgbas.gov.tw/001/Upload/463/relfile/11065/230896/s038.ods,200,10126,58252ad1f3458762956c3ab3e277cee5d3a84e797bfaf192ce56e27863d1f723,2026-08-16T07:50:50+00:00
07_普查109年_統計表/縣市/南投縣,表39 南投縣住宅之樓地板面積,10906,行政院主計總處,每10年,07_普查109年_統計表/縣市/南投縣/表39 南投縣住宅之樓地板面積.ods,https://ws.dgbas.gov.tw/001/Upload/463/relfile/11065/230896/s039.ods,200,9591,388601bdff0b479b7d48eb9f15582d8007e88412ee4140f2ebd77e23eea78957,2026-08-16T07:50:51+00:00
07_普查109年_統計表/縣市/南投縣,表40 南投縣住宅之建築類型,10906,行政院主計總處,每10年,07_普查109年_統計表/縣市/南投縣/表40 南投縣住宅之建築類型.ods,https://ws.dgbas.gov.tw/001/Upload/463/relfile/11065/230896/s040.ods,200,12577,ac93be82f9ce24a770421a7d6bb13a65ff9fbf7368bad53f5448ee19db3a5ea8,2026-08-16T07:50:52+00:00
07_普查109年_統計表/縣市/南投縣,表41 南投縣空閒住宅之竣工年份,10906,行政院主計總處,每10年,07_普查109年_統計表/縣市/南投縣/表41 南投縣空閒住宅之竣工年份.ods,https://ws.dgbas.gov.tw/001/Upload/463/relfile/11065/230896/s041.ods,200,10578,439d88d5db6008bb729e1ed00590f0b618f64a8fb3dc8aee4c7820b92e98defe,2026-08-16T07:50:53+00:00
07_普查109年_統計表/縣市/南投縣,表42 南投縣空閒住宅之樓地板面積,10906,行政院主計總處,每10年,07_普查109年_統計表/縣市/南投縣/表42 南投縣空閒住宅之樓地板面積.ods,https://ws.dgbas.gov.tw/001/Upload/463/relfile/11065/230896/s042.ods,200,9962,98153a76c5c82291b81cbf2ed6a3d740ea08452bc9e23f2dcd371965aac79c96,2026-08-16T07:50:53+00:00
07_普查109年_統計表/縣市/南投縣,表43 南投縣有人經常居住住宅之使用情形,10906,行政院主計總處,每10年,07_普查109年_統計表/縣市/南投縣/表43 南投縣有人經常居住住宅之使用情形.ods,https://ws.dgbas.gov.tw/001/Upload/463/relfile/11065/230896/s043.ods,200,9730,5a38b983933572b94a067e8f19b820df21c07afbee007b2866f1959cbe849181,2026-08-16T07:50:54+00:00
07_普查109年_統計表/縣市/南投縣,表44 南投縣有人經常居住住宅之居住人數,10906,行政院主計總處,每10年,07_普查109年_統計表/縣市/南投縣/表44 南投縣有人經常居住住宅之居住人數.ods,https://ws.dgbas.gov.tw/001/Upload/463/relfile/11065/230896/s044.ods,200,9545,500acb9fe814a0acb038d77a0dbd30a8f07830212093a7d820a17444e52382a4,2026-08-16T07:50:55+00:00
07_普查109年_統計表/縣市/南投縣,表45 南投縣有人經常居住住宅之房廳數,10906,行政院主計總處,每10年,07_普查109年_統計表/縣市/南投縣/表45 南投縣有人經常居住住宅之房廳數.ods,https://ws.dgbas.gov.tw/001/Upload/463/relfile/11065/230896/s045.ods,200,12500,86d4fc666666cb2e829c2092d8635b39c4e6c8e41dd6b83a2cfd8c06b17416ec,2026-08-16T07:50:56+00:00
07_普查109年_統計表/縣市/南投縣,表46 南投縣有人經常居住住宅之平均每人使用房廳數及衛浴套數,10906,行政院主計總處,每10年,07_普查109年_統計表/縣市/南投縣/表46 南投縣有人經常居住住宅之平均每人使用房廳數及衛浴套數.ods,https://ws.dgbas.gov.tw/001/Upload/463/relfile/11065/230896/s046.ods,200,14852,2c7249d6384c3e106c24847b63d3898a55be7a1f3d903cf3ffb2f353ddb0fa42,2026-08-16T07:50:57+00:00
07_普查109年_統計表/縣市/雲林縣,表14 雲林縣15歲以上民間常住人口有工作者之工作地與經常居住地概況,10906,行政院主計總處,每10年,07_普查109年_統計表/縣市/雲林縣/表14 雲林縣15歲以上民間常住人口有工作者之工作地與經常居住地概況.ods,https://ws.dgbas.gov.tw/001/Upload/463/relfile/11065/230897/s014.ods,200,17254,118be5f2a1dd2e526f31017a937c9242d331e2a7ee9aadae0c7947e161d9bc69,2026-08-16T07:50:58+00:00
07_普查109年_統計表/縣市/雲林縣,表20 雲林縣5歲以上常住人口遷徙情形,10906,行政院主計總處,每10年,07_普查109年_統計表/縣市/雲林縣/表20 雲林縣5歲以上常住人口遷徙情形.ods,https://ws.dgbas.gov.tw/001/Upload/463/relfile/11065/230897/s020.ods,200,19217,46fe7f96e52ff6a5847672bc7aec712065474ce9777871d940eb51dc512392c3,2026-08-16T07:50:59+00:00
07_普查109年_統計表/縣市/雲林縣,表31 雲林縣住戶數、常住人口數及平均每戶人口數,10906,行政院主計總處,每10年,07_普查109年_統計表/縣市/雲林縣/表31 雲林縣住戶數、常住人口數及平均每戶人口數.ods,https://ws.dgbas.gov.tw/001/Upload/463/relfile/11065/230897/s031.ods,200,11098,1371754e3063c5a10d2a26b0f3bef157a14cf84a5ae0a5188c382095ea4abb43,2026-08-16T07:51:00+00:00
07_普查109年_統計表/縣市/雲林縣,表32 雲林縣普通住戶之戶內人口數,10906,行政院主計總處,每10年,07_普查109年_統計表/縣市/雲林縣/表32 雲林縣普通住戶之戶內人口數.ods,https://ws.dgbas.gov.tw/001/Upload/463/relfile/11065/230897/s032.ods,200,10421,8ea4e308a6d0bff456ae5d62aa8b993f9e783cfb5715f28ef95f5d6a5c7edb81,2026-08-16T07:51:00+00:00
07_普查109年_統計表/縣市/雲林縣,表33 雲林縣普通住戶之家戶型態,10906,行政院主計總處,每10年,07_普查109年_統計表/縣市/雲林縣/表33 雲林縣普通住戶之家戶型態.ods,https://ws.dgbas.gov.tw/001/Upload/463/relfile/11065/230897/s033.ods,200,20206,dc51b22f650d7a090d4f531eef85a1cedc495cbe78b422c11aad510caba67438,2026-08-16T07:51:01+00:00
07_普查109年_統計表/縣市/雲林縣,表34 雲林縣普通住戶之住宅所有權屬,10906,行政院主計總處,每10年,07_普查109年_統計表/縣市/雲林縣/表34 雲林縣普通住戶之住宅所有權屬.ods,https://ws.dgbas.gov.tw/001/Upload/463/relfile/11065/230897/s034.ods,200,9901,9160abd0e5e81dd6e4887d99b6d1a593e88ff6427c232d39f9aae3ccc2f10eaa,2026-08-16T07:51:02+00:00
07_普查109年_統計表/縣市/雲林縣,表37 雲林縣住宅使用情形,10906,行政院主計總處,每10年,07_普查109年_統計表/縣市/雲林縣/表37 雲林縣住宅使用情形.ods,https://ws.dgbas.gov.tw/001/Upload/463/relfile/11065/230897/s037.ods,200,10366,4031912601b99187c4242ea96a91ea4988666cd01e00c1b6c82e90b3eb170588,2026-08-16T07:51:03+00:00
07_普查109年_統計表/縣市/雲林縣,表38 雲林縣住宅之竣工年份,10906,行政院主計總處,每10年,07_普查109年_統計表/縣市/雲林縣/表38 雲林縣住宅之竣工年份.ods,https://ws.dgbas.gov.tw/001/Upload/463/relfile/11065/230897/s038.ods,200,10911,d91dc509b49414ee0ae3d4902274c9f2f6455e82a1549564e7683dc57fcabab8,2026-08-16T07:51:04+00:00
07_普查109年_統計表/縣市/雲林縣,表39 雲林縣住宅之樓地板面積,10906,行政院主計總處,每10年,07_普查109年_統計表/縣市/雲林縣/表39 雲林縣住宅之樓地板面積.ods,https://ws.dgbas.gov.tw/001/Upload/463/relfile/11065/230897/s039.ods,200,10278,e4026bf2fadf72e41d2e2545a6b0a47f6c066780d402d714ac5bec28235ddbf8,2026-08-16T07:51:04+00:00
07_普查109年_統計表/縣市/雲林縣,表40 雲林縣住宅之建築類型,10906,行政院主計總處,每10年,07_普查109年_統計表/縣市/雲林縣/表40 雲林縣住宅之建築類型.ods,https://ws.dgbas.gov.tw/001/Upload/463/relfile/11065/230897/s040.ods,200,13128,95b49d6f43277b69da7d27bb6ab220b439ad4efd52e59d0cf944a966f90427f8,2026-08-16T07:51:05+00:00
07_普查109年_統計表/縣市/雲林縣,表41 雲林縣空閒住宅之竣工年份,10906,行政院主計總處,每10年,07_普查109年_統計表/縣市/雲林縣/表41 雲林縣空閒住宅之竣工年份.ods,https://ws.dgbas.gov.tw/001/Upload/463/relfile/11065/230897/s041.ods,200,11367,323a03765bc9646a9be00626d8babc3b58b267f32c2ba27114bbf1fc3869ed14,2026-08-16T07:51:06+00:00
07_普查109年_統計表/縣市/雲林縣,表42 雲林縣空閒住宅之樓地板面積,10906,行政院主計總處,每10年,07_普查109年_統計表/縣市/雲林縣/表42 雲林縣空閒住宅之樓地板面積.ods,https://ws.dgbas.gov.tw/001/Upload/463/relfile/11065/230897/s042.ods,200,10611,99ad290bd5ad05e8e34980cc191fb1e87ba8134702643bd1d9a0676bca61bed3,2026-08-16T07:51:07+00:00
07_普查109年_統計表/縣市/雲林縣,表43 雲林縣有人經常居住住宅之使用情形,10906,行政院主計總處,每10年,07_普查109年_統計表/縣市/雲林縣/表43 雲林縣有人經常居住住宅之使用情形.ods,https://ws.dgbas.gov.tw/001/Upload/463/relfile/11065/230897/s043.ods,200,10248,ef442cc103477db2db7139c52edb1b72cc3d4f1dff1fae2717640340941548ab,2026-08-16T07:51:07+00:00
07_普查109年_統計表/縣市/雲林縣,表44 雲林縣有人經常居住住宅之居住人數,10906,行政院主計總處,每10年,07_普查109年_統計表/縣市/雲林縣/表44 雲林縣有人經常居住住宅之居住人數.ods,https://ws.dgbas.gov.tw/001/Upload/463/relfile/11065/230897/s044.ods,200,10258,7f08b2d50d06231c9d6c47dc0919a63ec1b979e6615470463a3cc74698e07978,2026-08-16T07:51:08+00:00
07_普查109年_統計表/縣市/雲林縣,表45 雲林縣有人經常居住住宅之房廳數,10906,行政院主計總處,每10年,07_普查109年_統計表/縣市/雲林縣/表45 雲林縣有人經常居住住宅之房廳數.ods,https://ws.dgbas.gov.tw/001/Upload/463/relfile/11065/230897/s045.ods,200,13268,73827af490295c80cc3b4de2939dea1c5ca78f4f0578abf6bdfe1ad56d1df636,2026-08-16T07:51:09+00:00
07_普查109年_統計表/縣市/雲林縣,表46 雲林縣有人經常居住住宅之平均每人使用房廳數及衛浴套數,10906,行政院主計總處,每10年,07_普查109年_統計表/縣市/雲林縣/表46 雲林縣有人經常居住住宅之平均每人使用房廳數及衛浴套數.ods,https://ws.dgbas.gov.tw/001/Upload/463/relfile/11065/230897/s046.ods,200,15742,984cac8c0a137575704f384c00538202610d2d0d857d9ad2ea6fe4d22530a30c,2026-08-16T07:51:10+00:00
07_普查109年_統計表/縣市/臺南市,表14 臺南市15歲以上民間常住人口有工作者之工作地與經常居住地概況,10906,行政院主計總處,每10年,07_普查109年_統計表/縣市/臺南市/表14 臺南市15歲以上民間常住人口有工作者之工作地與經常居住地概況.ods,https://ws.dgbas.gov.tw/001/Upload/463/relfile/11065/230898/s014.ods,200,26577,7555c4b9f3eae6feda6bccce0135b338a5ce94ef93fb532362c7f6523a638a28,2026-08-16T07:51:11+00:00
07_普查109年_統計表/縣市/臺南市,表20 臺南市5歲以上常住人口遷徙情形,10906,行政院主計總處,每10年,07_普查109年_統計表/縣市/臺南市/表20 臺南市5歲以上常住人口遷徙情形.ods,https://ws.dgbas.gov.tw/001/Upload/463/relfile/11065/230898/s020.ods,200,23901,60b25b93404ae862b811b2c7c47f38dc444b5c87f77d1ee091f07fb838f776c2,2026-08-16T07:51:12+00:00
07_普查109年_統計表/縣市/臺南市,表31 臺南市住戶數、常住人口數及平均每戶人口數,10906,行政院主計總處,每10年,07_普查109年_統計表/縣市/臺南市/表31 臺南市住戶數、常住人口數及平均每戶人口數.ods,https://ws.dgbas.gov.tw/001/Upload/463/relfile/11065/230898/s031.ods,200,13159,7dfda3c653799a87eea7e79df71e31136dcc1500af861101f9204c48106c2bdf,2026-08-16T07:51:13+00:00
07_普查109年_統計表/縣市/臺南市,表32 臺南市普通住戶之戶內人口數,10906,行政院主計總處,每10年,07_普查109年_統計表/縣市/臺南市/表32 臺南市普通住戶之戶內人口數.ods,https://ws.dgbas.gov.tw/001/Upload/463/relfile/11065/230898/s032.ods,200,12235,13b2a4d5c7da4cdf594d56b1083f9f051f30d6363db8249be92ffcc78f6af0f4,2026-08-16T07:51:13+00:00
07_普查109年_統計表/縣市/臺南市,表33 臺南市普通住戶之家戶型態,10906,行政院主計總處,每10年,07_普查109年_統計表/縣市/臺南市/表33 臺南市普通住戶之家戶型態.ods,https://ws.dgbas.gov.tw/001/Upload/463/relfile/11065/230898/s033.ods,200,22891,3c04998790739eb7ab6fbde6a9e977fce0db0391971cdbed88da3684885439f3,2026-08-16T07:51:14+00:00
07_普查109年_統計表/縣市/臺南市,表34 臺南市普通住戶之住宅所有權屬,10906,行政院主計總處,每10年,07_普查109年_統計表/縣市/臺南市/表34 臺南市普通住戶之住宅所有權屬.ods,https://ws.dgbas.gov.tw/001/Upload/463/relfile/11065/230898/s034.ods,200,11322,cccef73c1bc9d7feae5506c14b4f8c03d6e80c878052eeac00d23e3adbe6f6ef,2026-08-16T07:51:15+00:00
07_普查109年_統計表/縣市/臺南市,表37 臺南市住宅使用情形,10906,行政院主計總處,每10年,07_普查109年_統計表/縣市/臺南市/表37 臺南市住宅使用情形.ods,https://ws.dgbas.gov.tw/001/Upload/463/relfile/11065/230898/s037.ods,200,11994,4fef5ec01ba35b23b11043325a7e7d5647801b3cb496506b7ae5dd4edfbf7a04,2026-08-16T07:51:16+00:00
07_普查109年_統計表/縣市/臺南市,表38 臺南市住宅之竣工年份,10906,行政院主計總處,每10年,07_普查109年_統計表/縣市/臺南市/表38 臺南市住宅之竣工年份.ods,https://ws.dgbas.gov.tw/001/Upload/463/relfile/11065/230898/s038.ods,200,12731,3a4a2485b027bdf491c5824ed6b07825d989506ef4dccf6e0ae5bc6610656981,2026-08-16T07:51:17+00:00
07_普查109年_統計表/縣市/臺南市,表39 臺南市住宅之樓地板面積,10906,行政院主計總處,每10年,07_普查109年_統計表/縣市/臺南市/表39 臺南市住宅之樓地板面積.ods,https://ws.dgbas.gov.tw/001/Upload/463/relfile/11065/230898/s039.ods,200,12020,e59c646d130ea6469b35fabde61597b574aa6cc753bf04d60179a5ae15a60cb8,2026-08-16T07:51:17+00:00
07_普查109年_統計表/縣市/臺南市,表40 臺南市住宅之建築類型,10906,行政院主計總處,每10年,07_普查109年_統計表/縣市/臺南市/表40 臺南市住宅之建築類型.ods,https://ws.dgbas.gov.tw/001/Upload/463/relfile/11065/230898/s040.ods,200,16552,13e6c58eefe0bfc1bdb8349e4f1c5552d03bfd35d75f9bcefffa0fa2f5e10d00,2026-08-16T07:51:18+00:00
07_普查109年_統計表/縣市/臺南市,表41 臺南市空閒住宅之竣工年份,10906,行政院主計總處,每10年,07_普查109年_統計表/縣市/臺南市/表41 臺南市空閒住宅之竣工年份.ods,https://ws.dgbas.gov.tw/001/Upload/463/relfile/11065/230898/s041.ods,200,12970,fdee59cd098f37334c46af775240558e42acac40239d78b4a1a83918a3595f6b,2026-08-16T07:51:19+00:00
07_普查109年_統計表/縣市/臺南市,表42 臺南市空閒住宅之樓地板面積,10906,行政院主計總處,每10年,07_普查109年_統計表/縣市/臺南市/表42 臺南市空閒住宅之樓地板面積.ods,https://ws.dgbas.gov.tw/001/Upload/463/relfile/11065/230898/s042.ods,200,12306,0e4ad4e4194362c0a88c51f4a1cc891062a9d62f3eb38cc1ec712ca22ddb907f,2026-08-16T07:51:20+00:00
07_普查109年_統計表/縣市/臺南市,表43 臺南市有人經常居住住宅之使用情形,10906,行政院主計總處,每10年,07_普查109年_統計表/縣市/臺南市/表43 臺南市有人經常居住住宅之使用情形.ods,https://ws.dgbas.gov.tw/001/Upload/463/relfile/11065/230898/s043.ods,200,11753,fa4d44176896a19764081961d8d30956c949b203a4a6d730767e0c8602bc0493,2026-08-16T07:51:21+00:00
07_普查109年_統計表/縣市/臺南市,表44 臺南市有人經常居住住宅之居住人數,10906,行政院主計總處,每10年,07_普查109年_統計表/縣市/臺南市/表44 臺南市有人經常居住住宅之居住人數.ods,https://ws.dgbas.gov.tw/001/Upload/463/relfile/11065/230898/s044.ods,200,12029,5b820820b256f1f4cddff4f1033a1ef7ae801b0a0b85eab6f7270a077cc66aa7,2026-08-16T07:51:22+00:00
07_普查109年_統計表/縣市/臺南市,表45 臺南市有人經常居住住宅之房廳數,10906,行政院主計總處,每10年,07_普查109年_統計表/縣市/臺南市/表45 臺南市有人經常居住住宅之房廳數.ods,https://ws.dgbas.gov.tw/001/Upload/463/relfile/11065/230898/s045.ods,200,14934,a1ef0bcee2902db4eb6b4e86a1cc9737de5997cad26ba6270078302e380f334c,2026-08-16T07:51:23+00:00
07_普查109年_統計表/縣市/臺南市,表46 臺南市有人經常居住住宅之平均每人使用房廳數及衛浴套數,10906,行政院主計總處,每10年,07_普查109年_統計表/縣市/臺南市/表46 臺南市有人經常居住住宅之平均每人使用房廳數及衛浴套數.ods,https://ws.dgbas.gov.tw/001/Upload/463/relfile/11065/230898/s046.ods,200,18007,5300f731b58a9ba1c922514fdbe5460ce49db8941a9958d03a439b2ae6aaafae,2026-08-16T07:51:24+00:00
07_普查109年_統計表/縣市/高雄市,表14 高雄市15歲以上民間常住人口有工作者之工作地與經常居住地概況,10906,行政院主計總處,每10年,07_普查109年_統計表/縣市/高雄市/表14 高雄市15歲以上民間常住人口有工作者之工作地與經常居住地概況.ods,https://ws.dgbas.gov.tw/001/Upload/463/relfile/11065/230899/s014.ods,200,26989,9f7722c53becf0b955100a434891beed91dfd94bf6e3c6ca75e59ee16ba8dced,2026-08-16T07:51:25+00:00
07_普查109年_統計表/縣市/高雄市,表20 高雄市5歲以上常住人口遷徙情形,10906,行政院主計總處,每10年,07_普查109年_統計表/縣市/高雄市/表20 高雄市5歲以上常住人口遷徙情形.ods,https://ws.dgbas.gov.tw/001/Upload/463/relfile/11065/230899/s020.ods,200,24182,dc513686f7781886372450e762faf698415add0a3a65c10684a0ea870b3c7723,2026-08-16T07:51:26+00:00
07_普查109年_統計表/縣市/高雄市,表31 高雄市住戶數、常住人口數及平均每戶人口數,10906,行政院主計總處,每10年,07_普查109年_統計表/縣市/高雄市/表31 高雄市住戶數、常住人口數及平均每戶人口數.ods,https://ws.dgbas.gov.tw/001/Upload/463/relfile/11065/230899/s031.ods,200,13433,b53d929be459894dd3f58349a0e541984f564572db9a94454c6c6b2a33b914eb,2026-08-16T07:51:27+00:00
07_普查109年_統計表/縣市/高雄市,表32 高雄市普通住戶之戶內人口數,10906,行政院主計總處,每10年,07_普查109年_統計表/縣市/高雄市/表32 高雄市普通住戶之戶內人口數.ods,https://ws.dgbas.gov.tw/001/Upload/463/relfile/11065/230899/s032.ods,200,12372,239c2268474c6c724faf2da37198e2ad28873cdabe87f1813f2dbe1bb76c6ff5,2026-08-16T07:51:27+00:00
07_普查109年_統計表/縣市/高雄市,表33 高雄市普通住戶之家戶型態,10906,行政院主計總處,每10年,07_普查109年_統計表/縣市/高雄市/表33 高雄市普通住戶之家戶型態.ods,https://ws.dgbas.gov.tw/001/Upload/463/relfile/11065/230899/s033.ods,200,23162,9668b8882fb570c263d17dc14fcdd1c0409a7835415e1d0e947e0dc992449c85,2026-08-16T07:51:28+00:00
07_普查109年_統計表/縣市/高雄市,表34 高雄市普通住戶之住宅所有權屬,10906,行政院主計總處,每10年,07_普查109年_統計表/縣市/高雄市/表34 高雄市普通住戶之住宅所有權屬.ods,https://ws.dgbas.gov.tw/001/Upload/463/relfile/11065/230899/s034.ods,200,11445,097d28f709a95b1f509b470555da29063435bd4f9f21302231ec4ad3ef29f574,2026-08-16T07:51:29+00:00
07_普查109年_統計表/縣市/高雄市,表37 高雄市住宅使用情形,10906,行政院主計總處,每10年,07_普查109年_統計表/縣市/高雄市/表37 高雄市住宅使用情形.ods,https://ws.dgbas.gov.tw/001/Upload/463/relfile/11065/230899/s037.ods,200,12105,49f13da8a4d5ea2fd70dc93a1c186961922c29317e56de56fff3325a3255d7a6,2026-08-16T07:51:30+00:00
07_普查109年_統計表/縣市/高雄市,表38 高雄市住宅之竣工年份,10906,行政院主計總處,每10年,07_普查109年_統計表/縣市/高雄市/表38 高雄市住宅之竣工年份.ods,https://ws.dgbas.gov.tw/001/Upload/463/relfile/11065/230899/s038.ods,200,12910,fa1175256792007a410f0da3f552a79405077acaddc392d6e9d750bea1800243,2026-08-16T07:51:31+00:00
07_普查109年_統計表/縣市/高雄市,表39 高雄市住宅之樓地板面積,10906,行政院主計總處,每10年,07_普查109年_統計表/縣市/高雄市/表39 高雄市住宅之樓地板面積.ods,https://ws.dgbas.gov.tw/001/Upload/463/relfile/11065/230899/s039.ods,200,12159,f4dcc1da65826225ef3c59eb5ea55554238dd031171dcb940830866c5777af0c,2026-08-16T07:51:31+00:00
07_普查109年_統計表/縣市/高雄市,表40 高雄市住宅之建築類型,10906,行政院主計總處,每10年,07_普查109年_統計表/縣市/高雄市/表40 高雄市住宅之建築類型.ods,https://ws.dgbas.gov.tw/001/Upload/463/relfile/11065/230899/s040.ods,200,16945,97be50cb2843cdc2a079b687b26afa896d189ae13c496bca9b64a68d45f10feb,2026-08-16T07:51:32+00:00
07_普查109年_統計表/縣市/高雄市,表41 高雄市空閒住宅之竣工年份,10906,行政院主計總處,每10年,07_普查109年_統計表/縣市/高雄市/表41 高雄市空閒住宅之竣工年份.ods,https://ws.dgbas.gov.tw/001/Upload/463/relfile/11065/230899/s041.ods,200,13141,da21ef0fef52fc59fe89c326c44645982c1a50bdc56133db0a7e9302c359cecd,2026-08-16T07:51:33+00:00
07_普查109年_統計表/縣市/高雄市,表42 高雄市空閒住宅之樓地板面積,10906,行政院主計總處,每10年,07_普查109年_統計表/縣市/高雄市/表42 高雄市空閒住宅之樓地板面積.ods,https://ws.dgbas.gov.tw/001/Upload/463/relfile/11065/230899/s042.ods,200,12510,b93261868b42c9e1a62c612ebbba10f03fe739b70edc2ff96f0e2429c29bd032,2026-08-16T07:51:34+00:00
07_普查109年_統計表/縣市/高雄市,表43 高雄市有人經常居住住宅之使用情形,10906,行政院主計總處,每10年,07_普查109年_統計表/縣市/高雄市/表43 高雄市有人經常居住住宅之使用情形.ods,https://ws.dgbas.gov.tw/001/Upload/463/relfile/11065/230899/s043.ods,200,11784,1f9be033d40379cf1ae10b8340ec95feac85a3aabaa317bde8633acf1ac75f40,2026-08-16T07:51:35+00:00
07_普查109年_統計表/縣市/高雄市,表44 高雄市有人經常居住住宅之居住人數,10906,行政院主計總處,每10年,07_普查109年_統計表/縣市/高雄市/表44 高雄市有人經常居住住宅之居住人數.ods,https://ws.dgbas.gov.tw/001/Upload/463/relfile/11065/230899/s044.ods,200,12144,7b60a8ddaa9d420bad3e3aad23d68a2945cc5d5277472213b6ba3e8dca705262,2026-08-16T07:51:35+00:00
07_普查109年_統計表/縣市/高雄市,表45 高雄市有人經常居住住宅之房廳數,10906,行政院主計總處,每10年,07_普查109年_統計表/縣市/高雄市/表45 高雄市有人經常居住住宅之房廳數.ods,https://ws.dgbas.gov.tw/001/Upload/463/relfile/11065/230899/s045.ods,200,15159,af1b028f51c57087efa77667dd04ef2bd387a25d681bf98654f3f46212230d2f,2026-08-16T07:51:36+00:00
07_普查109年_統計表/縣市/高雄市,表46 高雄市有人經常居住住宅之平均每人使用房廳數及衛浴套數,10906,行政院主計總處,每10年,07_普查109年_統計表/縣市/高雄市/表46 高雄市有人經常居住住宅之平均每人使用房廳數及衛浴套數.ods,https://ws.dgbas.gov.tw/001/Upload/463/relfile/11065/230899/s046.ods,200,18081,64403fa39ac674152befced3c24091c6a4dd9bc38e767528f9ae0f2d4bbb8de9,2026-08-16T07:51:37+00:00
07_普查109年_統計表/縣市/嘉義市,表14 嘉義市15歲以上民間常住人口有工作者之工作地與經常居住地概況,10906,行政院主計總處,每10年,07_普查109年_統計表/縣市/嘉義市/表14 嘉義市15歲以上民間常住人口有工作者之工作地與經常居住地概況.ods,https://ws.dgbas.gov.tw/001/Upload/463/relfile/11065/230900/s014.ods,200,10883,81d85b0bca15835c3e49b42c9bae2f6083dcf3359d4407d741b04ea9695bca80,2026-08-16T07:51:38+00:00
07_普查109年_統計表/縣市/嘉義市,表20 嘉義市5歲以上常住人口遷徙情形,10906,行政院主計總處,每10年,07_普查109年_統計表/縣市/嘉義市/表20 嘉義市5歲以上常住人口遷徙情形.ods,https://ws.dgbas.gov.tw/001/Upload/463/relfile/11065/230900/s020.ods,200,9468,cd41fcf8a095a789221fb2f43b1fb44feb6961ee36f803887d9780a39c160baf,2026-08-16T07:51:39+00:00
07_普查109年_統計表/縣市/嘉義市,表31 嘉義市住戶數、常住人口數及平均每戶人口數,10906,行政院主計總處,每10年,07_普查109年_統計表/縣市/嘉義市/表31 嘉義市住戶數、常住人口數及平均每戶人口數.ods,https://ws.dgbas.gov.tw/001/Upload/463/relfile/11065/230900/s031.ods,200,8758,3b19bc4f7394ddc0d396544b768a36cce98ac4cdb85ac17f799f09f855fc7112,2026-08-16T07:51:40+00:00
07_普查109年_統計表/縣市/嘉義市,表32 嘉義市普通住戶之戶內人口數,10906,行政院主計總處,每10年,07_普查109年_統計表/縣市/嘉義市/表32 嘉義市普通住戶之戶內人口數.ods,https://ws.dgbas.gov.tw/001/Upload/463/relfile/11065/230900/s032.ods,200,8417,cd94c0e70198e0f0c36dd88c90b7864342784e25b0fbb4cc1b57c861b4ab3916,2026-08-16T07:51:40+00:00
07_普查109年_統計表/縣市/嘉義市,表33 嘉義市普通住戶之家戶型態,10906,行政院主計總處,每10年,07_普查109年_統計表/縣市/嘉義市/表33 嘉義市普通住戶之家戶型態.ods,https://ws.dgbas.gov.tw/001/Upload/463/relfile/11065/230900/s033.ods,200,14679,cc54993e61c4e7a3feb664b9070708893775ca7fd309d89726f91b945b8e875a,2026-08-16T07:51:41+00:00
07_普查109年_統計表/縣市/嘉義市,表34 嘉義市普通住戶之住宅所有權屬,10906,行政院主計總處,每10年,07_普查109年_統計表/縣市/嘉義市/表34 嘉義市普通住戶之住宅所有權屬.ods,https://ws.dgbas.gov.tw/001/Upload/463/relfile/11065/230900/s034.ods,200,8208,c0457ac6fd6694fd7a3d22e7d1a8e59bf0c374c61df2e762e25c725e6596db49,2026-08-16T07:51:42+00:00
07_普查109年_統計表/縣市/嘉義市,表37 嘉義市住宅使用情形,10906,行政院主計總處,每10年,07_普查109年_統計表/縣市/嘉義市/表37 嘉義市住宅使用情形.ods,https://ws.dgbas.gov.tw/001/Upload/463/relfile/11065/230900/s037.ods,200,8581,8db40e8ce1c41fc1c0e71b12599ea7c39c6b08adb751194c51650e1959f1167e,2026-08-16T07:51:43+00:00
07_普查109年_統計表/縣市/嘉義市,表38 嘉義市住宅之竣工年份,10906,行政院主計總處,每10年,07_普查109年_統計表/縣市/嘉義市/表38 嘉義市住宅之竣工年份.ods,https://ws.dgbas.gov.tw/001/Upload/463/relfile/11065/230900/s038.ods,200,8806,55d65a344de2bcdf06d78bc714209e80bc455c5e604345123c0c03d55c98098c,2026-08-16T07:51:44+00:00
07_普查109年_統計表/縣市/嘉義市,表39 嘉義市住宅之樓地板面積,10906,行政院主計總處,每10年,07_普查109年_統計表/縣市/嘉義市/表39 嘉義市住宅之樓地板面積.ods,https://ws.dgbas.gov.tw/001/Upload/463/relfile/11065/230900/s039.ods,200,8295,311faaeeb6b96100873ba7c1d74bf7608263b531c83d5070625e874e07d149c0,2026-08-16T07:51:44+00:00
07_普查109年_統計表/縣市/嘉義市,表40 嘉義市住宅之建築類型,10906,行政院主計總處,每10年,07_普查109年_統計表/縣市/嘉義市/表40 嘉義市住宅之建築類型.ods,https://ws.dgbas.gov.tw/001/Upload/463/relfile/11065/230900/s040.ods,200,10471,c686a2fab58e17a2a965fcf66741267dbd71cdd7d353c108c23eb95e9c8174a5,2026-08-16T07:51:45+00:00
07_普查109年_統計表/縣市/嘉義市,表41 嘉義市空閒住宅之竣工年份,10906,行政院主計總處,每10年,07_普查109年_統計表/縣市/嘉義市/表41 嘉義市空閒住宅之竣工年份.ods,https://ws.dgbas.gov.tw/001/Upload/463/relfile/11065/230900/s041.ods,200,9265,3b7ed6a89531b497e1a7390a78083e6dc8f426dcf076b7afa5aa2815c454e22e,2026-08-16T07:51:46+00:00
07_普查109年_統計表/縣市/嘉義市,表42 嘉義市空閒住宅之樓地板面積,10906,行政院主計總處,每10年,07_普查109年_統計表/縣市/嘉義市/表42 嘉義市空閒住宅之樓地板面積.ods,https://ws.dgbas.gov.tw/001/Upload/463/relfile/11065/230900/s042.ods,200,8727,10a3984dca0671d1d4809f9f2fbc3f2e05c81ba1cfdcab2137fc08e610e1f0e9,2026-08-16T07:51:47+00:00
07_普查109年_統計表/縣市/嘉義市,表43 嘉義市有人經常居住住宅之使用情形,10906,行政院主計總處,每10年,07_普查109年_統計表/縣市/嘉義市/表43 嘉義市有人經常居住住宅之使用情形.ods,https://ws.dgbas.gov.tw/001/Upload/463/relfile/11065/230900/s043.ods,200,8573,5fe17cac5fd095736d04815aefc3d055b13674e423cbacc59a8c19545a011b91,2026-08-16T07:51:47+00:00
07_普查109年_統計表/縣市/嘉義市,表44 嘉義市有人經常居住住宅之居住人數,10906,行政院主計總處,每10年,07_普查109年_統計表/縣市/嘉義市/表44 嘉義市有人經常居住住宅之居住人數.ods,https://ws.dgbas.gov.tw/001/Upload/463/relfile/11065/230900/s044.ods,200,8111,bd906414808185e844f8d58983af7d4d26a07545c5fe7e8ce2effeebbfe1e537,2026-08-16T07:51:48+00:00
07_普查109年_統計表/縣市/嘉義市,表45 嘉義市有人經常居住住宅之房廳數,10906,行政院主計總處,每10年,07_普查109年_統計表/縣市/嘉義市/表45 嘉義市有人經常居住住宅之房廳數.ods,https://ws.dgbas.gov.tw/001/Upload/463/relfile/11065/230900/s045.ods,200,9770,f60573008e126f4c418dba4d1165e50ce3f298dfa78200eb4fd29063c56d3568,2026-08-16T07:51:49+00:00
07_普查109年_統計表/縣市/嘉義市,表46 嘉義市有人經常居住住宅之平均每人使用房廳數及衛浴套數,10906,行政院主計總處,每10年,07_普查109年_統計表/縣市/嘉義市/表46 嘉義市有人經常居住住宅之平均每人使用房廳數及衛浴套數.ods,https://ws.dgbas.gov.tw/001/Upload/463/relfile/11065/230900/s046.ods,200,11413,e9c6ee85c462667627b233df71c97b076499086254e57fa4c3c9316805f633be,2026-08-16T07:51:50+00:00
07_普查109年_統計表/縣市/嘉義縣,表14 嘉義縣15歲以上民間常住人口有工作者之工作地與經常居住地概況,10906,行政院主計總處,每10年,07_普查109年_統計表/縣市/嘉義縣/表14 嘉義縣15歲以上民間常住人口有工作者之工作地與經常居住地概況.ods,https://ws.dgbas.gov.tw/001/Upload/463/relfile/11065/230901/s014.ods,200,16730,24df4f1a6cc6b139da9c66eb3e475b6994bda64f1a27072ae2ca30e88b47577c,2026-08-16T07:51:51+00:00
07_普查109年_統計表/縣市/嘉義縣,表20 嘉義縣5歲以上常住人口遷徙情形,10906,行政院主計總處,每10年,07_普查109年_統計表/縣市/嘉義縣/表20 嘉義縣5歲以上常住人口遷徙情形.ods,https://ws.dgbas.gov.tw/001/Upload/463/relfile/11065/230901/s020.ods,200,18625,aa827f22732a5b60b3c5be43eb79df0fc499c6eae18681659bb2ac48aeef011d,2026-08-16T07:51:52+00:00
07_普查109年_統計表/縣市/嘉義縣,表31 嘉義縣住戶數、常住人口數及平均每戶人口數,10906,行政院主計總處,每10年,07_普查109年_統計表/縣市/嘉義縣/表31 嘉義縣住戶數、常住人口數及平均每戶人口數.ods,https://ws.dgbas.gov.tw/001/Upload/463/relfile/11065/230901/s031.ods,200,10898,a9dd10689fc2b92f446b5c21c07e314bfd2c0576fd5b678c60b23d4dba92a245,2026-08-16T07:51:52+00:00
07_普查109年_統計表/縣市/嘉義縣,表32 嘉義縣普通住戶之戶內人口數,10906,行政院主計總處,每10年,07_普查109年_統計表/縣市/嘉義縣/表32 嘉義縣普通住戶之戶內人口數.ods,https://ws.dgbas.gov.tw/001/Upload/463/relfile/11065/230901/s032.ods,200,10237,c9f32d53a37ee9be54ccf1c26085c067e18ad2ddfb5475c45256c5537aa4858f,2026-08-16T07:51:53+00:00
07_普查109年_統計表/縣市/嘉義縣,表33 嘉義縣普通住戶之家戶型態,10906,行政院主計總處,每10年,07_普查109年_統計表/縣市/嘉義縣/表33 嘉義縣普通住戶之家戶型態.ods,https://ws.dgbas.gov.tw/001/Upload/463/relfile/11065/230901/s033.ods,200,19836,42b712667f571c7dfff1e3cda2e628e9db6e00f2db57a5bb07b97cb6826bfcc2,2026-08-16T07:51:54+00:00
07_普查109年_統計表/縣市/嘉義縣,表34 嘉義縣普通住戶之住宅所有權屬,10906,行政院主計總處,每10年,07_普查109年_統計表/縣市/嘉義縣/表34 嘉義縣普通住戶之住宅所有權屬.ods,https://ws.dgbas.gov.tw/001/Upload/463/relfile/11065/230901/s034.ods,200,9733,f8995f61e22ec1083852bedf051b3fdb5846dc82e7119255e7e6236a73bb1b56,2026-08-16T07:51:55+00:00
07_普查109年_統計表/縣市/嘉義縣,表37 嘉義縣住宅使用情形,10906,行政院主計總處,每10年,07_普查109年_統計表/縣市/嘉義縣/表37 嘉義縣住宅使用情形.ods,https://ws.dgbas.gov.tw/001/Upload/463/relfile/11065/230901/s037.ods,200,10226,e0f13e61829c3ed1b518f9ae6f2be5b9d75a7f9b32c235e9c8a805db386f307f,2026-08-16T07:51:56+00:00
07_普查109年_統計表/縣市/嘉義縣,表38 嘉義縣住宅之竣工年份,10906,行政院主計總處,每10年,07_普查109年_統計表/縣市/嘉義縣/表38 嘉義縣住宅之竣工年份.ods,https://ws.dgbas.gov.tw/001/Upload/463/relfile/11065/230901/s038.ods,200,10635,7d9c2591e30466e536806c2a9820ebca0976018a718d25cd86f05c5d3ed80b04,2026-08-16T07:51:56+00:00
07_普查109年_統計表/縣市/嘉義縣,表39 嘉義縣住宅之樓地板面積,10906,行政院主計總處,每10年,07_普查109年_統計表/縣市/嘉義縣/表39 嘉義縣住宅之樓地板面積.ods,https://ws.dgbas.gov.tw/001/Upload/463/relfile/11065/230901/s039.ods,200,10138,da57e139c0780aeaec71614abcb5ad21ccf9c08f43b7bf9cdc028d375837e8c3,2026-08-16T07:51:57+00:00
07_普查109年_統計表/縣市/嘉義縣,表40 嘉義縣住宅之建築類型,10906,行政院主計總處,每10年,07_普查109年_統計表/縣市/嘉義縣/表40 嘉義縣住宅之建築類型.ods,https://ws.dgbas.gov.tw/001/Upload/463/relfile/11065/230901/s040.ods,200,12982,fda604c8bad1d08e9d2d2e58c21d7ba985bd0591e0e463151cc6d2234b1be24f,2026-08-16T07:51:58+00:00
07_普查109年_統計表/縣市/嘉義縣,表41 嘉義縣空閒住宅之竣工年份,10906,行政院主計總處,每10年,07_普查109年_統計表/縣市/嘉義縣/表41 嘉義縣空閒住宅之竣工年份.ods,https://ws.dgbas.gov.tw/001/Upload/463/relfile/11065/230901/s041.ods,200,11099,ee89d828d80b188134831ef045f394294f51e1a35e177afdcca03b854119800a,2026-08-16T07:51:59+00:00
07_普查109年_統計表/縣市/嘉義縣,表42 嘉義縣空閒住宅之樓地板面積,10906,行政院主計總處,每10年,07_普查109年_統計表/縣市/嘉義縣/表42 嘉義縣空閒住宅之樓地板面積.ods,https://ws.dgbas.gov.tw/001/Upload/463/relfile/11065/230901/s042.ods,200,10423,fc4294138e265de267cf57c23542d7758595ee27529ddf57e208907353febb57,2026-08-16T07:52:00+00:00
07_普查109年_統計表/縣市/嘉義縣,表43 嘉義縣有人經常居住住宅之使用情形,10906,行政院主計總處,每10年,07_普查109年_統計表/縣市/嘉義縣/表43 嘉義縣有人經常居住住宅之使用情形.ods,https://ws.dgbas.gov.tw/001/Upload/463/relfile/11065/230901/s043.ods,200,10137,0f6b0fb51474ef60caf62d325b895e024cb31a4dd0f84eced4bef9798d1e039a,2026-08-16T07:52:01+00:00
07_普查109年_統計表/縣市/嘉義縣,表44 嘉義縣有人經常居住住宅之居住人數,10906,行政院主計總處,每10年,07_普查109年_統計表/縣市/嘉義縣/表44 嘉義縣有人經常居住住宅之居住人數.ods,https://ws.dgbas.gov.tw/001/Upload/463/relfile/11065/230901/s044.ods,200,10092,d43e7b0fb8168b8991e9810c9bbcd8dd6b990f20539961a244a2e4b118a9dfe2,2026-08-16T07:52:01+00:00
07_普查109年_統計表/縣市/嘉義縣,表45 嘉義縣有人經常居住住宅之房廳數,10906,行政院主計總處,每10年,07_普查109年_統計表/縣市/嘉義縣/表45 嘉義縣有人經常居住住宅之房廳數.ods,https://ws.dgbas.gov.tw/001/Upload/463/relfile/11065/230901/s045.ods,200,13044,23a53e11ae63aa23813ba3562bc1c9fecbb3caa43f086d121eee221f2fdbf82a,2026-08-16T07:52:02+00:00
07_普查109年_統計表/縣市/嘉義縣,表46 嘉義縣有人經常居住住宅之平均每人使用房廳數及衛浴套數,10906,行政院主計總處,每10年,07_普查109年_統計表/縣市/嘉義縣/表46 嘉義縣有人經常居住住宅之平均每人使用房廳數及衛浴套數.ods,https://ws.dgbas.gov.tw/001/Upload/463/relfile/11065/230901/s046.ods,200,15503,7e824b4f64103b3197ceb50939a96ac091892c35867e8122846c8c0547be4793,2026-08-16T07:52:03+00:00
07_普查109年_統計表/縣市/屏東縣,表14 屏東縣15歲以上民間常住人口有工作者之工作地與經常居住地概況,10906,行政院主計總處,每10年,07_普查109年_統計表/縣市/屏東縣/表14 屏東縣15歲以上民間常住人口有工作者之工作地與經常居住地概況.ods,https://ws.dgbas.gov.tw/001/Upload/463/relfile/11065/230902/s014.ods,200,25623,1cf4d8e117fca245026ee4ac42c634d772ebbad883c9682f56a64a426a01f24d,2026-08-16T07:52:04+00:00
07_普查109年_統計表/縣市/屏東縣,表20 屏東縣5歲以上常住人口遷徙情形,10906,行政院主計總處,每10年,07_普查109年_統計表/縣市/屏東縣/表20 屏東縣5歲以上常住人口遷徙情形.ods,https://ws.dgbas.gov.tw/001/Upload/463/relfile/11065/230902/s020.ods,200,22396,b208747f0b3b2b45a694324ddbf25a282c08de8934c9b79b869991df4ef745a0,2026-08-16T07:52:05+00:00
07_普查109年_統計表/縣市/屏東縣,表31 屏東縣住戶數、常住人口數及平均每戶人口數,10906,行政院主計總處,每10年,07_普查109年_統計表/縣市/屏東縣/表31 屏東縣住戶數、常住人口數及平均每戶人口數.ods,https://ws.dgbas.gov.tw/001/Upload/463/relfile/11065/230902/s031.ods,200,12560,f47713195e0ffa5149dc8a9f66a028dc069201f5f54c12f84300add724cebe0b,2026-08-16T07:52:06+00:00
07_普查109年_統計表/縣市/屏東縣,表32 屏東縣普通住戶之戶內人口數,10906,行政院主計總處,每10年,07_普查109年_統計表/縣市/屏東縣/表32 屏東縣普通住戶之戶內人口數.ods,https://ws.dgbas.gov.tw/001/Upload/463/relfile/11065/230902/s032.ods,200,11765,505c1ccee58accaa83dcb2c7226ea38708595acbade7e0f8e7ec0549a22952fc,2026-08-16T07:52:06+00:00
07_普查109年_統計表/縣市/屏東縣,表33 屏東縣普通住戶之家戶型態,10906,行政院主計總處,每10年,07_普查109年_統計表/縣市/屏東縣/表33 屏東縣普通住戶之家戶型態.ods,https://ws.dgbas.gov.tw/001/Upload/463/relfile/11065/230902/s033.ods,200,21883,b6940547ac9daac6a922c910526c1bf83e0ae1262025879ac0003d94d69443b6,2026-08-16T07:52:07+00:00
07_普查109年_統計表/縣市/屏東縣,表34 屏東縣普通住戶之住宅所有權屬,10906,行政院主計總處,每10年,07_普查109年_統計表/縣市/屏東縣/表34 屏東縣普通住戶之住宅所有權屬.ods,https://ws.dgbas.gov.tw/001/Upload/463/relfile/11065/230902/s034.ods,200,10934,1be3120ad4eedd96fb1183052003bb1f58010ea30a679313045bae9708f8cca9,2026-08-16T07:52:08+00:00
07_普查109年_統計表/縣市/屏東縣,表37 屏東縣住宅使用情形,10906,行政院主計總處,每10年,07_普查109年_統計表/縣市/屏東縣/表37 屏東縣住宅使用情形.ods,https://ws.dgbas.gov.tw/001/Upload/463/relfile/11065/230902/s037.ods,200,11559,3f13a6be6698e8560387d71c725a2d61369fa3b90f898a827aae0f9f7456ae75,2026-08-16T07:52:09+00:00
07_普查109年_統計表/縣市/屏東縣,表38 屏東縣住宅之竣工年份,10906,行政院主計總處,每10年,07_普查109年_統計表/縣市/屏東縣/表38 屏東縣住宅之竣工年份.ods,https://ws.dgbas.gov.tw/001/Upload/463/relfile/11065/230902/s038.ods,200,12182,cf564d2746c5045cc1058216ac8a32585f26311f2f557b938029df056e750e3f,2026-08-16T07:52:10+00:00
07_普查109年_統計表/縣市/屏東縣,表39 屏東縣住宅之樓地板面積,10906,行政院主計總處,每10年,07_普查109年_統計表/縣市/屏東縣/表39 屏東縣住宅之樓地板面積.ods,https://ws.dgbas.gov.tw/001/Upload/463/relfile/11065/230902/s039.ods,200,11609,955505fe15b3cff8545b47891024696d03e189911fbf47d4645744ad33cefe2d,2026-08-16T07:52:10+00:00
07_普查109年_統計表/縣市/屏東縣,表40 屏東縣住宅之建築類型,10906,行政院主計總處,每10年,07_普查109年_統計表/縣市/屏東縣/表40 屏東縣住宅之建築類型.ods,https://ws.dgbas.gov.tw/001/Upload/463/relfile/11065/230902/s040.ods,200,15224,189d0f97497b8f5571e5688b80133b014afc87be3f97f8e7d9d7020adb96ce6d,2026-08-16T07:52:11+00:00
07_普查109年_統計表/縣市/屏東縣,表41 屏東縣空閒住宅之竣工年份,10906,行政院主計總處,每10年,07_普查109年_統計表/縣市/屏東縣/表41 屏東縣空閒住宅之竣工年份.ods,https://ws.dgbas.gov.tw/001/Upload/463/relfile/11065/230902/s041.ods,200,12350,6e4e40d2bb2299ff956eb086b7dbff7c99f173bf97659bedc7359402949ba3ca,2026-08-16T07:52:12+00:00
07_普查109年_統計表/縣市/屏東縣,表42 屏東縣空閒住宅之樓地板面積,10906,行政院主計總處,每10年,07_普查109年_統計表/縣市/屏東縣/表42 屏東縣空閒住宅之樓地板面積.ods,https://ws.dgbas.gov.tw/001/Upload/463/relfile/11065/230902/s042.ods,200,11833,7c9bbadef042cfe6f3fd585f98712a15816fe57dc50348e64fbbd37687262d8f,2026-08-16T07:52:13+00:00
07_普查109年_統計表/縣市/屏東縣,表43 屏東縣有人經常居住住宅之使用情形,10906,行政院主計總處,每10年,07_普查109年_統計表/縣市/屏東縣/表43 屏東縣有人經常居住住宅之使用情形.ods,https://ws.dgbas.gov.tw/001/Upload/463/relfile/11065/230902/s043.ods,200,11327,00d76eb627ff5f921488eb72768a3f0f2b5798e05818edfdb158cdf623e3664a,2026-08-16T07:52:14+00:00
07_普查109年_統計表/縣市/屏東縣,表44 屏東縣有人經常居住住宅之居住人數,10906,行政院主計總處,每10年,07_普查109年_統計表/縣市/屏東縣/表44 屏東縣有人經常居住住宅之居住人數.ods,https://ws.dgbas.gov.tw/001/Upload/463/relfile/11065/230902/s044.ods,200,11490,b568a581050e79495041633e67d70ed050e79d676df7c73372dba32fb5f99dc6,2026-08-16T07:52:14+00:00
07_普查109年_統計表/縣市/屏東縣,表45 屏東縣有人經常居住住宅之房廳數,10906,行政院主計總處,每10年,07_普查109年_統計表/縣市/屏東縣/表45 屏東縣有人經常居住住宅之房廳數.ods,https://ws.dgbas.gov.tw/001/Upload/463/relfile/11065/230902/s045.ods,200,14537,7fa228b013ab2e0d7aaf0f8861002d72620fdbc3874462aafe6a24ad6ea7c490,2026-08-16T07:52:15+00:00
07_普查109年_統計表/縣市/屏東縣,表46 屏東縣有人經常居住住宅之平均每人使用房廳數及衛浴套數,10906,行政院主計總處,每10年,07_普查109年_統計表/縣市/屏東縣/表46 屏東縣有人經常居住住宅之平均每人使用房廳數及衛浴套數.ods,https://ws.dgbas.gov.tw/001/Upload/463/relfile/11065/230902/s046.ods,200,17254,1d3f86deeab55944b24c41207430f2d990cee0d6dc21c95abb0e1d6e94039774,2026-08-16T07:52:16+00:00
07_普查109年_統計表/縣市/澎湖縣,表14 澎湖縣15歲以上民間常住人口有工作者之工作地與經常居住地概況,10906,行政院主計總處,每10年,07_普查109年_統計表/縣市/澎湖縣/表14 澎湖縣15歲以上民間常住人口有工作者之工作地與經常居住地概況.ods,https://ws.dgbas.gov.tw/001/Upload/463/relfile/11065/230903/s014.ods,200,11366,ae92bef0570e11183c1a49c338677b103f5c309cde2d75557f5128ea35838f78,2026-08-16T07:52:17+00:00
07_普查109年_統計表/縣市/澎湖縣,表20 澎湖縣5歲以上常住人口遷徙情形,10906,行政院主計總處,每10年,07_普查109年_統計表/縣市/澎湖縣/表20 澎湖縣5歲以上常住人口遷徙情形.ods,https://ws.dgbas.gov.tw/001/Upload/463/relfile/11065/230903/s020.ods,200,10477,464ee155cbe26b7a82d0bf74a118193504b249719470cdb98215b460a5a938c7,2026-08-16T07:52:18+00:00
07_普查109年_統計表/縣市/澎湖縣,表31 澎湖縣住戶數、常住人口數及平均每戶人口數,10906,行政院主計總處,每10年,07_普查109年_統計表/縣市/澎湖縣/表31 澎湖縣住戶數、常住人口數及平均每戶人口數.ods,https://ws.dgbas.gov.tw/001/Upload/463/relfile/11065/230903/s031.ods,200,9317,138acee7538cdbe1a25b6de094258dd0794cdf5ad910e760045461b6c41f86ea,2026-08-16T07:52:18+00:00
07_普查109年_統計表/縣市/澎湖縣,表32 澎湖縣普通住戶之戶內人口數,10906,行政院主計總處,每10年,07_普查109年_統計表/縣市/澎湖縣/表32 澎湖縣普通住戶之戶內人口數.ods,https://ws.dgbas.gov.tw/001/Upload/463/relfile/11065/230903/s032.ods,200,8876,e148dc422615795a99ad7bd48404827486e9e74f05122998bc7c32455f41827b,2026-08-16T07:52:19+00:00
07_普查109年_統計表/縣市/澎湖縣,表33 澎湖縣普通住戶之家戶型態,10906,行政院主計總處,每10年,07_普查109年_統計表/縣市/澎湖縣/表33 澎湖縣普通住戶之家戶型態.ods,https://ws.dgbas.gov.tw/001/Upload/463/relfile/11065/230903/s033.ods,200,14930,c2e3dc06716c4098c20fba720d0df68f2d4048fe6f98c3f9dcd82284cac1ec9f,2026-08-16T07:52:20+00:00
07_普查109年_統計表/縣市/澎湖縣,表34 澎湖縣普通住戶之住宅所有權屬,10906,行政院主計總處,每10年,07_普查109年_統計表/縣市/澎湖縣/表34 澎湖縣普通住戶之住宅所有權屬.ods,https://ws.dgbas.gov.tw/001/Upload/463/relfile/11065/230903/s034.ods,200,8576,26f54c9e9a5e90c2e98b2c498d165180736852d8795b1b46544b82874a821670,2026-08-16T07:52:21+00:00
07_普查109年_統計表/縣市/澎湖縣,表37 澎湖縣住宅使用情形,10906,行政院主計總處,每10年,07_普查109年_統計表/縣市/澎湖縣/表37 澎湖縣住宅使用情形.ods,https://ws.dgbas.gov.tw/001/Upload/463/relfile/11065/230903/s037.ods,200,9009,14f833c01742ae9ba140e1925ddb894c11f7322301d66dcedca28c4e3bba4a87,2026-08-16T07:52:22+00:00
07_普查109年_統計表/縣市/澎湖縣,表38 澎湖縣住宅之竣工年份,10906,行政院主計總處,每10年,07_普查109年_統計表/縣市/澎湖縣/表38 澎湖縣住宅之竣工年份.ods,https://ws.dgbas.gov.tw/001/Upload/463/relfile/11065/230903/s038.ods,200,9287,8a5a9173a96d20c862a66da7b76e18ade90b91f57e6fdfad0938452c8f8d9dae,2026-08-16T07:52:23+00:00
07_普查109年_統計表/縣市/澎湖縣,表39 澎湖縣住宅之樓地板面積,10906,行政院主計總處,每10年,07_普查109年_統計表/縣市/澎湖縣/表39 澎湖縣住宅之樓地板面積.ods,https://ws.dgbas.gov.tw/001/Upload/463/relfile/11065/230903/s039.ods,200,8790,2a241fb8160d6bbee72c366e3f147718e1b8440437c52e3c9ebbaa02b6e7cad3,2026-08-16T07:52:24+00:00
07_普查109年_統計表/縣市/澎湖縣,表40 澎湖縣住宅之建築類型,10906,行政院主計總處,每10年,07_普查109年_統計表/縣市/澎湖縣/表40 澎湖縣住宅之建築類型.ods,https://ws.dgbas.gov.tw/001/Upload/463/relfile/11065/230903/s040.ods,200,10716,820a83777b437292488b87c932c0e0b738055320b059fb1137a284f547a69a7a,2026-08-16T07:52:24+00:00
07_普查109年_統計表/縣市/澎湖縣,表41 澎湖縣空閒住宅之竣工年份,10906,行政院主計總處,每10年,07_普查109年_統計表/縣市/澎湖縣/表41 澎湖縣空閒住宅之竣工年份.ods,https://ws.dgbas.gov.tw/001/Upload/463/relfile/11065/230903/s041.ods,200,9646,686d7cbbb2e954c344a287d4dc8894e288876a744d55640a93b405ca4a861658,2026-08-16T07:52:25+00:00
07_普查109年_統計表/縣市/澎湖縣,表42 澎湖縣空閒住宅之樓地板面積,10906,行政院主計總處,每10年,07_普查109年_統計表/縣市/澎湖縣/表42 澎湖縣空閒住宅之樓地板面積.ods,https://ws.dgbas.gov.tw/001/Upload/463/relfile/11065/230903/s042.ods,200,9225,89f678bb6ea115a22941fe3448011ee91d90caed482a5bf991208886524cbb77,2026-08-16T07:52:26+00:00
07_普查109年_統計表/縣市/澎湖縣,表43 澎湖縣有人經常居住住宅之使用情形,10906,行政院主計總處,每10年,07_普查109年_統計表/縣市/澎湖縣/表43 澎湖縣有人經常居住住宅之使用情形.ods,https://ws.dgbas.gov.tw/001/Upload/463/relfile/11065/230903/s043.ods,200,8853,58190802731adcda9f4656622d464b0df20dfb66db5e6e37f5c9e0649b822307,2026-08-16T07:52:27+00:00
07_普查109年_統計表/縣市/澎湖縣,表44 澎湖縣有人經常居住住宅之居住人數,10906,行政院主計總處,每10年,07_普查109年_統計表/縣市/澎湖縣/表44 澎湖縣有人經常居住住宅之居住人數.ods,https://ws.dgbas.gov.tw/001/Upload/463/relfile/11065/230903/s044.ods,200,8585,0c99c41d1614a44d3b737c74b02416a84644270b6e1f95bc932e340f7e9ed083,2026-08-16T07:52:27+00:00
07_普查109年_統計表/縣市/澎湖縣,表45 澎湖縣有人經常居住住宅之房廳數,10906,行政院主計總處,每10年,07_普查109年_統計表/縣市/澎湖縣/表45 澎湖縣有人經常居住住宅之房廳數.ods,https://ws.dgbas.gov.tw/001/Upload/463/relfile/11065/230903/s045.ods,200,10167,60a8a808960241cc6e90f256f9a37c9acd4b35694417c67d7315ae1e4d08948e,2026-08-16T07:52:28+00:00
07_普查109年_統計表/縣市/澎湖縣,表46 澎湖縣有人經常居住住宅之平均每人使用房廳數及衛浴套數,10906,行政院主計總處,每10年,07_普查109年_統計表/縣市/澎湖縣/表46 澎湖縣有人經常居住住宅之平均每人使用房廳數及衛浴套數.ods,https://ws.dgbas.gov.tw/001/Upload/463/relfile/11065/230903/s046.ods,200,11916,e70c969783661dc9f982435b8a59fc13956faa4009ee6c1973b82267010dec90,2026-08-16T07:52:29+00:00
07_普查109年_統計表/縣市/臺東縣,表14 臺東縣15歲以上民間常住人口有工作者之工作地與經常居住地概況,10906,行政院主計總處,每10年,07_普查109年_統計表/縣市/臺東縣/表14 臺東縣15歲以上民間常住人口有工作者之工作地與經常居住地概況.ods,https://ws.dgbas.gov.tw/001/Upload/463/relfile/11065/230904/s014.ods,200,15879,bca7d5e5843461dd3f0535e8899ccdd031eae543bff15fae5f53dac13b8ab7e8,2026-08-16T07:52:30+00:00
07_普查109年_統計表/縣市/臺東縣,表20 臺東縣5歲以上常住人口遷徙情形,10906,行政院主計總處,每10年,07_普查109年_統計表/縣市/臺東縣/表20 臺東縣5歲以上常住人口遷徙情形.ods,https://ws.dgbas.gov.tw/001/Upload/463/relfile/11065/230904/s020.ods,200,17777,485f76fa8f43471beff490fe0f646b3a184b3588eeba14e5728ca68e7f4ff24c,2026-08-16T07:52:31+00:00
07_普查109年_統計表/縣市/臺東縣,表31 臺東縣住戶數、常住人口數及平均每戶人口數,10906,行政院主計總處,每10年,07_普查109年_統計表/縣市/臺東縣/表31 臺東縣住戶數、常住人口數及平均每戶人口數.ods,https://ws.dgbas.gov.tw/001/Upload/463/relfile/11065/230904/s031.ods,200,10640,b64188634a6d0ab591e11fb9ac71598172b5269d4e56bbb526bc6f9551ac0e16,2026-08-16T07:52:32+00:00
07_普查109年_統計表/縣市/臺東縣,表32 臺東縣普通住戶之戶內人口數,10906,行政院主計總處,每10年,07_普查109年_統計表/縣市/臺東縣/表32 臺東縣普通住戶之戶內人口數.ods,https://ws.dgbas.gov.tw/001/Upload/463/relfile/11065/230904/s032.ods,200,9974,fbc1d403197a577a5e7461c9d293d1255c3acd01c8474a6d4bcefc17ad7f6bb2,2026-08-16T07:52:32+00:00
07_普查109年_統計表/縣市/臺東縣,表33 臺東縣普通住戶之家戶型態,10906,行政院主計總處,每10年,07_普查109年_統計表/縣市/臺東縣/表33 臺東縣普通住戶之家戶型態.ods,https://ws.dgbas.gov.tw/001/Upload/463/relfile/11065/230904/s033.ods,200,18929,81a4ed28179410ee64d14997792ae551f4c5969d3dfa7ab1223d47133b27fbbe,2026-08-16T07:52:33+00:00
07_普查109年_統計表/縣市/臺東縣,表34 臺東縣普通住戶之住宅所有權屬,10906,行政院主計總處,每10年,07_普查109年_統計表/縣市/臺東縣/表34 臺東縣普通住戶之住宅所有權屬.ods,https://ws.dgbas.gov.tw/001/Upload/463/relfile/11065/230904/s034.ods,200,9468,1e78143f1fb9ad66ac8d51d62837a7084c12dc8013f580403f27a5398a88dc92,2026-08-16T07:52:34+00:00
07_普查109年_統計表/縣市/臺東縣,表37 臺東縣住宅使用情形,10906,行政院主計總處,每10年,07_普查109年_統計表/縣市/臺東縣/表37 臺東縣住宅使用情形.ods,https://ws.dgbas.gov.tw/001/Upload/463/relfile/11065/230904/s037.ods,200,10060,085b51fe4e5f9609407ef2a69979204edb146d0cb7d2a5a2a46642bfd391f45c,2026-08-16T07:52:35+00:00
07_普查109年_統計表/縣市/臺東縣,表38 臺東縣住宅之竣工年份,10906,行政院主計總處,每10年,07_普查109年_統計表/縣市/臺東縣/表38 臺東縣住宅之竣工年份.ods,https://ws.dgbas.gov.tw/001/Upload/463/relfile/11065/230904/s038.ods,200,10298,1dfa8ab31679cbc0db6b01473866cd11511868df9479956be46500b853c62971,2026-08-16T07:52:36+00:00
07_普查109年_統計表/縣市/臺東縣,表39 臺東縣住宅之樓地板面積,10906,行政院主計總處,每10年,07_普查109年_統計表/縣市/臺東縣/表39 臺東縣住宅之樓地板面積.ods,https://ws.dgbas.gov.tw/001/Upload/463/relfile/11065/230904/s039.ods,200,9779,f9149880140695319b5e6e1e23b56643f1e0af275f055443ac71f2f73cf5dae4,2026-08-16T07:52:36+00:00
07_普查109年_統計表/縣市/臺東縣,表40 臺東縣住宅之建築類型,10906,行政院主計總處,每10年,07_普查109年_統計表/縣市/臺東縣/表40 臺東縣住宅之建築類型.ods,https://ws.dgbas.gov.tw/001/Upload/463/relfile/11065/230904/s040.ods,200,12640,9790e2120d624239f7c0d690802354c17adb9b7bcfe3f830c4ad310b2bb63365,2026-08-16T07:52:37+00:00
07_普查109年_統計表/縣市/臺東縣,表41 臺東縣空閒住宅之竣工年份,10906,行政院主計總處,每10年,07_普查109年_統計表/縣市/臺東縣/表41 臺東縣空閒住宅之竣工年份.ods,https://ws.dgbas.gov.tw/001/Upload/463/relfile/11065/230904/s041.ods,200,10754,fbc5721356be1d2503e2314b7d6fa30e973519c4e63a31321b5af58c1e7a7fcf,2026-08-16T07:52:38+00:00
07_普查109年_統計表/縣市/臺東縣,表42 臺東縣空閒住宅之樓地板面積,10906,行政院主計總處,每10年,07_普查109年_統計表/縣市/臺東縣/表42 臺東縣空閒住宅之樓地板面積.ods,https://ws.dgbas.gov.tw/001/Upload/463/relfile/11065/230904/s042.ods,200,10234,2a9fa2f2a2db64f49ed98963701312ec62d1c756be9eeff096b40c7c00d1b6e2,2026-08-16T07:52:39+00:00
07_普查109年_統計表/縣市/臺東縣,表43 臺東縣有人經常居住住宅之使用情形,10906,行政院主計總處,每10年,07_普查109年_統計表/縣市/臺東縣/表43 臺東縣有人經常居住住宅之使用情形.ods,https://ws.dgbas.gov.tw/001/Upload/463/relfile/11065/230904/s043.ods,200,9834,91494b2c2249e135de8eaf193884cb238c2a961da2dd8a271d81da4ab6c704a2,2026-08-16T07:52:39+00:00
07_普查109年_統計表/縣市/臺東縣,表44 臺東縣有人經常居住住宅之居住人數,10906,行政院主計總處,每10年,07_普查109年_統計表/縣市/臺東縣/表44 臺東縣有人經常居住住宅之居住人數.ods,https://ws.dgbas.gov.tw/001/Upload/463/relfile/11065/230904/s044.ods,200,9711,af64188c631a0ee9ba0c9278e8b1924ee598728b47b7b16891bee254da882e4a,2026-08-16T07:52:40+00:00
07_普查109年_統計表/縣市/臺東縣,表45 臺東縣有人經常居住住宅之房廳數,10906,行政院主計總處,每10年,07_普查109年_統計表/縣市/臺東縣/表45 臺東縣有人經常居住住宅之房廳數.ods,https://ws.dgbas.gov.tw/001/Upload/463/relfile/11065/230904/s045.ods,200,12645,a502f68c4e97dd804e1ad68f6956b708d430726ac0f9a1446bf69cd68d860c28,2026-08-16T07:52:41+00:00
07_普查109年_統計表/縣市/臺東縣,表46 臺東縣有人經常居住住宅之平均每人使用房廳數及衛浴套數,10906,行政院主計總處,每10年,07_普查109年_統計表/縣市/臺東縣/表46 臺東縣有人經常居住住宅之平均每人使用房廳數及衛浴套數.ods,https://ws.dgbas.gov.tw/001/Upload/463/relfile/11065/230904/s046.ods,200,15002,2f2c0183f46fa4d09d997a2e4e596bf981b4b44d15328108bcdc61eebd93b891,2026-08-16T07:52:42+00:00
07_普查109年_統計表/縣市/花蓮縣,表14 花蓮縣15歲以上民間常住人口有工作者之工作地與經常居住地概況,10906,行政院主計總處,每10年,07_普查109年_統計表/縣市/花蓮縣/表14 花蓮縣15歲以上民間常住人口有工作者之工作地與經常居住地概況.ods,https://ws.dgbas.gov.tw/001/Upload/463/relfile/11065/230905/s014.ods,200,15442,bc64b571aa09d29ed71d8d79e2de4ba79eba884208e683f24a1c5f80b815383f,2026-08-16T07:52:43+00:00
07_普查109年_統計表/縣市/花蓮縣,表20 花蓮縣5歲以上常住人口遷徙情形,10906,行政院主計總處,每10年,07_普查109年_統計表/縣市/花蓮縣/表20 花蓮縣5歲以上常住人口遷徙情形.ods,https://ws.dgbas.gov.tw/001/Upload/463/relfile/11065/230905/s020.ods,200,17040,e738e54c7e34d2e8aa5ecfcbd91054ab9465babcea2f7143c53c209e4936e400,2026-08-16T07:52:44+00:00
07_普查109年_統計表/縣市/花蓮縣,表31 花蓮縣住戶數、常住人口數及平均每戶人口數,10906,行政院主計總處,每10年,07_普查109年_統計表/縣市/花蓮縣/表31 花蓮縣住戶數、常住人口數及平均每戶人口數.ods,https://ws.dgbas.gov.tw/001/Upload/463/relfile/11065/230905/s031.ods,200,10216,478c5555a68c6bd29896c6c40cdbaa9d7040a1529ce0ce9e6431a261e75b0d9f,2026-08-16T07:52:45+00:00
07_普查109年_統計表/縣市/花蓮縣,表32 花蓮縣普通住戶之戶內人口數,10906,行政院主計總處,每10年,07_普查109年_統計表/縣市/花蓮縣/表32 花蓮縣普通住戶之戶內人口數.ods,https://ws.dgbas.gov.tw/001/Upload/463/relfile/11065/230905/s032.ods,200,9719,402f5f8482ddc00a10a4f44d0369fcd351a1f7f48186dfd6eaaa69a9939b5d72,2026-08-16T07:52:45+00:00
07_普查109年_統計表/縣市/花蓮縣,表33 花蓮縣普通住戶之家戶型態,10906,行政院主計總處,每10年,07_普查109年_統計表/縣市/花蓮縣/表33 花蓮縣普通住戶之家戶型態.ods,https://ws.dgbas.gov.tw/001/Upload/463/relfile/11065/230905/s033.ods,200,18830,5847dcfc42a42cf19c0d945dfaa794b16ce2d6f7783ba549520e917bc0d11d16,2026-08-16T07:52:46+00:00
07_普查109年_統計表/縣市/花蓮縣,表34 花蓮縣普通住戶之住宅所有權屬,10906,行政院主計總處,每10年,07_普查109年_統計表/縣市/花蓮縣/表34 花蓮縣普通住戶之住宅所有權屬.ods,https://ws.dgbas.gov.tw/001/Upload/463/relfile/11065/230905/s034.ods,200,9275,d9a7f97d7c5e8743ac23db4f7edc140c6d85ce24581f984d9d00959273a5687e,2026-08-16T07:52:47+00:00
07_普查109年_統計表/縣市/花蓮縣,表37 花蓮縣住宅使用情形,10906,行政院主計總處,每10年,07_普查109年_統計表/縣市/花蓮縣/表37 花蓮縣住宅使用情形.ods,https://ws.dgbas.gov.tw/001/Upload/463/relfile/11065/230905/s037.ods,200,9759,722f51f05d59a7b78cacb6ef1c397349d5235796449199b758e941a3ad170342,2026-08-16T07:52:48+00:00
07_普查109年_統計表/縣市/花蓮縣,表38 花蓮縣住宅之竣工年份,10906,行政院主計總處,每10年,07_普查109年_統計表/縣市/花蓮縣/表38 花蓮縣住宅之竣工年份.ods,https://ws.dgbas.gov.tw/001/Upload/463/relfile/11065/230905/s038.ods,200,10031,6c06733974db6c9b6a2b4753f2fa461cbd10e6b57fcc239d0d9c98ec314d51e9,2026-08-16T07:52:49+00:00
07_普查109年_統計表/縣市/花蓮縣,表39 花蓮縣住宅之樓地板面積,10906,行政院主計總處,每10年,07_普查109年_統計表/縣市/花蓮縣/表39 花蓮縣住宅之樓地板面積.ods,https://ws.dgbas.gov.tw/001/Upload/463/relfile/11065/230905/s039.ods,200,9537,97f0c13caba70b80ea4ed82bba95561e1b4d935479dbff39b7c369870e1d6191,2026-08-16T07:52:49+00:00
07_普查109年_統計表/縣市/花蓮縣,表40 花蓮縣住宅之建築類型,10906,行政院主計總處,每10年,07_普查109年_統計表/縣市/花蓮縣/表40 花蓮縣住宅之建築類型.ods,https://ws.dgbas.gov.tw/001/Upload/463/relfile/11065/230905/s040.ods,200,12426,60fd0ed8335838ad5ca0f54807d63e565190ffdc55f3a472525529510503ff31,2026-08-16T07:52:50+00:00
07_普查109年_統計表/縣市/花蓮縣,表41 花蓮縣空閒住宅之竣工年份,10906,行政院主計總處,每10年,07_普查109年_統計表/縣市/花蓮縣/表41 花蓮縣空閒住宅之竣工年份.ods,https://ws.dgbas.gov.tw/001/Upload/463/relfile/11065/230905/s041.ods,200,10534,37a7452b50ebcc0e7ee66266b7cd66dcdbb4d18ab3920a9df3f9d2c09225526c,2026-08-16T07:52:51+00:00
07_普查109年_統計表/縣市/花蓮縣,表42 花蓮縣空閒住宅之樓地板面積,10906,行政院主計總處,每10年,07_普查109年_統計表/縣市/花蓮縣/表42 花蓮縣空閒住宅之樓地板面積.ods,https://ws.dgbas.gov.tw/001/Upload/463/relfile/11065/230905/s042.ods,200,9984,7a3cb5cb970bb38f96795026a1cd2a476d1f5fb2c2ad3003d860d5039a0f416d,2026-08-16T07:52:52+00:00
07_普查109年_統計表/縣市/花蓮縣,表43 花蓮縣有人經常居住住宅之使用情形,10906,行政院主計總處,每10年,07_普查109年_統計表/縣市/花蓮縣/表43 花蓮縣有人經常居住住宅之使用情形.ods,https://ws.dgbas.gov.tw/001/Upload/463/relfile/11065/230905/s043.ods,200,9641,d5ddbbd36847dbb0dde7cb22395a9f465ce49c9b46e8a13abb2006f7c770d528,2026-08-16T07:52:53+00:00
07_普查109年_統計表/縣市/花蓮縣,表44 花蓮縣有人經常居住住宅之居住人數,10906,行政院主計總處,每10年,07_普查109年_統計表/縣市/花蓮縣/表44 花蓮縣有人經常居住住宅之居住人數.ods,https://ws.dgbas.gov.tw/001/Upload/463/relfile/11065/230905/s044.ods,200,9521,ca5e852823abb365b7a322b19005195ceaa09a6d7f50dda099cd1549df71467a,2026-08-16T07:52:53+00:00
07_普查109年_統計表/縣市/花蓮縣,表45 花蓮縣有人經常居住住宅之房廳數,10906,行政院主計總處,每10年,07_普查109年_統計表/縣市/花蓮縣/表45 花蓮縣有人經常居住住宅之房廳數.ods,https://ws.dgbas.gov.tw/001/Upload/463/relfile/11065/230905/s045.ods,200,12456,0f8d27a4df99a5161faf5f5fda11e8b765e2a577a2971a8529641e392908dc8c,2026-08-16T07:52:54+00:00
07_普查109年_統計表/縣市/花蓮縣,表46 花蓮縣有人經常居住住宅之平均每人使用房廳數及衛浴套數,10906,行政院主計總處,每10年,07_普查109年_統計表/縣市/花蓮縣/表46 花蓮縣有人經常居住住宅之平均每人使用房廳數及衛浴套數.ods,https://ws.dgbas.gov.tw/001/Upload/463/relfile/11065/230905/s046.ods,200,14795,0a279434d6429449bf2de11e47e13a84cc1606505b4f632ad31fc700087a520e,2026-08-16T07:52:55+00:00
07_普查109年_統計表/縣市/金門縣,表14 金門縣15歲以上民間常住人口有工作者之工作地與經常居住地概況,10906,行政院主計總處,每10年,07_普查109年_統計表/縣市/金門縣/表14 金門縣15歲以上民間常住人口有工作者之工作地與經常居住地概況.ods,https://ws.dgbas.gov.tw/001/Upload/463/relfile/11065/230906/s014.ods,200,11365,b425a4ceebea8ab836eaeb075f360c85034e405bbf1131396c78a52fc5fb1729,2026-08-16T07:52:56+00:00
07_普查109年_統計表/縣市/金門縣,表20 金門縣5歲以上常住人口遷徙情形,10906,行政院主計總處,每10年,07_普查109年_統計表/縣市/金門縣/表20 金門縣5歲以上常住人口遷徙情形.ods,https://ws.dgbas.gov.tw/001/Upload/463/relfile/11065/230906/s020.ods,200,10517,63357a0130bbe569b2cd78d1d4100995dc6219c0a657469d1e213128e16302fc,2026-08-16T07:52:57+00:00
07_普查109年_統計表/縣市/金門縣,表31 金門縣住戶數、常住人口數及平均每戶人口數,10906,行政院主計總處,每10年,07_普查109年_統計表/縣市/金門縣/表31 金門縣住戶數、常住人口數及平均每戶人口數.ods,https://ws.dgbas.gov.tw/001/Upload/463/relfile/11065/230906/s031.ods,200,9273,ec624fbda2a2ca501b09105f41727237926770db571372eaf956583d68547d91,2026-08-16T07:52:57+00:00
07_普查109年_統計表/縣市/金門縣,表32 金門縣普通住戶之戶內人口數,10906,行政院主計總處,每10年,07_普查109年_統計表/縣市/金門縣/表32 金門縣普通住戶之戶內人口數.ods,https://ws.dgbas.gov.tw/001/Upload/463/relfile/11065/230906/s032.ods,200,8977,f0fc932501a7819673201d4968d9b9546533383ff8693af90083c8998c0ad1a6,2026-08-16T07:52:58+00:00
07_普查109年_統計表/縣市/金門縣,表33 金門縣普通住戶之家戶型態,10906,行政院主計總處,每10年,07_普查109年_統計表/縣市/金門縣/表33 金門縣普通住戶之家戶型態.ods,https://ws.dgbas.gov.tw/001/Upload/463/relfile/11065/230906/s033.ods,200,14798,c674ebb45179c4c3583cdc7a52d2074b12c9ec6c299515a13aa25c94791f22b4,2026-08-16T07:52:59+00:00
07_普查109年_統計表/縣市/金門縣,表34 金門縣普通住戶之住宅所有權屬,10906,行政院主計總處,每10年,07_普查109年_統計表/縣市/金門縣/表34 金門縣普通住戶之住宅所有權屬.ods,https://ws.dgbas.gov.tw/001/Upload/463/relfile/11065/230906/s034.ods,200,8647,05a9725a2d5b5ae2adadff29f61398a4e57083f3758f61cb656c52d4562571fb,2026-08-16T07:53:00+00:00
07_普查109年_統計表/縣市/金門縣,表37 金門縣住宅使用情形,10906,行政院主計總處,每10年,07_普查109年_統計表/縣市/金門縣/表37 金門縣住宅使用情形.ods,https://ws.dgbas.gov.tw/001/Upload/463/relfile/11065/230906/s037.ods,200,9112,2ed512967b4b3ac0389761df8a63995b08ece7f0d9220d241762332a092f2509,2026-08-16T07:53:00+00:00
07_普查109年_統計表/縣市/金門縣,表38 金門縣住宅之竣工年份,10906,行政院主計總處,每10年,07_普查109年_統計表/縣市/金門縣/表38 金門縣住宅之竣工年份.ods,https://ws.dgbas.gov.tw/001/Upload/463/relfile/11065/230906/s038.ods,200,9284,389eb075df6686968a90193887229c7334895ef0d1493548a5a55f66937c77e0,2026-08-16T07:53:01+00:00
07_普查109年_統計表/縣市/金門縣,表39 金門縣住宅之樓地板面積,10906,行政院主計總處,每10年,07_普查109年_統計表/縣市/金門縣/表39 金門縣住宅之樓地板面積.ods,https://ws.dgbas.gov.tw/001/Upload/463/relfile/11065/230906/s039.ods,200,8867,45813b2b7b55484df1170e560155ceee871701211d2eaddb68e86e70bdea3b08,2026-08-16T07:53:02+00:00
07_普查109年_統計表/縣市/金門縣,表40 金門縣住宅之建築類型,10906,行政院主計總處,每10年,07_普查109年_統計表/縣市/金門縣/表40 金門縣住宅之建築類型.ods,https://ws.dgbas.gov.tw/001/Upload/463/relfile/11065/230906/s040.ods,200,10757,58a214fc036330aee42797913f9515da036403ed61031beaeb88ceca481e4e5b,2026-08-16T07:53:03+00:00
07_普查109年_統計表/縣市/金門縣,表41 金門縣空閒住宅之竣工年份,10906,行政院主計總處,每10年,07_普查109年_統計表/縣市/金門縣/表41 金門縣空閒住宅之竣工年份.ods,https://ws.dgbas.gov.tw/001/Upload/463/relfile/11065/230906/s041.ods,200,9769,584d703cf28208af85c1d66f18930c56bbf7916066ed2465f5245e75cae84592,2026-08-16T07:53:04+00:00
07_普查109年_統計表/縣市/金門縣,表42 金門縣空閒住宅之樓地板面積,10906,行政院主計總處,每10年,07_普查109年_統計表/縣市/金門縣/表42 金門縣空閒住宅之樓地板面積.ods,https://ws.dgbas.gov.tw/001/Upload/463/relfile/11065/230906/s042.ods,200,9240,905aebda3ddf149094e949e09e349012714ec75810b09bd3862b57c0fb7382e7,2026-08-16T07:53:05+00:00
07_普查109年_統計表/縣市/金門縣,表43 金門縣有人經常居住住宅之使用情形,10906,行政院主計總處,每10年,07_普查109年_統計表/縣市/金門縣/表43 金門縣有人經常居住住宅之使用情形.ods,https://ws.dgbas.gov.tw/001/Upload/463/relfile/11065/230906/s043.ods,200,8946,2f732a4065893ba5a4b403611e07f34e1f167679e9ef4bb6e1e3e73ae85db44a,2026-08-16T07:53:06+00:00
07_普查109年_統計表/縣市/金門縣,表44 金門縣有人經常居住住宅之居住人數,10906,行政院主計總處,每10年,07_普查109年_統計表/縣市/金門縣/表44 金門縣有人經常居住住宅之居住人數.ods,https://ws.dgbas.gov.tw/001/Upload/463/relfile/11065/230906/s044.ods,200,8668,b8d9142612df035d8281b6a0cd575913badfb93148dbfd143488361ccc8d4c05,2026-08-16T07:53:07+00:00
07_普查109年_統計表/縣市/金門縣,表45 金門縣有人經常居住住宅之房廳數,10906,行政院主計總處,每10年,07_普查109年_統計表/縣市/金門縣/表45 金門縣有人經常居住住宅之房廳數.ods,https://ws.dgbas.gov.tw/001/Upload/463/relfile/11065/230906/s045.ods,200,10246,aad5bc6b26e99a87116a131974e78c2bd24c18d9078cbca58ad459336ac0bad5,2026-08-16T07:53:07+00:00
07_普查109年_統計表/縣市/金門縣,表46 金門縣有人經常居住住宅之平均每人使用房廳數及衛浴套數,10906,行政院主計總處,每10年,07_普查109年_統計表/縣市/金門縣/表46 金門縣有人經常居住住宅之平均每人使用房廳數及衛浴套數.ods,https://ws.dgbas.gov.tw/001/Upload/463/relfile/11065/230906/s046.ods,200,12002,cde7a5b19bdde5b1aa91a16f0a9a9bf358e546fee2a372309e6477ec520cd863,2026-08-16T07:53:08+00:00
07_普查109年_統計表/縣市/連江縣,表14 連江縣15歲以上民間常住人口有工作者之工作地與經常居住地概況,10906,行政院主計總處,每10年,07_普查109年_統計表/縣市/連江縣/表14 連江縣15歲以上民間常住人口有工作者之工作地與經常居住地概況.ods,https://ws.dgbas.gov.tw/001/Upload/463/relfile/11065/230907/s014.ods,200,11179,2847980bb2a8a92237b727adf054c9e7160ffb852401f2ddd60a9ccd4d742379,2026-08-16T07:53:09+00:00
07_普查109年_統計表/縣市/連江縣,表20 連江縣5歲以上常住人口遷徙情形,10906,行政院主計總處,每10年,07_普查109年_統計表/縣市/連江縣/表20 連江縣5歲以上常住人口遷徙情形.ods,https://ws.dgbas.gov.tw/001/Upload/463/relfile/11065/230907/s020.ods,200,9811,8f357a7ab8e50517571c3966fb1bece96c55f8e34c55e6108591de431b2a544e,2026-08-16T07:53:10+00:00
07_普查109年_統計表/縣市/連江縣,表31 連江縣住戶數、常住人口數及平均每戶人口數,10906,行政院主計總處,每10年,07_普查109年_統計表/縣市/連江縣/表31 連江縣住戶數、常住人口數及平均每戶人口數.ods,https://ws.dgbas.gov.tw/001/Upload/463/relfile/11065/230907/s031.ods,200,9097,bed5550869aa5e48dbaf66626b7c5df86b1248dd82d50645cf2e3178038c3406,2026-08-16T07:53:10+00:00
07_普查109年_統計表/縣市/連江縣,表32 連江縣普通住戶之戶內人口數,10906,行政院主計總處,每10年,07_普查109年_統計表/縣市/連江縣/表32 連江縣普通住戶之戶內人口數.ods,https://ws.dgbas.gov.tw/001/Upload/463/relfile/11065/230907/s032.ods,200,8615,be0ce380771c387c7a66bcdd646b60b4de9ecaafc919c1368c4da7f44e355b78,2026-08-16T07:53:11+00:00
07_普查109年_統計表/縣市/連江縣,表33 連江縣普通住戶之家戶型態,10906,行政院主計總處,每10年,07_普查109年_統計表/縣市/連江縣/表33 連江縣普通住戶之家戶型態.ods,https://ws.dgbas.gov.tw/001/Upload/463/relfile/11065/230907/s033.ods,200,13821,e5cc76f81800f8e3dc587b2c064b03ed000d8083e33959fae8efb81462e451ec,2026-08-16T07:53:12+00:00
07_普查109年_統計表/縣市/連江縣,表34 連江縣普通住戶之住宅所有權屬,10906,行政院主計總處,每10年,07_普查109年_統計表/縣市/連江縣/表34 連江縣普通住戶之住宅所有權屬.ods,https://ws.dgbas.gov.tw/001/Upload/463/relfile/11065/230907/s034.ods,200,8397,33ddbbd4e43e74d2d02fc54df929a29cd6bd176624c61a8445cc1836e87867d4,2026-08-16T07:53:13+00:00
07_普查109年_統計表/縣市/連江縣,表37 連江縣住宅使用情形,10906,行政院主計總處,每10年,07_普查109年_統計表/縣市/連江縣/表37 連江縣住宅使用情形.ods,https://ws.dgbas.gov.tw/001/Upload/463/relfile/11065/230907/s037.ods,200,8785,2bb10037708540212f96e201a4e96a8cbb57f71d33ef042512a8bb313b40fe62,2026-08-16T07:53:14+00:00
07_普查109年_統計表/縣市/連江縣,表38 連江縣住宅之竣工年份,10906,行政院主計總處,每10年,07_普查109年_統計表/縣市/連江縣/表38 連江縣住宅之竣工年份.ods,https://ws.dgbas.gov.tw/001/Upload/463/relfile/11065/230907/s038.ods,200,8980,2c71063cff13ce1d25d91234488883b139dd00341c56ba862032c3f61f77dab1,2026-08-16T07:53:14+00:00
07_普查109年_統計表/縣市/連江縣,表39 連江縣住宅之樓地板面積,10906,行政院主計總處,每10年,07_普查109年_統計表/縣市/連江縣/表39 連江縣住宅之樓地板面積.ods,https://ws.dgbas.gov.tw/001/Upload/463/relfile/11065/230907/s039.ods,200,8524,c875e4ff64778d401441f1529a0b584369549a89f46673ddeae2bba167e229a2,2026-08-16T07:53:15+00:00
07_普查109年_統計表/縣市/連江縣,表40 連江縣住宅之建築類型,10906,行政院主計總處,每10年,07_普查109年_統計表/縣市/連江縣/表40 連江縣住宅之建築類型.ods,https://ws.dgbas.gov.tw/001/Upload/463/relfile/11065/230907/s040.ods,200,10464,e6b6da766f4d7de03ae98bd230bf08cc1513d7573a1932bedd68c07df85a4631,2026-08-16T07:53:16+00:00
07_普查109年_統計表/縣市/連江縣,表41 連江縣空閒住宅之竣工年份,10906,行政院主計總處,每10年,07_普查109年_統計表/縣市/連江縣/表41 連江縣空閒住宅之竣工年份.ods,https://ws.dgbas.gov.tw/001/Upload/463/relfile/11065/230907/s041.ods,200,9432,b8d1b06936b11b9c80d392fb0dd0cb79aadc45bb714cc9636395d65e855bb34d,2026-08-16T07:53:17+00:00
07_普查109年_統計表/縣市/連江縣,表42 連江縣空閒住宅之樓地板面積,10906,行政院主計總處,每10年,07_普查109年_統計表/縣市/連江縣/表42 連江縣空閒住宅之樓地板面積.ods,https://ws.dgbas.gov.tw/001/Upload/463/relfile/11065/230907/s042.ods,200,9003,20b35e0c9db80dc0dc706e33ca55886d206425493729b6946bd10f0dfccc74b4,2026-08-16T07:53:18+00:00
07_普查109年_統計表/縣市/連江縣,表43 連江縣有人經常居住住宅之使用情形,10906,行政院主計總處,每10年,07_普查109年_統計表/縣市/連江縣/表43 連江縣有人經常居住住宅之使用情形.ods,https://ws.dgbas.gov.tw/001/Upload/463/relfile/11065/230907/s043.ods,200,8695,ec98bb3cd8dca489dae8bbb572c5b347d1d9efb2bcea89ec4d3bd689c7ed1fa5,2026-08-16T07:53:18+00:00
07_普查109年_統計表/縣市/連江縣,表44 連江縣有人經常居住住宅之居住人數,10906,行政院主計總處,每10年,07_普查109年_統計表/縣市/連江縣/表44 連江縣有人經常居住住宅之居住人數.ods,https://ws.dgbas.gov.tw/001/Upload/463/relfile/11065/230907/s044.ods,200,8303,b6a7a5f15744e78acbac3e9b864879747aa4579a4981422706b1587a230c5fe9,2026-08-16T07:53:19+00:00
07_普查109年_統計表/縣市/連江縣,表45 連江縣有人經常居住住宅之房廳數,10906,行政院主計總處,每10年,07_普查109年_統計表/縣市/連江縣/表45 連江縣有人經常居住住宅之房廳數.ods,https://ws.dgbas.gov.tw/001/Upload/463/relfile/11065/230907/s045.ods,200,9822,fa3fb4f3ea581d0fff06a046f91924dbb8a52403d5c3534d5a0e40cffef0979e,2026-08-16T07:53:20+00:00
07_普查109年_統計表/縣市/連江縣,表46 連江縣有人經常居住住宅之平均每人使用房廳數及衛浴套數,10906,行政院主計總處,每10年,07_普查109年_統計表/縣市/連江縣/表46 連江縣有人經常居住住宅之平均每人使用房廳數及衛浴套數.ods,https://ws.dgbas.gov.tw/001/Upload/463/relfile/11065/230907/s046.ods,200,11451,f121e8d566f40340df0692aeb0871787ac694fc8883194e3ed65876ffa7525cc,2026-08-16T07:53:21+00:00
01_人口分布/普查_全國,常住人口數及人口密度,24238,行政院主計總處,每10年,,https://www.dgbas.gov.tw/public/data/open/Cen/Mp06134.xml,cloudflare,0,,2026-08-16T07:59:35+00:00
01_人口分布/普查_全國,住戶數、常住人口數及平均每戶人口數,24759,行政院主計總處,每10年,,https://www.dgbas.gov.tw/public/data/open/Cen/Mp06186.xml,cloudflare,0,,2026-08-16T07:59:35+00:00
01_人口分布/普查_全國,常住人口之年齡結構（不含移工）,24240,行政院主計總處,每10年,,https://www.dgbas.gov.tw/public/data/open/Cen/Mp06136.xml,cloudflare,0,,2026-08-16T07:59:35+00:00
01_人口分布/普查_全國,常住人口之性比例（不含移工）,24239,行政院主計總處,每10年,,https://www.dgbas.gov.tw/public/data/open/Cen/Mp06135.xml,cloudflare,0,,2026-08-16T07:59:36+00:00
01_人口分布/普查_全國,５歲以上常住人口之遷徙情形,24244,行政院主計總處,每10年,,https://www.dgbas.gov.tw/public/data/open/Cen/Mp06140.xml,cloudflare,0,,2026-08-16T07:59:36+00:00
01_人口分布/普查_全國,６歲以上常住人口之工作地及就學地狀況,24282,行政院主計總處,不定期更新,,https://www.dgbas.gov.tw/public/data/open/Cen/Mp06163.xml,cloudflare,0,,2026-08-16T07:59:36+00:00
01_人口分布/普查_全國,１５歲以上常住人口之教育程度,24241,行政院主計總處,每10年,,https://www.dgbas.gov.tw/public/data/open/Cen/Mp06137.xml,cloudflare,0,,2026-08-16T07:59:36+00:00
01_人口分布/普查_全國,１５歲以上民間常住人口之工作狀況,24243,行政院主計總處,每10年,,https://www.dgbas.gov.tw/public/data/open/Cen/Mp06139.xml,cloudflare,0,,2026-08-16T07:59:36+00:00
02_住宅存量/普查,住宅單位數（含空閒住宅）,24783,行政院主計總處,不定期更新,,https://www.dgbas.gov.tw/public/data/open/Cen/Mp06209.xml,cloudflare,0,,2026-08-16T07:59:37+00:00
03_人口動態_戶籍/村里月報,各村（里）戶籍人口統計月報表,8411,戶政司,不定期更新,03_人口動態_戶籍/村里月報/各村（里）戶籍人口統計月報表.zip,https://opdadm.moi.gov.tw/api/v1/no-auth/resource/api/dataset/F4478CE5-7A72-4B14-B91A-F4701758328F/resource/3AD106C4-174F-47D1-9B40-00CF198CE813/download,200,1355386,28afd237f5570b280e01cf56bf63b0c731ebe025b48848f380653043f9d606df,2026-08-16T07:54:02+00:00
03_人口動態_戶籍/村里月報,各村（里）戶籍人口統計月報表,8411,戶政司,不定期更新,03_人口動態_戶籍/村里月報/各村（里）戶籍人口統計月報表(2).zip,https://opdadm.moi.gov.tw/api/v1/no-auth/resource/api/dataset/F4478CE5-7A72-4B14-B91A-F4701758328F/resource/7D432134-3CC6-4BE1-93A4-168DB5FFE5C5/download,200,71012,3cec9e63cceb8c950bd3d5e968796843e743dbf8d0f185c82deedab18637d2da,2026-08-16T07:54:03+00:00
03_人口動態_戶籍/村里月報,各村（里）戶籍人口統計月報表,8411,戶政司,不定期更新,03_人口動態_戶籍/村里月報/各村（里）戶籍人口統計月報表(3).zip,https://opdadm.moi.gov.tw/api/v1/no-auth/resource/api/dataset/F4478CE5-7A72-4B14-B91A-F4701758328F/resource/FF044421-1E04-4E3D-B6DC-17B200E7391D/download,200,74490,fdfad3658cf0918c816a5c189a89be83359b12134871ecd2fd56d8089e12cd98,2026-08-16T07:54:05+00:00
03_人口動態_戶籍/村里月報,各村（里）戶籍人口統計月報表,8411,戶政司,不定期更新,03_人口動態_戶籍/村里月報/各村（里）戶籍人口統計月報表(4).zip,https://opdadm.moi.gov.tw/api/v1/no-auth/resource/api/dataset/F4478CE5-7A72-4B14-B91A-F4701758328F/resource/332AC282-97CB-43FF-9892-17B77A88C64B/download,200,71254,ef05d32a477e535aca66dcbd19f353e6bf0dc02817d7cde7c4049a318df844a1,2026-08-16T07:54:06+00:00
03_人口動態_戶籍/村里月報,各村（里）戶籍人口統計月報表,8411,戶政司,不定期更新,03_人口動態_戶籍/村里月報/各村（里）戶籍人口統計月報表(5).zip,https://opdadm.moi.gov.tw/api/v1/no-auth/resource/api/dataset/F4478CE5-7A72-4B14-B91A-F4701758328F/resource/79DD2D16-78F9-4EC0-9444-1816201A962E/download,200,1354804,392e5805172c3ce73608fc50f855f8f23a683aa08e1300fe99a612a1fd387566,2026-08-16T07:54:09+00:00
03_人口動態_戶籍/村里月報,各村（里）戶籍人口統計月報表,8411,戶政司,不定期更新,03_人口動態_戶籍/村里月報/各村（里）戶籍人口統計月報表.csv,https://opdadm.moi.gov.tw/api/v1/no-auth/resource/api/dataset/F4478CE5-7A72-4B14-B91A-F4701758328F/resource/3CF0DB7A-E806-43AC-9DCA-1B43226B82A2/download,200,408940,a0907628cd3e2d86d92b7fedba0222229269531aaf9ad08059712ae639cd2efc,2026-08-16T07:54:11+00:00
03_人口動態_戶籍/村里月報,各村（里）戶籍人口統計月報表,8411,戶政司,不定期更新,03_人口動態_戶籍/村里月報/各村（里）戶籍人口統計月報表(6).zip,https://opdadm.moi.gov.tw/api/v1/no-auth/resource/api/dataset/F4478CE5-7A72-4B14-B91A-F4701758328F/resource/42019B5D-7A4F-4652-ACAE-1BF590E9630D/download,200,69736,b3e652995ed577f173f6aaa73256b3b853d7ff98dba19bc9572c521c3f662fee,2026-08-16T07:54:12+00:00
03_人口動態_戶籍/村里月報,各村（里）戶籍人口統計月報表,8411,戶政司,不定期更新,03_人口動態_戶籍/村里月報/各村（里）戶籍人口統計月報表(2).csv,https://opdadm.moi.gov.tw/api/v1/no-auth/resource/api/dataset/F4478CE5-7A72-4B14-B91A-F4701758328F/resource/39FB9650-42E6-4330-9D33-1FDB46941837/download,200,408913,1fe57f90b29df757b8278551eb50003ad77121315830ca53b00cecc4719640db,2026-08-16T07:54:14+00:00
03_人口動態_戶籍/村里月報,各村（里）戶籍人口統計月報表,8411,戶政司,不定期更新,03_人口動態_戶籍/村里月報/各村（里）戶籍人口統計月報表(3).csv,https://opdadm.moi.gov.tw/api/v1/no-auth/resource/api/dataset/F4478CE5-7A72-4B14-B91A-F4701758328F/resource/8F331896-366E-46B5-864F-200BCB0BB74F/download,200,401108,41aab4fff78888761c85ded14776de57ada240d2c5a951413460e52739e15e6c,2026-08-16T07:54:16+00:00
03_人口動態_戶籍/村里月報,各村（里）戶籍人口統計月報表,8411,戶政司,不定期更新,03_人口動態_戶籍/村里月報/各村（里）戶籍人口統計月報表(4).csv,https://opdadm.moi.gov.tw/api/v1/no-auth/resource/api/dataset/F4478CE5-7A72-4B14-B91A-F4701758328F/resource/3F3F5E16-5897-4346-B1CD-2035DAA1E7F3/download,200,400308,79669e277bbb60efb6a371610e880e03da0c3657292c0bc4fd1ade38c541f414,2026-08-16T07:54:18+00:00
03_人口動態_戶籍/村里月報,各村（里）戶籍人口統計月報表,8411,戶政司,不定期更新,03_人口動態_戶籍/村里月報/各村（里）戶籍人口統計月報表(5).csv,https://opdadm.moi.gov.tw/api/v1/no-auth/resource/api/dataset/F4478CE5-7A72-4B14-B91A-F4701758328F/resource/7E19E699-BE07-4113-9097-2363FC16F6EB/download,200,401013,995289a1daeae68f6ddb8e06035e4df59844da0d4b6ecfc0bbbd0d233afb2a48,2026-08-16T07:54:20+00:00
03_人口動態_戶籍/村里月報,各村（里）戶籍人口統計月報表,8411,戶政司,不定期更新,03_人口動態_戶籍/村里月報/各村（里）戶籍人口統計月報表(7).zip,https://opdadm.moi.gov.tw/api/v1/no-auth/resource/api/dataset/F4478CE5-7A72-4B14-B91A-F4701758328F/resource/47FDDE4C-5635-4B53-815B-2919AFFEA5C7/download,200,1356306,017502229aabd76257a0bfb48c007717b07795a9ed55c41c50444f5770276c6f,2026-08-16T07:54:22+00:00
03_人口動態_戶籍/村里月報,各村（里）戶籍人口統計月報表,8411,戶政司,不定期更新,03_人口動態_戶籍/村里月報/各村（里）戶籍人口統計月報表(8).zip,https://opdadm.moi.gov.tw/api/v1/no-auth/resource/api/dataset/F4478CE5-7A72-4B14-B91A-F4701758328F/resource/50E98F16-C95B-4364-A9A4-2A14084C73CE/download,200,1350735,5a7a729e8d4f9b18f4f25e95853af071ef3a306bc2fd2c4e11b3a15621ff7934,2026-08-16T07:54:25+00:00
03_人口動態_戶籍/村里月報,各村（里）戶籍人口統計月報表,8411,戶政司,不定期更新,03_人口動態_戶籍/村里月報/各村（里）戶籍人口統計月報表(9).zip,https://opdadm.moi.gov.tw/api/v1/no-auth/resource/api/dataset/F4478CE5-7A72-4B14-B91A-F4701758328F/resource/E8239A45-36C4-4D47-84A7-2F869A8BAF75/download,200,1356292,7a334328ce4c1c29a66b724bb825a1617119c101efd0626ff47c56641d0b384f,2026-08-16T07:54:28+00:00
03_人口動態_戶籍/村里月報,各村（里）戶籍人口統計月報表,8411,戶政司,不定期更新,03_人口動態_戶籍/村里月報/各村（里）戶籍人口統計月報表(6).csv,https://opdadm.moi.gov.tw/api/v1/no-auth/resource/api/dataset/F4478CE5-7A72-4B14-B91A-F4701758328F/resource/976F62A1-8B2C-479C-A7EA-357F43FD1D04/download,200,400981,96ede5fc9a1675a0a730ee37008506ac5eb20183a381f535c9f69f98e633a1e6,2026-08-16T07:54:31+00:00
03_人口動態_戶籍/村里月報,各村（里）戶籍人口統計月報表,8411,戶政司,不定期更新,03_人口動態_戶籍/村里月報/各村（里）戶籍人口統計月報表(7).csv,https://opdadm.moi.gov.tw/api/v1/no-auth/resource/api/dataset/F4478CE5-7A72-4B14-B91A-F4701758328F/resource/9B67433D-46E2-4B6A-8708-3853D47604AA/download,200,407924,26236c236ef0cdd1a6f46f6c6af9e44642a71eb07dfd8aef4d50612e8af0414b,2026-08-16T07:54:32+00:00
03_人口動態_戶籍/村里月報,各村（里）戶籍人口統計月報表,8411,戶政司,不定期更新,03_人口動態_戶籍/村里月報/各村（里）戶籍人口統計月報表(10).zip,https://opdadm.moi.gov.tw/api/v1/no-auth/resource/api/dataset/F4478CE5-7A72-4B14-B91A-F4701758328F/resource/9A819F0A-9CFB-4574-A7D5-3A35B3BA0855/download,200,73338,4ef985a0345ecbd9007e08bfe5a1f32dc3a88db9d283a0b9adcf6e80dffe8306,2026-08-16T07:54:34+00:00
03_人口動態_戶籍/村里月報,各村（里）戶籍人口統計月報表,8411,戶政司,不定期更新,03_人口動態_戶籍/村里月報/各村（里）戶籍人口統計月報表(11).zip,https://opdadm.moi.gov.tw/api/v1/no-auth/resource/api/dataset/F4478CE5-7A72-4B14-B91A-F4701758328F/resource/DD5B3941-7FAC-4901-BEA7-45C5A2C6EF1C/download,200,1251141,9cfa7d5440d1c7d3c5a552431643811349c5a345ae34d7272663c1ee01395d02,2026-08-16T07:54:36+00:00
03_人口動態_戶籍/村里月報,各村（里）戶籍人口統計月報表,8411,戶政司,不定期更新,03_人口動態_戶籍/村里月報/各村（里）戶籍人口統計月報表(12).zip,https://opdadm.moi.gov.tw/api/v1/no-auth/resource/api/dataset/F4478CE5-7A72-4B14-B91A-F4701758328F/resource/B4730E6B-6619-4D3E-A32D-46293FF22F04/download,200,71534,91c062a02965c328bcf1f2224d98c3b9d6a6ad3b1723203ae410ebb5e4fef487,2026-08-16T07:54:38+00:00
03_人口動態_戶籍/村里月報,各村（里）戶籍人口統計月報表,8411,戶政司,不定期更新,03_人口動態_戶籍/村里月報/各村（里）戶籍人口統計月報表(13).zip,https://opdadm.moi.gov.tw/api/v1/no-auth/resource/api/dataset/F4478CE5-7A72-4B14-B91A-F4701758328F/resource/5D26A612-F528-4CC9-9C4A-465EA81E5021/download,200,1354579,5b62d0fd23ddabaa8aa9dfc7bcca7f425521687a125323a5930fa8f5f48ef203,2026-08-16T07:54:40+00:00
03_人口動態_戶籍/村里月報,各村（里）戶籍人口統計月報表,8411,戶政司,不定期更新,03_人口動態_戶籍/村里月報/各村（里）戶籍人口統計月報表(8).csv,https://opdadm.moi.gov.tw/api/v1/no-auth/resource/api/dataset/F4478CE5-7A72-4B14-B91A-F4701758328F/resource/6A73B828-E85A-4589-8254-4A3E153AF491/download,200,400988,404970dda2b07cf874c2cf642bc07b2ed127ca53370fc0d0a2500b1ee37fece8,2026-08-16T07:54:43+00:00
03_人口動態_戶籍/村里月報,各村（里）戶籍人口統計月報表,8411,戶政司,不定期更新,03_人口動態_戶籍/村里月報/各村（里）戶籍人口統計月報表(14).zip,https://opdadm.moi.gov.tw/api/v1/no-auth/resource/api/dataset/F4478CE5-7A72-4B14-B91A-F4701758328F/resource/68B4E670-5320-4FA5-ADAB-4E9AB381502A/download,200,1332338,8a69ec79102ce4b4c84d46b3d5a5c88c66b3cbcc69e931a3fdb802bc019dfd6c,2026-08-16T07:54:45+00:00
03_人口動態_戶籍/村里月報,各村（里）戶籍人口統計月報表,8411,戶政司,不定期更新,03_人口動態_戶籍/村里月報/各村（里）戶籍人口統計月報表(9).csv,https://opdadm.moi.gov.tw/api/v1/no-auth/resource/api/dataset/F4478CE5-7A72-4B14-B91A-F4701758328F/resource/251E55D7-4921-499E-A9EF-51590C977895/download,200,401213,4390955d628d05049bb8e1883903aeaac370d2efb45e90f978f09ab7463d4da3,2026-08-16T07:54:47+00:00
03_人口動態_戶籍/村里月報,各村（里）戶籍人口統計月報表,8411,戶政司,不定期更新,03_人口動態_戶籍/村里月報/各村（里）戶籍人口統計月報表(15).zip,https://opdadm.moi.gov.tw/api/v1/no-auth/resource/api/dataset/F4478CE5-7A72-4B14-B91A-F4701758328F/resource/C9B93115-09AB-42CC-98BB-5C4DCE463613/download,200,68946,66ece171e60b6ef8618f7fa8804ea9bc77110be234c3933fa11495cd7801ba78,2026-08-16T07:54:49+00:00
03_人口動態_戶籍/村里月報,各村（里）戶籍人口統計月報表,8411,戶政司,不定期更新,03_人口動態_戶籍/村里月報/各村（里）戶籍人口統計月報表(16).zip,https://opdadm.moi.gov.tw/api/v1/no-auth/resource/api/dataset/F4478CE5-7A72-4B14-B91A-F4701758328F/resource/95A3A44D-E8B6-4A10-8B60-6089558AC8D6/download,200,1354804,392e5805172c3ce73608fc50f855f8f23a683aa08e1300fe99a612a1fd387566,2026-08-16T07:54:52+00:00
03_人口動態_戶籍/村里月報,各村（里）戶籍人口統計月報表,8411,戶政司,不定期更新,03_人口動態_戶籍/村里月報/各村（里）戶籍人口統計月報表.json,https://www.ris.gov.tw/rs-opendata/api/v1/datastore/ODRP001/10601,200,442198,04e7a7700bb93538769c4b28734d63e5a158bc090c4a1c5245102c8d5b4a546f,2026-08-16T07:54:55+00:00
03_人口動態_戶籍/村里月報,各村（里）戶籍人口統計月報表,8411,戶政司,不定期更新,03_人口動態_戶籍/村里月報/各村（里）戶籍人口統計月報表(10).csv,https://opdadm.moi.gov.tw/api/v1/no-auth/resource/api/dataset/F4478CE5-7A72-4B14-B91A-F4701758328F/resource/1CFEAD04-3C45-4672-B0D2-617ED656EC1F/download,200,408839,cd0479dc41dceacb2e6265cb4f62fd552ceb3d396da15e767a6b94810b49889c,2026-08-16T07:54:58+00:00
03_人口動態_戶籍/村里月報,各村（里）戶籍人口統計月報表,8411,戶政司,不定期更新,03_人口動態_戶籍/村里月報/各村（里）戶籍人口統計月報表(17).zip,https://opdadm.moi.gov.tw/api/v1/no-auth/resource/api/dataset/F4478CE5-7A72-4B14-B91A-F4701758328F/resource/BBACE957-73B2-4F51-B1B8-6332BB081E21/download,200,70839,16b3429be5a194ee8d4c1a0ef0655aeb09b6cd5de05b1b8204156f8c0e8356ca,2026-08-16T07:54:59+00:00
03_人口動態_戶籍/村里月報,各村（里）戶籍人口統計月報表,8411,戶政司,不定期更新,03_人口動態_戶籍/村里月報/各村（里）戶籍人口統計月報表(18).zip,https://opdadm.moi.gov.tw/api/v1/no-auth/resource/api/dataset/F4478CE5-7A72-4B14-B91A-F4701758328F/resource/9E24F565-68AB-49C6-ACB9-6394378ED5E3/download,200,70083,dbeac4674472ae784327e9acf21e0766271ee305711b32cba9b8f60ec5399896,2026-08-16T07:55:01+00:00
03_人口動態_戶籍/村里月報,各村（里）戶籍人口統計月報表,8411,戶政司,不定期更新,03_人口動態_戶籍/村里月報/各村（里）戶籍人口統計月報表(19).zip,https://opdadm.moi.gov.tw/api/v1/no-auth/resource/api/dataset/F4478CE5-7A72-4B14-B91A-F4701758328F/resource/7A56BCCE-5382-486A-9AD6-6AB74051A661/download,200,1252905,2dfe3bf4db5da0906ffd57e403815968bed7eeaed7a198a34a61245a9864e73b,2026-08-16T07:55:03+00:00
03_人口動態_戶籍/村里月報,各村（里）戶籍人口統計月報表,8411,戶政司,不定期更新,03_人口動態_戶籍/村里月報/各村（里）戶籍人口統計月報表(11).csv,https://opdadm.moi.gov.tw/api/v1/no-auth/resource/api/dataset/F4478CE5-7A72-4B14-B91A-F4701758328F/resource/D842E553-8DF3-4969-9B53-6DF57ADA0419/download,200,400150,76ab3c97ecdad0c2ec50ee3401e1ca175a099ef0156fcaf5a014eb2020a1231a,2026-08-16T07:55:05+00:00
03_人口動態_戶籍/村里月報,各村（里）戶籍人口統計月報表,8411,戶政司,不定期更新,03_人口動態_戶籍/村里月報/各村（里）戶籍人口統計月報表(20).zip,https://opdadm.moi.gov.tw/api/v1/no-auth/resource/api/dataset/F4478CE5-7A72-4B14-B91A-F4701758328F/resource/4D4A6C7A-06C4-4A41-8AAF-7CAA0DCB1D48/download,200,71071,e20b05c81ee18ddc2c121f49e2e466feb67506484f0fe46e705c1be7658179bf,2026-08-16T07:55:07+00:00
03_人口動態_戶籍/村里月報,各村（里）戶籍人口統計月報表,8411,戶政司,不定期更新,03_人口動態_戶籍/村里月報/各村（里）戶籍人口統計月報表(12).csv,https://opdadm.moi.gov.tw/api/v1/no-auth/resource/api/dataset/F4478CE5-7A72-4B14-B91A-F4701758328F/resource/4FB19859-0149-451E-A2F0-8388EF960415/download,200,401261,49326bcf67cf164c6f8b92a8d8e110666e191e7142e6f913ddf86307ea64b644,2026-08-16T07:55:09+00:00
03_人口動態_戶籍/村里月報,各村（里）戶籍人口統計月報表,8411,戶政司,不定期更新,03_人口動態_戶籍/村里月報/各村（里）戶籍人口統計月報表(21).zip,https://opdadm.moi.gov.tw/api/v1/no-auth/resource/api/dataset/F4478CE5-7A72-4B14-B91A-F4701758328F/resource/D2ABA2C6-366A-44AA-A109-84C20420A8CD/download,200,1331674,982836c67810095bc273c110612ea0204f7978a28c3441981f22e6944291c167,2026-08-16T07:55:11+00:00
03_人口動態_戶籍/村里月報,各村（里）戶籍人口統計月報表,8411,戶政司,不定期更新,03_人口動態_戶籍/村里月報/各村（里）戶籍人口統計月報表(22).zip,https://opdadm.moi.gov.tw/api/v1/no-auth/resource/api/dataset/F4478CE5-7A72-4B14-B91A-F4701758328F/resource/055AAA69-01DD-4B64-B4D5-89C4C0502855/download,200,1355539,e51a404da9c49477c6d5eb82215df187732735eedbd0844827bb3c3c98351892,2026-08-16T07:55:14+00:00
03_人口動態_戶籍/村里月報,各村（里）戶籍人口統計月報表,8411,戶政司,不定期更新,03_人口動態_戶籍/村里月報/各村（里）戶籍人口統計月報表(23).zip,https://opdadm.moi.gov.tw/api/v1/no-auth/resource/api/dataset/F4478CE5-7A72-4B14-B91A-F4701758328F/resource/C22F58CD-A82F-4B09-9542-8CF3A7EEBDDD/download,200,1334299,6595177835dcceecf4d4cde56279fbe22637736e1b21a0d772f2252e594296c5,2026-08-16T07:55:17+00:00
03_人口動態_戶籍/村里月報,各村（里）戶籍人口統計月報表,8411,戶政司,不定期更新,03_人口動態_戶籍/村里月報/各村（里）戶籍人口統計月報表(24).zip,https://opdadm.moi.gov.tw/api/v1/no-auth/resource/api/dataset/F4478CE5-7A72-4B14-B91A-F4701758328F/resource/16214859-6027-4763-AC87-8E26C3B71505/download,200,1354521,115475bf56c6597b1071c436e5b328efbbce0b02afb6a23dddf755c34de45342,2026-08-16T07:55:19+00:00
03_人口動態_戶籍/村里月報,各村（里）戶籍人口統計月報表,8411,戶政司,不定期更新,03_人口動態_戶籍/村里月報/各村（里）戶籍人口統計月報表(25).zip,https://opdadm.moi.gov.tw/api/v1/no-auth/resource/api/dataset/F4478CE5-7A72-4B14-B91A-F4701758328F/resource/01C3A9E4-FFA0-4C54-AC75-90E5A479DC16/download,200,73180,fd9372bc64250df9a25558aa140d08456c01c8e3ed6de98d91071489d34f4869,2026-08-16T07:55:21+00:00
03_人口動態_戶籍/村里月報,各村（里）戶籍人口統計月報表,8411,戶政司,不定期更新,03_人口動態_戶籍/村里月報/各村（里）戶籍人口統計月報表(26).zip,https://opdadm.moi.gov.tw/api/v1/no-auth/resource/api/dataset/F4478CE5-7A72-4B14-B91A-F4701758328F/resource/6D287F0C-0C93-41F3-97E4-9519C8A372AE/download,200,1355386,28afd237f5570b280e01cf56bf63b0c731ebe025b48848f380653043f9d606df,2026-08-16T07:55:23+00:00
03_人口動態_戶籍/村里月報,各村（里）戶籍人口統計月報表,8411,戶政司,不定期更新,03_人口動態_戶籍/村里月報/各村（里）戶籍人口統計月報表(27).zip,https://opdadm.moi.gov.tw/api/v1/no-auth/resource/api/dataset/F4478CE5-7A72-4B14-B91A-F4701758328F/resource/A725BB86-2B9C-43B2-92A3-9B5DD85FAD5E/download,200,1332954,84a873a9e550fbecf74e714e97991026a5f96ee6cd5907e0a81b66917e48a255,2026-08-16T07:55:26+00:00
03_人口動態_戶籍/村里月報,各村（里）戶籍人口統計月報表,8411,戶政司,不定期更新,03_人口動態_戶籍/村里月報/各村（里）戶籍人口統計月報表(28).zip,https://opdadm.moi.gov.tw/api/v1/no-auth/resource/api/dataset/F4478CE5-7A72-4B14-B91A-F4701758328F/resource/D2F4131C-99AE-410D-84BE-9C6F538F5825/download,200,74744,6d201ed45d78e06f9022ea9ad9ce2219fa233078bf263b7c02689cf2c3a24f45,2026-08-16T07:55:27+00:00
03_人口動態_戶籍/村里月報,各村（里）戶籍人口統計月報表,8411,戶政司,不定期更新,03_人口動態_戶籍/村里月報/各村（里）戶籍人口統計月報表(13).csv,https://opdadm.moi.gov.tw/api/v1/no-auth/resource/api/dataset/F4478CE5-7A72-4B14-B91A-F4701758328F/resource/A31BDBDD-E64B-43B9-BF16-9D9A95A66CBF/download,200,400363,70a112e3d0de3accc79a83f1a7a21e6946ecc204c6afc41fb1753146a9aee725,2026-08-16T07:55:29+00:00
03_人口動態_戶籍/村里月報,各村（里）戶籍人口統計月報表,8411,戶政司,不定期更新,03_人口動態_戶籍/村里月報/各村（里）戶籍人口統計月報表(14).csv,https://opdadm.moi.gov.tw/api/v1/no-auth/resource/api/dataset/F4478CE5-7A72-4B14-B91A-F4701758328F/resource/026B2D4D-9DF5-4404-817E-9DDB70CAEB92/download,200,401102,00de9ebc5fdce7d9d0e7c58e65a64266aebee67e7c847885bc959d4bfb483b65,2026-08-16T07:55:30+00:00
03_人口動態_戶籍/村里月報,各村（里）戶籍人口統計月報表,8411,戶政司,不定期更新,03_人口動態_戶籍/村里月報/各村（里）戶籍人口統計月報表(15).csv,https://opdadm.moi.gov.tw/api/v1/no-auth/resource/api/dataset/F4478CE5-7A72-4B14-B91A-F4701758328F/resource/54864F73-72A3-425F-BA50-A11889AF5DFE/download,200,400160,469d5abb9910035a3d174dbfde5e02beae912346c17ddc38a8c7f9ba8378e87e,2026-08-16T07:55:33+00:00
03_人口動態_戶籍/村里月報,各村（里）戶籍人口統計月報表,8411,戶政司,不定期更新,03_人口動態_戶籍/村里月報/各村（里）戶籍人口統計月報表(29).zip,https://opdadm.moi.gov.tw/api/v1/no-auth/resource/api/dataset/F4478CE5-7A72-4B14-B91A-F4701758328F/resource/A02D2DDA-CA96-4226-A569-A3117C7DF2CE/download,200,68286,0a66e78815319b5d3da7ce9ad7602eb2b830315bf5ffa34d99eb080a4b3e3a0c,2026-08-16T07:55:34+00:00
03_人口動態_戶籍/村里月報,各村（里）戶籍人口統計月報表,8411,戶政司,不定期更新,03_人口動態_戶籍/村里月報/各村（里）戶籍人口統計月報表(30).zip,https://opdadm.moi.gov.tw/api/v1/no-auth/resource/api/dataset/F4478CE5-7A72-4B14-B91A-F4701758328F/resource/EEAA743A-1EB7-48FD-801C-A5B286DC1CF1/download,200,1332246,dd915534b614f4ea38dba67d56b217981016c1600aa9435f25fc01ff26abaebb,2026-08-16T07:55:37+00:00
03_人口動態_戶籍/村里月報,各村（里）戶籍人口統計月報表,8411,戶政司,不定期更新,03_人口動態_戶籍/村里月報/各村（里）戶籍人口統計月報表(31).zip,https://opdadm.moi.gov.tw/api/v1/no-auth/resource/api/dataset/F4478CE5-7A72-4B14-B91A-F4701758328F/resource/D3F88C8E-B645-4783-BE44-A6DCBE2ECF0B/download,200,1355539,e51a404da9c49477c6d5eb82215df187732735eedbd0844827bb3c3c98351892,2026-08-16T07:55:39+00:00
03_人口動態_戶籍/村里月報,各村（里）戶籍人口統計月報表,8411,戶政司,不定期更新,03_人口動態_戶籍/村里月報/各村（里）戶籍人口統計月報表(32).zip,https://opdadm.moi.gov.tw/api/v1/no-auth/resource/api/dataset/F4478CE5-7A72-4B14-B91A-F4701758328F/resource/733B2006-950F-4FC7-B31F-A795069389AE/download,200,1356937,3f3e53ba752e8aee08da0e2612f441582934f461f618d4442c12d415d8948ebb,2026-08-16T07:55:44+00:00
03_人口動態_戶籍/村里月報,各村（里）戶籍人口統計月報表,8411,戶政司,不定期更新,03_人口動態_戶籍/村里月報/各村（里）戶籍人口統計月報表(33).zip,https://opdadm.moi.gov.tw/api/v1/no-auth/resource/api/dataset/F4478CE5-7A72-4B14-B91A-F4701758328F/resource/26697526-3F5C-4081-B612-AF2EF3A7E273/download,200,1334210,ea0f92a3fdbb99c3b7460b7a377a2ef364638b63b784d712bce5e8b18f422cb3,2026-08-16T07:55:48+00:00
03_人口動態_戶籍/村里月報,各村（里）戶籍人口統計月報表,8411,戶政司,不定期更新,03_人口動態_戶籍/村里月報/各村（里）戶籍人口統計月報表(16).csv,https://opdadm.moi.gov.tw/api/v1/no-auth/resource/api/dataset/F4478CE5-7A72-4B14-B91A-F4701758328F/resource/E62F9554-B561-46EB-AA6F-B00215901F4F/download,200,401045,b1547a28347141c018b82d03c2501dd7ddb572a66ac45f338548ee7d28daedef,2026-08-16T07:55:50+00:00
03_人口動態_戶籍/村里月報,各村（里）戶籍人口統計月報表,8411,戶政司,不定期更新,03_人口動態_戶籍/村里月報/各村（里）戶籍人口統計月報表(17).csv,https://opdadm.moi.gov.tw/api/v1/no-auth/resource/api/dataset/F4478CE5-7A72-4B14-B91A-F4701758328F/resource/C16DC837-C8BB-4EBA-80FD-B581CAEA1B5D/download,200,401012,f8c62620808380abea8a394b88ffa70890ea30766868056defccc0d2e20a3320,2026-08-16T07:55:52+00:00
03_人口動態_戶籍/村里月報,各村（里）戶籍人口統計月報表,8411,戶政司,不定期更新,03_人口動態_戶籍/村里月報/各村（里）戶籍人口統計月報表(34).zip,https://opdadm.moi.gov.tw/api/v1/no-auth/resource/api/dataset/F4478CE5-7A72-4B14-B91A-F4701758328F/resource/AE27D686-6F02-4A8A-934B-B822FCB12339/download,200,70083,dbeac4674472ae784327e9acf21e0766271ee305711b32cba9b8f60ec5399896,2026-08-16T07:55:53+00:00
03_人口動態_戶籍/村里月報,各村（里）戶籍人口統計月報表,8411,戶政司,不定期更新,03_人口動態_戶籍/村里月報/各村（里）戶籍人口統計月報表(35).zip,https://opdadm.moi.gov.tw/api/v1/no-auth/resource/api/dataset/F4478CE5-7A72-4B14-B91A-F4701758328F/resource/2EBF7CE2-38BC-4247-896D-BDB3178624E9/download,200,71788,b529563d45f73f7443dd10bb6199b9798d614c8253761c8c4abb5fd9537478d6,2026-08-16T07:55:54+00:00
03_人口動態_戶籍/村里月報,各村（里）戶籍人口統計月報表,8411,戶政司,不定期更新,03_人口動態_戶籍/村里月報/各村（里）戶籍人口統計月報表(36).zip,https://opdadm.moi.gov.tw/api/v1/no-auth/resource/api/dataset/F4478CE5-7A72-4B14-B91A-F4701758328F/resource/8CE791C2-F8FF-479F-85FE-BEFC0BDCF1EC/download,200,1334446,17e9adc79fec2e027b90ea4147bc1b809a14c0d10564c5fbe7da0291157ba898,2026-08-16T07:55:57+00:00
03_人口動態_戶籍/村里月報,各村（里）戶籍人口統計月報表,8411,戶政司,不定期更新,03_人口動態_戶籍/村里月報/各村（里）戶籍人口統計月報表(37).zip,https://opdadm.moi.gov.tw/api/v1/no-auth/resource/api/dataset/F4478CE5-7A72-4B14-B91A-F4701758328F/resource/31DB00E8-37E1-442E-A5B7-C133AAC1D137/download,200,68286,0a66e78815319b5d3da7ce9ad7602eb2b830315bf5ffa34d99eb080a4b3e3a0c,2026-08-16T07:55:58+00:00
03_人口動態_戶籍/村里月報,各村（里）戶籍人口統計月報表,8411,戶政司,不定期更新,03_人口動態_戶籍/村里月報/各村（里）戶籍人口統計月報表(18).csv,https://opdadm.moi.gov.tw/api/v1/no-auth/resource/api/dataset/F4478CE5-7A72-4B14-B91A-F4701758328F/resource/11681522-B86A-413C-8215-C97B9C517EEB/download,200,400978,ff264f733d25d1c51d6a8e80db794ac74abfe72a6245c8b921e1d4d7ad9708df,2026-08-16T07:56:00+00:00
03_人口動態_戶籍/村里月報,各村（里）戶籍人口統計月報表,8411,戶政司,不定期更新,03_人口動態_戶籍/村里月報/各村（里）戶籍人口統計月報表(38).zip,https://opdadm.moi.gov.tw/api/v1/no-auth/resource/api/dataset/F4478CE5-7A72-4B14-B91A-F4701758328F/resource/DEE10499-2AEA-42AC-8DCD-CACA328121E3/download,200,70708,4b3c6f6e77f65e15f37673f53b20dc952565a7661762c2713628edaa7197219f,2026-08-16T07:56:01+00:00
03_人口動態_戶籍/村里月報,各村（里）戶籍人口統計月報表,8411,戶政司,不定期更新,03_人口動態_戶籍/村里月報/各村（里）戶籍人口統計月報表(19).csv,https://opdadm.moi.gov.tw/api/v1/no-auth/resource/api/dataset/F4478CE5-7A72-4B14-B91A-F4701758328F/resource/315089D1-FE8A-4E98-B806-CB5851BBE039/download,200,400297,24821f5c08a1fbc010d772eed3f0ed80937216ec2a6f60f32b768132d34630ca,2026-08-16T07:56:03+00:00
03_人口動態_戶籍/村里月報,各村（里）戶籍人口統計月報表,8411,戶政司,不定期更新,03_人口動態_戶籍/村里月報/各村（里）戶籍人口統計月報表(39).zip,https://opdadm.moi.gov.tw/api/v1/no-auth/resource/api/dataset/F4478CE5-7A72-4B14-B91A-F4701758328F/resource/57AA3DF1-19DB-496C-A6FD-CDA39173CA25/download,200,1356443,b8c353a24ccb20e68a5b5cab0b0e688ed1d99d1066edb153fcd7c50c284710c9,2026-08-16T07:56:06+00:00
03_人口動態_戶籍/村里月報,各村（里）戶籍人口統計月報表,8411,戶政司,不定期更新,03_人口動態_戶籍/村里月報/各村（里）戶籍人口統計月報表(40).zip,https://opdadm.moi.gov.tw/api/v1/no-auth/resource/api/dataset/F4478CE5-7A72-4B14-B91A-F4701758328F/resource/9A432ADD-ED2E-4435-8CDF-CF70F823D184/download,200,70887,be8c818fa8dfb3be70cfa0277b241d6b5c4323a5d4e5c9191ba7e9bb8a946dd7,2026-08-16T07:56:07+00:00
03_人口動態_戶籍/村里月報,各村（里）戶籍人口統計月報表,8411,戶政司,不定期更新,03_人口動態_戶籍/村里月報/各村（里）戶籍人口統計月報表(20).csv,https://opdadm.moi.gov.tw/api/v1/no-auth/resource/api/dataset/F4478CE5-7A72-4B14-B91A-F4701758328F/resource/46D0FA91-0159-47B9-BA49-D158F5FD4443/download,200,408974,100a3cf9ad032381ca9b1e4bc18f305eecb42c4df9ada568a5a3aa9735441059,2026-08-16T07:56:09+00:00
03_人口動態_戶籍/村里月報,各村（里）戶籍人口統計月報表,8411,戶政司,不定期更新,03_人口動態_戶籍/村里月報/各村（里）戶籍人口統計月報表(21).csv,https://opdadm.moi.gov.tw/api/v1/no-auth/resource/api/dataset/F4478CE5-7A72-4B14-B91A-F4701758328F/resource/E7F56042-CCAD-463C-8CFD-D1E89D048D85/download,200,400160,c854e45c0b53a16955a449b25ae18fbe2a4287a948efc97fcfdf7240a5c5b79e,2026-08-16T07:56:11+00:00
03_人口動態_戶籍/村里月報,各村（里）戶籍人口統計月報表,8411,戶政司,不定期更新,03_人口動態_戶籍/村里月報/各村（里）戶籍人口統計月報表(41).zip,https://opdadm.moi.gov.tw/api/v1/no-auth/resource/api/dataset/F4478CE5-7A72-4B14-B91A-F4701758328F/resource/B4304E3A-812C-445A-B675-D22A431C1BE7/download,200,1354824,bce725ff14c704f7ce38b13c254ef27d00bdab7fac3ad109ab9f27d71a0f87dc,2026-08-16T07:56:14+00:00
03_人口動態_戶籍/村里月報,各村（里）戶籍人口統計月報表,8411,戶政司,不定期更新,03_人口動態_戶籍/村里月報/各村（里）戶籍人口統計月報表(42).zip,https://opdadm.moi.gov.tw/api/v1/no-auth/resource/api/dataset/F4478CE5-7A72-4B14-B91A-F4701758328F/resource/572AF1C0-D8DE-485C-97B0-D7A550235963/download,200,1356758,63c92619c810d5f50f876f76b90aa1c19b726f0a69c67212f360afef200bf4a8,2026-08-16T07:56:17+00:00
03_人口動態_戶籍/村里月報,各村（里）戶籍人口統計月報表,8411,戶政司,不定期更新,03_人口動態_戶籍/村里月報/各村（里）戶籍人口統計月報表(43).zip,https://opdadm.moi.gov.tw/api/v1/no-auth/resource/api/dataset/F4478CE5-7A72-4B14-B91A-F4701758328F/resource/13BFB9D4-E979-4AE3-A1DA-D81E293AD1C6/download,200,70475,b677551b6da4ff70cffe00c808fa2ad66c06381c7d8c053020c965650511cdd6,2026-08-16T07:56:18+00:00
03_人口動態_戶籍/村里月報,各村（里）戶籍人口統計月報表,8411,戶政司,不定期更新,03_人口動態_戶籍/村里月報/各村（里）戶籍人口統計月報表(44).zip,https://opdadm.moi.gov.tw/api/v1/no-auth/resource/api/dataset/F4478CE5-7A72-4B14-B91A-F4701758328F/resource/0D5B81DF-5561-49D0-82B5-DF06DCCABBC4/download,200,69301,8fd1906ff53c7d146870d43af1cfac3ba3e084787d0068d976fcd6b54c9499eb,2026-08-16T07:56:19+00:00
03_人口動態_戶籍/村里月報,各村（里）戶籍人口統計月報表,8411,戶政司,不定期更新,03_人口動態_戶籍/村里月報/各村（里）戶籍人口統計月報表(45).zip,https://opdadm.moi.gov.tw/api/v1/no-auth/resource/api/dataset/F4478CE5-7A72-4B14-B91A-F4701758328F/resource/16DB45A1-37BD-478E-BEE1-E44088B54CF5/download,200,1354940,f2cf1f8e94452185a732f14976d7d3d7619250d920cb796bde033ca01d7a8442,2026-08-16T07:56:23+00:00
03_人口動態_戶籍/村里月報,各村（里）戶籍人口統計月報表,8411,戶政司,不定期更新,03_人口動態_戶籍/村里月報/各村（里）戶籍人口統計月報表(22).csv,https://opdadm.moi.gov.tw/api/v1/no-auth/resource/api/dataset/F4478CE5-7A72-4B14-B91A-F4701758328F/resource/D3A3B1D5-ED95-4FAB-A027-E983E24B115E/download,200,401052,38fce7e6d63decd95f6a58c3e9d67631fea350dd8a60943c9aa99702341029c0,2026-08-16T07:56:24+00:00
03_人口動態_戶籍/村里月報,各村（里）戶籍人口統計月報表,8411,戶政司,不定期更新,03_人口動態_戶籍/村里月報/各村（里）戶籍人口統計月報表(46).zip,https://opdadm.moi.gov.tw/api/v1/no-auth/resource/api/dataset/F4478CE5-7A72-4B14-B91A-F4701758328F/resource/DCBE0951-8ECF-4649-8ADF-EA09B7DF4B09/download,200,62107,043f8c4071de8fab03b7b0c05295a9b7d525fc35109afb2e9435eaef67a8614e,2026-08-16T07:56:26+00:00
03_人口動態_戶籍/村里月報,各村（里）戶籍人口統計月報表,8411,戶政司,不定期更新,03_人口動態_戶籍/村里月報/各村（里）戶籍人口統計月報表(23).csv,https://opdadm.moi.gov.tw/api/v1/no-auth/resource/api/dataset/F4478CE5-7A72-4B14-B91A-F4701758328F/resource/E8E336B0-463E-4B51-8BE4-EB490846FB89/download,200,400214,5280366773b4a71bfdd40765878e392ec153c468aafe1f5a8857f23977ed1053,2026-08-16T07:56:28+00:00
03_人口動態_戶籍/村里月報,各村（里）戶籍人口統計月報表,8411,戶政司,不定期更新,03_人口動態_戶籍/村里月報/各村（里）戶籍人口統計月報表(47).zip,https://opdadm.moi.gov.tw/api/v1/no-auth/resource/api/dataset/F4478CE5-7A72-4B14-B91A-F4701758328F/resource/B74783F5-1CB1-47ED-88F3-EF864AEF6645/download,200,69911,b68e683e52035327263f5f8625bb8f7c8d602f8643a912e51d71c025cac1eafe,2026-08-16T07:56:29+00:00
03_人口動態_戶籍/村里月報,各村（里）戶籍人口統計月報表,8411,戶政司,不定期更新,03_人口動態_戶籍/村里月報/各村（里）戶籍人口統計月報表(24).csv,https://opdadm.moi.gov.tw/api/v1/no-auth/resource/api/dataset/F4478CE5-7A72-4B14-B91A-F4701758328F/resource/5C388CD8-0CDD-4876-875D-F0FB9D969E0E/download,200,400186,662ff999c1cf56dfabbbfdd4de61ea258821de4497083a2f48c8e3514c372cca,2026-08-16T07:56:31+00:00
03_人口動態_戶籍/村里月報,各村（里）戶籍人口統計月報表,8411,戶政司,不定期更新,03_人口動態_戶籍/村里月報/各村（里）戶籍人口統計月報表(48).zip,https://opdadm.moi.gov.tw/api/v1/no-auth/resource/api/dataset/F4478CE5-7A72-4B14-B91A-F4701758328F/resource/B250B458-7B2B-4A5F-84D5-F774D68D6BF8/download,200,70887,be8c818fa8dfb3be70cfa0277b241d6b5c4323a5d4e5c9191ba7e9bb8a946dd7,2026-08-16T07:56:33+00:00
03_人口動態_戶籍/村里月報,各村（里）戶籍人口統計月報表,8411,戶政司,不定期更新,03_人口動態_戶籍/村里月報/各村（里）戶籍人口統計月報表(49).zip,https://opdadm.moi.gov.tw/api/v1/no-auth/resource/api/dataset/F4478CE5-7A72-4B14-B91A-F4701758328F/resource/7E5DE073-9D62-4916-8987-FB24F379435F/download,200,72028,2cf48c647a5445ea69337f907b0dbcae5e62a388ab2387e29e262faca60e315f,2026-08-16T07:56:34+00:00
03_人口動態_戶籍/村里月報,各村（里）戶籍人口統計月報表,8411,戶政司,不定期更新,03_人口動態_戶籍/村里月報/各村（里）戶籍人口統計月報表(25).csv,https://opdadm.moi.gov.tw/api/v1/no-auth/resource/api/dataset/F4478CE5-7A72-4B14-B91A-F4701758328F/resource/62D5211F-DAD5-4910-B2FA-FEA264B61743/download,200,401161,ea727f8fd0f717ea4b740d21403a6b19f8eb88edd74aadc4d8cee3352c081cb5,2026-08-16T07:56:36+00:00
03_人口動態_戶籍/村里月報,各村（里）戶籍人口統計月報表（新增區域代碼）,77140,戶政司,不定期更新,03_人口動態_戶籍/村里月報/各村（里）戶籍人口統計月報表（新增區域代碼）.csv,https://opdadm.moi.gov.tw/api/v1/no-auth/resource/api/dataset/B60A43E8-55E7-4E8C-9807-BED277979054/resource/7930741D-4019-420F-89C8-0CAD6983051A/download,200,497018,d7d5bc858f9a16c087f30f51244513f266d6cb5079a21b1aa11faf4bb067764d,2026-08-16T07:56:38+00:00
03_人口動態_戶籍/村里月報,各村（里）戶籍人口統計月報表（新增區域代碼）,77140,戶政司,不定期更新,03_人口動態_戶籍/村里月報/各村（里）戶籍人口統計月報表（新增區域代碼）(2).csv,https://opdadm.moi.gov.tw/api/v1/no-auth/resource/api/dataset/B60A43E8-55E7-4E8C-9807-BED277979054/resource/9CC7DB7B-4A82-489F-86E2-12A2E931C2F0/download,200,497037,c5c7f0f1b97d5cbe47a9a027745a144ee9bd710f66b5940596307a198ab7ddc9,2026-08-16T07:56:39+00:00
03_人口動態_戶籍/村里月報,各村（里）戶籍人口統計月報表（新增區域代碼）,77140,戶政司,不定期更新,03_人口動態_戶籍/村里月報/各村（里）戶籍人口統計月報表（新增區域代碼）(3).csv,https://opdadm.moi.gov.tw/api/v1/no-auth/resource/api/dataset/B60A43E8-55E7-4E8C-9807-BED277979054/resource/F2727722-5E3C-40AE-BB62-139AA5291DE3/download,200,497127,c137879d7c0906f4610919700c2631429d71ae51eabe4d0817666123d68350cd,2026-08-16T07:56:41+00:00
03_人口動態_戶籍/村里月報,各村（里）戶籍人口統計月報表（新增區域代碼）,77140,戶政司,不定期更新,03_人口動態_戶籍/村里月報/各村（里）戶籍人口統計月報表（新增區域代碼）(4).csv,https://opdadm.moi.gov.tw/api/v1/no-auth/resource/api/dataset/B60A43E8-55E7-4E8C-9807-BED277979054/resource/5EBE800E-1C91-40C1-BC1A-1D3E824FFA8F/download,200,497100,8a8811e36808f5030f81696a5a001b1318b73063c22c075749dfd1f44cdd11a6,2026-08-16T07:56:43+00:00
03_人口動態_戶籍/村里月報,各村（里）戶籍人口統計月報表（新增區域代碼）,77140,戶政司,不定期更新,03_人口動態_戶籍/村里月報/各村（里）戶籍人口統計月報表（新增區域代碼）(5).csv,https://opdadm.moi.gov.tw/api/v1/no-auth/resource/api/dataset/B60A43E8-55E7-4E8C-9807-BED277979054/resource/4BF572BD-2FA9-46DB-BA94-1E63B793E5F1/download,200,497014,2d9a335ee25eeeab61848120d3a4a820b2269a3d455f64f01e2c146fda26d893,2026-08-16T07:56:45+00:00
03_人口動態_戶籍/村里月報,各村（里）戶籍人口統計月報表（新增區域代碼）,77140,戶政司,不定期更新,03_人口動態_戶籍/村里月報/各村（里）戶籍人口統計月報表（新增區域代碼）(6).csv,https://opdadm.moi.gov.tw/api/v1/no-auth/resource/api/dataset/B60A43E8-55E7-4E8C-9807-BED277979054/resource/6F8A99C8-F483-4650-9DD9-28FC784A8FFE/download,200,497077,3bd0dab1fac973157427c8a1f5e6d33cb90d173651d30a2408d8f3c1f48e43bc,2026-08-16T07:56:47+00:00
03_人口動態_戶籍/村里月報,各村（里）戶籍人口統計月報表（新增區域代碼）,77140,戶政司,不定期更新,03_人口動態_戶籍/村里月報/各村（里）戶籍人口統計月報表（新增區域代碼）(7).csv,https://opdadm.moi.gov.tw/api/v1/no-auth/resource/api/dataset/B60A43E8-55E7-4E8C-9807-BED277979054/resource/3DE8F61D-AB9E-4D76-A4DD-3A429326F275/download,200,497079,bc92226a37bd4222a025c73fb22a89bc5182afd4b5b9c7f2230774cc1272b539,2026-08-16T07:56:49+00:00
03_人口動態_戶籍/村里月報,各村（里）戶籍人口統計月報表（新增區域代碼）,77140,戶政司,不定期更新,03_人口動態_戶籍/村里月報/各村（里）戶籍人口統計月報表（新增區域代碼）(8).csv,https://opdadm.moi.gov.tw/api/v1/no-auth/resource/api/dataset/B60A43E8-55E7-4E8C-9807-BED277979054/resource/9EA69DC3-1A87-4D67-9560-3A6633DE6FB3/download,200,497137,898650722ef85f430ef111ab25626f243e9da21c456bc427febcc1de70c14c0b,2026-08-16T07:56:51+00:00
03_人口動態_戶籍/村里月報,各村（里）戶籍人口統計月報表（新增區域代碼）,77140,戶政司,不定期更新,03_人口動態_戶籍/村里月報/各村（里）戶籍人口統計月報表（新增區域代碼）(9).csv,https://opdadm.moi.gov.tw/api/v1/no-auth/resource/api/dataset/B60A43E8-55E7-4E8C-9807-BED277979054/resource/4BBBB8F7-C7E7-4F03-81C0-3C4C8E2AE9A8/download,200,497079,71ddd6b50eb650192b819022af62caf0e42dad77896bd2c005eee0cf773d5361,2026-08-16T07:56:54+00:00
03_人口動態_戶籍/村里月報,各村（里）戶籍人口統計月報表（新增區域代碼）,77140,戶政司,不定期更新,03_人口動態_戶籍/村里月報/各村（里）戶籍人口統計月報表（新增區域代碼）(10).csv,https://opdadm.moi.gov.tw/api/v1/no-auth/resource/api/dataset/B60A43E8-55E7-4E8C-9807-BED277979054/resource/4B1076C1-A8D0-4E28-A1F3-3E8357D6017E/download,200,501023,63afb718bfd2590b3e51a07f739674b95d84534df4fe24a3153fd06f66b2281d,2026-08-16T07:56:56+00:00
03_人口動態_戶籍/村里月報,各村（里）戶籍人口統計月報表（新增區域代碼）,77140,戶政司,不定期更新,03_人口動態_戶籍/村里月報/各村（里）戶籍人口統計月報表（新增區域代碼）(11).csv,https://opdadm.moi.gov.tw/api/v1/no-auth/resource/api/dataset/B60A43E8-55E7-4E8C-9807-BED277979054/resource/A871246E-FE4F-4C18-9DB4-44D5521F639E/download,200,497089,1c4d8e55d87975c2689023c34eff9fafa1fb845ad07a05fb4d98ca56202b2501,2026-08-16T07:56:57+00:00
03_人口動態_戶籍/村里月報,各村（里）戶籍人口統計月報表（新增區域代碼）,77140,戶政司,不定期更新,03_人口動態_戶籍/村里月報/各村（里）戶籍人口統計月報表（新增區域代碼）(12).csv,https://opdadm.moi.gov.tw/api/v1/no-auth/resource/api/dataset/B60A43E8-55E7-4E8C-9807-BED277979054/resource/D786BB73-3D55-4F9B-9FDA-4FE29ABDD830/download,200,497209,94f9bbdab98ce2e381f21dd098368dff9afdd538831dfc7f8550149dacc60eb3,2026-08-16T07:57:00+00:00
05_社會住宅_地方,臺南市社會住宅案地及戶數資料,130113,臺南市政府都市發展局,每年,,https://soa.tainan.gov.tw/Api/Service/Get/36dded74-0716-46d0-abfd-fa4ebc22d565,URLError:ConnectionResetError,0,,2026-08-16T08:00:15+00:00
05_社會住宅_地方,臺南市社會住宅包租代管辦理廠商資訊,142745,臺南市政府都市發展局,每年,,https://soa.tainan.gov.tw/Api/Service/Get/b7452117-47b4-49de-a9ad-32ca1b8aed96,URLError:ConnectionResetError,0,,2026-08-16T08:00:53+00:00
05_社會住宅_地方,高雄市社會住宅包租代管統計,166888,高雄市政府都市發展局,不定期更新,,https://openapi.kcg.gov.tw/Api/Service/Get/d0eed3a0-d8ff-46fe-be79-678bab123065,URLError:ConnectionResetError,0,,2026-08-16T08:01:31+00:00
05_社會住宅_地方,109 年臺東縣社會住宅,165798,社會處,不定期更新,,https://ttone.taitung.gov.tw/download?id=gAwMt7n9PkiQV5cFJbY1RQ%3D%3D,URLError:ConnectionResetError,0,,2026-08-16T08:02:12+00:00
01_人口分布/普查_縣市/桃園市,桃園市５歲以上常住人口之遷徙情形,24251,行政院主計總處,每10年,,https://www.dgbas.gov.tw/public/data/open/Cen/Mp06147.xml,cloudflare,0,,2026-08-16T08:02:12+00:00
01_人口分布/普查_縣市/新竹縣,新竹縣５歲以上常住人口之遷徙情形,24252,行政院主計總處,每10年,,https://www.dgbas.gov.tw/public/data/open/Cen/Mp06148.xml,cloudflare,0,,2026-08-16T08:02:13+00:00
01_人口分布/普查_縣市/嘉義市,嘉義市５歲以上常住人口之遷徙情形,24264,行政院主計總處,每10年,,https://www.dgbas.gov.tw/public/data/open/Cen/Mp06160.xml,cloudflare,0,,2026-08-16T08:02:13+00:00
01_人口分布/普查_縣市/連江縣,連江縣５歲以上常住人口之遷徙情形,24266,行政院主計總處,每10年,,https://www.dgbas.gov.tw/public/data/open/Cen/Mp06162.xml,cloudflare,0,,2026-08-16T08:02:13+00:00
01_人口分布/普查_縣市/臺東縣,臺東縣５歲以上常住人口之遷徙情形,24259,行政院主計總處,每10年,,https://www.dgbas.gov.tw/public/data/open/Cen/Mp06155.xml,cloudflare,0,,2026-08-16T08:02:13+00:00
01_人口分布/普查_縣市/雲林縣,雲林縣６歲以上常住人口之工作地及就學地狀況,24294,行政院主計總處,不定期更新,,https://www.dgbas.gov.tw/public/data/open/Cen/Mp06175.xml,cloudflare,0,,2026-08-16T08:02:14+00:00
01_人口分布/普查_縣市/嘉義縣,嘉義縣６歲以上常住人口之工作地及就學地狀況,24295,行政院主計總處,不定期更新,,https://www.dgbas.gov.tw/public/data/open/Cen/Mp06176.xml,cloudflare,0,,2026-08-16T08:02:14+00:00
01_人口分布/普查_縣市/屏東縣,屏東縣６歲以上常住人口之工作地及就學地狀況,24296,行政院主計總處,不定期更新,,https://www.dgbas.gov.tw/public/data/open/Cen/Mp06177.xml,cloudflare,0,,2026-08-16T08:02:14+00:00
01_人口分布/普查_縣市/桃園縣,桃園縣６歲以上常住人口之工作地及就學地狀況,24289,行政院主計總處,不定期更新,,https://www.dgbas.gov.tw/public/data/open/Cen/Mp06170.xml,cloudflare,0,,2026-08-16T08:02:14+00:00
01_人口分布/普查_縣市/新竹縣,新竹縣６歲以上常住人口之工作地及就學地狀況,24290,行政院主計總處,不定期更新,,https://www.dgbas.gov.tw/public/data/open/Cen/Mp06171.xml,cloudflare,0,,2026-08-16T08:02:14+00:00
01_人口分布/普查_縣市/彰化縣,彰化縣６歲以上常住人口之工作地及就學地狀況,24292,行政院主計總處,不定期更新,,https://www.dgbas.gov.tw/public/data/open/Cen/Mp06173.xml,cloudflare,0,,2026-08-16T08:02:14+00:00
01_人口分布/普查_縣市/新竹市,新竹市６歲以上常住人口之工作地及就學地狀況,24301,行政院主計總處,不定期更新,,https://www.dgbas.gov.tw/public/data/open/Cen/Mp06182.xml,cloudflare,0,,2026-08-16T08:02:15+00:00
01_人口分布/普查_縣市/金門縣,金門縣６歲以上常住人口之工作地及就學地狀況,24303,行政院主計總處,不定期更新,,https://www.dgbas.gov.tw/public/data/open/Cen/Mp06184.xml,cloudflare,0,,2026-08-16T08:02:15+00:00
01_人口分布/普查_縣市/臺南市,臺南市６歲以上常住人口之工作地及就學地狀況,24286,行政院主計總處,不定期更新,,https://www.dgbas.gov.tw/public/data/open/Cen/Mp06167.xml,cloudflare,0,,2026-08-16T08:02:15+00:00
01_人口分布/普查_縣市/彰化縣,彰化縣住戶數、常住人口數及平均每戶人口數,24769,行政院主計總處,每10年,,https://www.dgbas.gov.tw/public/data/open/Cen/Mp06196.xml,cloudflare,0,,2026-08-16T08:02:15+00:00
01_人口分布/普查_縣市/南投縣,南投縣住戶數、常住人口數及平均每戶人口數,24770,行政院主計總處,每10年,,https://www.dgbas.gov.tw/public/data/open/Cen/Mp06197.xml,cloudflare,0,,2026-08-16T08:02:15+00:00
01_人口分布/普查_縣市/雲林縣,雲林縣住戶數、常住人口數及平均每戶人口數,24771,行政院主計總處,每10年,,https://www.dgbas.gov.tw/public/data/open/Cen/Mp06198.xml,cloudflare,0,,2026-08-16T08:02:15+00:00
02_住宅存量/普查_縣市/新北市,新北市住宅單位數,24784,行政院主計總處,不定期更新,,https://www.dgbas.gov.tw/public/data/open/Cen/Mp06210.xml,cloudflare,0,,2026-08-16T08:02:16+00:00
02_住宅存量/普查_縣市/臺中市,臺中市住宅單位數,24786,行政院主計總處,不定期更新,,https://www.dgbas.gov.tw/public/data/open/Cen/Mp06212.xml,cloudflare,0,,2026-08-16T08:02:16+00:00
02_住宅存量/普查_縣市/南投縣,南投縣住宅單位數,24794,行政院主計總處,不定期更新,,https://www.dgbas.gov.tw/public/data/open/Cen/Mp06220.xml,cloudflare,0,,2026-08-16T08:02:16+00:00
02_住宅存量/普查_縣市/雲林縣,雲林縣住宅單位數,24795,行政院主計總處,不定期更新,,https://www.dgbas.gov.tw/public/data/open/Cen/Mp06221.xml,cloudflare,0,,2026-08-16T08:02:16+00:00
01_人口分布/普查_縣市/屏東縣,屏東縣住戶數、常住人口數及平均每戶人口數,24773,行政院主計總處,每10年,,https://www.dgbas.gov.tw/public/data/open/Cen/Mp06200.xml,cloudflare,0,,2026-08-16T08:02:16+00:00
01_人口分布/普查_縣市/嘉義市,嘉義市住戶數、常住人口數及平均每戶人口數,24779,行政院主計總處,每10年,,https://www.dgbas.gov.tw/public/data/open/Cen/Mp06206.xml,cloudflare,0,,2026-08-16T08:02:17+00:00
01_人口分布/普查_縣市/臺中市,臺中市住戶數、常住人口數及平均每戶人口數,24762,行政院主計總處,每10年,,https://www.dgbas.gov.tw/public/data/open/Cen/Mp06189.xml,cloudflare,0,,2026-08-16T08:02:17+00:00
01_人口分布/普查_縣市/新竹縣,新竹縣住戶數、常住人口數及平均每戶人口數,24767,行政院主計總處,每10年,,https://www.dgbas.gov.tw/public/data/open/Cen/Mp06194.xml,cloudflare,0,,2026-08-16T08:02:17+00:00
02_住宅存量/普查_縣市/屏東縣,屏東縣住宅單位數,24797,行政院主計總處,不定期更新,,https://www.dgbas.gov.tw/public/data/open/Cen/Mp06223.xml,cloudflare,0,,2026-08-16T08:02:17+00:00
02_住宅存量/普查_縣市/新竹市,新竹市住宅單位數,24802,行政院主計總處,不定期更新,,https://www.dgbas.gov.tw/public/data/open/Cen/Mp06228.xml,cloudflare,0,,2026-08-16T08:02:18+00:00
01_人口分布/普查_縣市/宜蘭縣,宜蘭縣常住人口數及人口密度,18505,行政院主計總處,每10年,,https://www.dgbas.gov.tw/public/data/open/Cen/Mp06007.xml,cloudflare,0,,2026-08-16T08:02:18+00:00
01_人口分布/普查_縣市/嘉義縣,嘉義縣常住人口數及人口密度,18512,行政院主計總處,每10年,,https://www.dgbas.gov.tw/public/data/open/Cen/Mp06014.xml,cloudflare,0,,2026-08-16T08:02:18+00:00
01_人口分布/普查_縣市/新竹市,新竹市常住人口數及人口密度,18518,行政院主計總處,每10年,,https://www.dgbas.gov.tw/public/data/open/Cen/Mp06020.xml,cloudflare,0,,2026-08-16T08:02:18+00:00
01_人口分布/普查_縣市/連江縣,連江縣６歲以上常住人口之工作地及就學地狀況,24304,行政院主計總處,不定期更新,,https://www.dgbas.gov.tw/public/data/open/Cen/Mp06185.xml,cloudflare,0,,2026-08-16T08:02:18+00:00
01_人口分布/普查_縣市/金門縣,金門縣５歲以上常住人口之遷徙情形,24265,行政院主計總處,每10年,,https://www.dgbas.gov.tw/public/data/open/Cen/Mp06161.xml,cloudflare,0,,2026-08-16T08:02:19+00:00
01_人口分布/普查_縣市/苗栗縣,苗栗縣６歲以上常住人口之工作地及就學地狀況,24291,行政院主計總處,不定期更新,,https://www.dgbas.gov.tw/public/data/open/Cen/Mp06172.xml,cloudflare,0,,2026-08-16T08:02:19+00:00
01_人口分布/普查_縣市/南投縣,南投縣６歲以上常住人口之工作地及就學地狀況,24293,行政院主計總處,不定期更新,,https://www.dgbas.gov.tw/public/data/open/Cen/Mp06174.xml,cloudflare,0,,2026-08-16T08:02:19+00:00
01_人口分布/普查_縣市/臺中市,臺中市６歲以上常住人口之工作地及就學地狀況,24285,行政院主計總處,不定期更新,,https://www.dgbas.gov.tw/public/data/open/Cen/Mp06166.xml,cloudflare,0,,2026-08-16T08:02:19+00:00
01_人口分布/普查_縣市/澎湖縣,澎湖縣６歲以上常住人口之工作地及就學地狀況,24299,行政院主計總處,不定期更新,,https://www.dgbas.gov.tw/public/data/open/Cen/Mp06180.xml,cloudflare,0,,2026-08-16T08:02:19+00:00
01_人口分布/普查_縣市/屏東縣,屏東縣５歲以上常住人口之遷徙情形,24258,行政院主計總處,每10年,,https://www.dgbas.gov.tw/public/data/open/Cen/Mp06154.xml,cloudflare,0,,2026-08-16T08:02:19+00:00
01_人口分布/普查_縣市/澎湖縣,澎湖縣５歲以上常住人口之遷徙情形,24261,行政院主計總處,每10年,,https://www.dgbas.gov.tw/public/data/open/Cen/Mp06157.xml,cloudflare,0,,2026-08-16T08:02:20+00:00
01_人口分布/普查_縣市/連江縣,連江縣住戶數、常住人口數及平均每戶人口數,24781,行政院主計總處,每10年,,https://www.dgbas.gov.tw/public/data/open/Cen/Mp06208.xml,cloudflare,0,,2026-08-16T08:02:20+00:00
01_人口分布/普查_縣市/臺東縣,臺東縣住戶數、常住人口數及平均每戶人口數,24774,行政院主計總處,每10年,,https://www.dgbas.gov.tw/public/data/open/Cen/Mp06201.xml,cloudflare,0,,2026-08-16T08:02:20+00:00
01_人口分布/普查_縣市/花蓮縣,花蓮縣住戶數、常住人口數及平均每戶人口數,24775,行政院主計總處,每10年,,https://www.dgbas.gov.tw/public/data/open/Cen/Mp06202.xml,cloudflare,0,,2026-08-16T08:02:20+00:00
01_人口分布/普查_縣市/宜蘭縣,宜蘭縣住戶數、常住人口數及平均每戶人口數,24765,行政院主計總處,每10年,,https://www.dgbas.gov.tw/public/data/open/Cen/Mp06192.xml,cloudflare,0,,2026-08-16T08:02:20+00:00
01_人口分布/普查_縣市/苗栗縣,苗栗縣住戶數、常住人口數及平均每戶人口數,24768,行政院主計總處,每10年,,https://www.dgbas.gov.tw/public/data/open/Cen/Mp06195.xml,cloudflare,0,,2026-08-16T08:02:21+00:00
01_人口分布/普查_縣市/嘉義縣,嘉義縣住戶數、常住人口數及平均每戶人口數,24772,行政院主計總處,每10年,,https://www.dgbas.gov.tw/public/data/open/Cen/Mp06199.xml,cloudflare,0,,2026-08-16T08:02:21+00:00
01_人口分布/普查_縣市/金門縣,金門縣住戶數、常住人口數及平均每戶人口數,24780,行政院主計總處,每10年,,https://www.dgbas.gov.tw/public/data/open/Cen/Mp06207.xml,cloudflare,0,,2026-08-16T08:02:21+00:00
01_人口分布/普查_縣市/臺北市,臺北市住戶數、常住人口數及平均每戶人口數,24761,行政院主計總處,每10年,,https://www.dgbas.gov.tw/public/data/open/Cen/Mp06188.xml,cloudflare,0,,2026-08-16T08:02:21+00:00
02_住宅存量/普查_縣市/金門縣,金門縣住宅單位數,24804,行政院主計總處,不定期更新,,https://www.dgbas.gov.tw/public/data/open/Cen/Mp06230.xml,cloudflare,0,,2026-08-16T08:02:21+00:00
02_住宅存量/普查_縣市/桃園縣,桃園縣住宅單位數,24790,行政院主計總處,不定期更新,,https://www.dgbas.gov.tw/public/data/open/Cen/Mp06216.xml,cloudflare,0,,2026-08-16T08:02:22+00:00
02_住宅存量/普查_縣市/新竹縣,新竹縣住宅單位數,24791,行政院主計總處,不定期更新,,https://www.dgbas.gov.tw/public/data/open/Cen/Mp06217.xml,cloudflare,0,,2026-08-16T08:02:22+00:00
02_住宅存量/普查_縣市/苗栗縣,苗栗縣住宅單位數,24792,行政院主計總處,不定期更新,,https://www.dgbas.gov.tw/public/data/open/Cen/Mp06218.xml,cloudflare,0,,2026-08-16T08:02:22+00:00
02_住宅存量/普查_縣市/臺東縣,臺東縣住宅單位數,24798,行政院主計總處,不定期更新,,https://www.dgbas.gov.tw/public/data/open/Cen/Mp06224.xml,cloudflare,0,,2026-08-16T08:02:22+00:00
02_住宅存量/普查_縣市/基隆市,基隆市住宅單位數,24801,行政院主計總處,不定期更新,,https://www.dgbas.gov.tw/public/data/open/Cen/Mp06227.xml,cloudflare,0,,2026-08-16T08:02:23+00:00
02_住宅存量/普查_縣市/臺北市,臺北市住宅單位數,24785,行政院主計總處,不定期更新,,https://www.dgbas.gov.tw/public/data/open/Cen/Mp06211.xml,cloudflare,0,,2026-08-16T08:02:23+00:00
02_住宅存量/普查_縣市/臺南市,臺南市住宅單位數,24787,行政院主計總處,不定期更新,,https://www.dgbas.gov.tw/public/data/open/Cen/Mp06213.xml,cloudflare,0,,2026-08-16T08:02:23+00:00
01_人口分布/普查_縣市/新北市,新北市５歲以上常住人口之遷徙情形,24245,行政院主計總處,每10年,,https://www.dgbas.gov.tw/public/data/open/Cen/Mp06141.xml,cloudflare,0,,2026-08-16T08:02:23+00:00
01_人口分布/普查_縣市/臺北市,臺北市５歲以上常住人口之遷徙情形,24246,行政院主計總處,每10年,,https://www.dgbas.gov.tw/public/data/open/Cen/Mp06142.xml,cloudflare,0,,2026-08-16T08:02:23+00:00
01_人口分布/普查_縣市/苗栗縣,苗栗縣５歲以上常住人口之遷徙情形,24253,行政院主計總處,每10年,,https://www.dgbas.gov.tw/public/data/open/Cen/Mp06149.xml,cloudflare,0,,2026-08-16T08:02:23+00:00
01_人口分布/普查_縣市/彰化縣,彰化縣５歲以上常住人口之遷徙情形,24254,行政院主計總處,每10年,,https://www.dgbas.gov.tw/public/data/open/Cen/Mp06150.xml,cloudflare,0,,2026-08-16T08:02:24+00:00
01_人口分布/普查_縣市/南投縣,南投縣５歲以上常住人口之遷徙情形,24255,行政院主計總處,每10年,,https://www.dgbas.gov.tw/public/data/open/Cen/Mp06151.xml,cloudflare,0,,2026-08-16T08:02:24+00:00
01_人口分布/普查_縣市/臺南市,臺南市５歲以上常住人口之遷徙情形,24248,行政院主計總處,每10年,,https://www.dgbas.gov.tw/public/data/open/Cen/Mp06144.xml,cloudflare,0,,2026-08-16T08:02:24+00:00
01_人口分布/普查_縣市/高雄市,高雄市５歲以上常住人口之遷徙情形,24249,行政院主計總處,每10年,,https://www.dgbas.gov.tw/public/data/open/Cen/Mp06145.xml,cloudflare,0,,2026-08-16T08:02:24+00:00
01_人口分布/普查_縣市/臺中市,臺中市常住人口數及人口密度,18454,行政院主計總處,每10年,,https://www.dgbas.gov.tw/public/data/open/Cen/Mp06004.xml,cloudflare,0,,2026-08-16T08:02:25+00:00
01_人口分布/普查_縣市/臺南市,臺南市常住人口數及人口密度,18503,行政院主計總處,每10年,,https://www.dgbas.gov.tw/public/data/open/Cen/Mp06005.xml,cloudflare,0,,2026-08-16T08:02:25+00:00
01_人口分布/普查_縣市/桃園市,桃園市常住人口數及人口密度,18506,行政院主計總處,每10年,,https://www.dgbas.gov.tw/public/data/open/Cen/Mp06008.xml,cloudflare,0,,2026-08-16T08:02:25+00:00
01_人口分布/普查_縣市/苗栗縣,苗栗縣常住人口數及人口密度,18508,行政院主計總處,每10年,,https://www.dgbas.gov.tw/public/data/open/Cen/Mp06010.xml,cloudflare,0,,2026-08-16T08:02:25+00:00
01_人口分布/普查_縣市/彰化縣,彰化縣常住人口數及人口密度,18509,行政院主計總處,每10年,,https://www.dgbas.gov.tw/public/data/open/Cen/Mp06011.xml,cloudflare,0,,2026-08-16T08:02:25+00:00
01_人口分布/普查_縣市/南投縣,南投縣常住人口數及人口密度,18510,行政院主計總處,每10年,,https://www.dgbas.gov.tw/public/data/open/Cen/Mp06012.xml,cloudflare,0,,2026-08-16T08:02:25+00:00
01_人口分布/普查_縣市/雲林縣,雲林縣常住人口數及人口密度,18511,行政院主計總處,每10年,,https://www.dgbas.gov.tw/public/data/open/Cen/Mp06013.xml,cloudflare,0,,2026-08-16T08:02:26+00:00
01_人口分布/普查_縣市/屏東縣,屏東縣常住人口數及人口密度,18513,行政院主計總處,每10年,,https://www.dgbas.gov.tw/public/data/open/Cen/Mp06015.xml,cloudflare,0,,2026-08-16T08:02:26+00:00
01_人口分布/普查_縣市/臺東縣,臺東縣常住人口數及人口密度,18514,行政院主計總處,每10年,,https://www.dgbas.gov.tw/public/data/open/Cen/Mp06016.xml,cloudflare,0,,2026-08-16T08:02:26+00:00
01_人口分布/普查_縣市/連江縣,連江縣常住人口數及人口密度,18521,行政院主計總處,每10年,,https://www.dgbas.gov.tw/public/data/open/Cen/Mp06023.xml,cloudflare,0,,2026-08-16T08:02:26+00:00
01_人口分布/普查_縣市/新北市,新北市常住人口數及人口密度,18447,行政院主計總處,每10年,,https://www.dgbas.gov.tw/public/data/open/Cen/Mp06002.xml,cloudflare,0,,2026-08-16T08:02:26+00:00
01_人口分布/普查_縣市/澎湖縣,澎湖縣常住人口數及人口密度,18516,行政院主計總處,每10年,,https://www.dgbas.gov.tw/public/data/open/Cen/Mp06018.xml,cloudflare,0,,2026-08-16T08:02:27+00:00
01_人口分布/普查_縣市/基隆市,基隆市常住人口數及人口密度,18517,行政院主計總處,每10年,,https://www.dgbas.gov.tw/public/data/open/Cen/Mp06019.xml,cloudflare,0,,2026-08-16T08:02:27+00:00
01_人口分布/普查_縣市/臺北市,臺北市常住人口數及人口密度,18450,行政院主計總處,每10年,,https://www.dgbas.gov.tw/public/data/open/Cen/Mp06003.xml,cloudflare,0,,2026-08-16T08:02:27+00:00
01_人口分布/普查_縣市/嘉義市,嘉義市常住人口數及人口密度,18519,行政院主計總處,每10年,,https://www.dgbas.gov.tw/public/data/open/Cen/Mp06021.xml,cloudflare,0,,2026-08-16T08:02:27+00:00
01_人口分布/普查_縣市/金門縣,金門縣常住人口數及人口密度,18520,行政院主計總處,每10年,,https://www.dgbas.gov.tw/public/data/open/Cen/Mp06022.xml,cloudflare,0,,2026-08-16T08:02:27+00:00
01_人口分布/普查_縣市/新竹縣,新竹縣常住人口數及人口密度,18507,行政院主計總處,每10年,,https://www.dgbas.gov.tw/public/data/open/Cen/Mp06009.xml,cloudflare,0,,2026-08-16T08:02:27+00:00
01_人口分布/普查_縣市/花蓮縣,花蓮縣常住人口數及人口密度,18515,行政院主計總處,每10年,,https://www.dgbas.gov.tw/public/data/open/Cen/Mp06017.xml,cloudflare,0,,2026-08-16T08:02:28+00:00
01_人口分布/普查_縣市/高雄市,高雄市常住人口數及人口密度,18504,行政院主計總處,每10年,,https://www.dgbas.gov.tw/public/data/open/Cen/Mp06006.xml,cloudflare,0,,2026-08-16T08:02:28+00:00
01_人口分布/普查_縣市/基隆市,基隆市６歲以上常住人口之工作地及就學地狀況,24300,行政院主計總處,不定期更新,,https://www.dgbas.gov.tw/public/data/open/Cen/Mp06181.xml,cloudflare,0,,2026-08-16T08:02:28+00:00
01_人口分布/普查_縣市/嘉義市,嘉義市６歲以上常住人口之工作地及就學地狀況,24302,行政院主計總處,不定期更新,,https://www.dgbas.gov.tw/public/data/open/Cen/Mp06183.xml,cloudflare,0,,2026-08-16T08:02:28+00:00
01_人口分布/普查_縣市/基隆市,基隆市住戶數、常住人口數及平均每戶人口數,24777,行政院主計總處,每10年,,https://www.dgbas.gov.tw/public/data/open/Cen/Mp06204.xml,cloudflare,0,,2026-08-16T08:02:28+00:00
01_人口分布/普查_縣市/新竹市,新竹市住戶數、常住人口數及平均每戶人口數,24778,行政院主計總處,每10年,,https://www.dgbas.gov.tw/public/data/open/Cen/Mp06205.xml,cloudflare,0,,2026-08-16T08:02:29+00:00
02_住宅存量/普查_縣市/花蓮縣,花蓮縣住宅單位數,24799,行政院主計總處,不定期更新,,https://www.dgbas.gov.tw/public/data/open/Cen/Mp06225.xml,cloudflare,0,,2026-08-16T08:02:29+00:00
02_住宅存量/普查_縣市/澎湖縣,澎湖縣住宅單位數,24800,行政院主計總處,不定期更新,,https://www.dgbas.gov.tw/public/data/open/Cen/Mp06226.xml,cloudflare,0,,2026-08-16T08:02:29+00:00
02_住宅存量/普查_縣市/嘉義市,嘉義市住宅單位數,24803,行政院主計總處,不定期更新,,https://www.dgbas.gov.tw/public/data/open/Cen/Mp06229.xml,cloudflare,0,,2026-08-16T08:02:29+00:00
02_住宅存量/普查_縣市/連江縣,連江縣住宅單位數,24805,行政院主計總處,不定期更新,,https://www.dgbas.gov.tw/public/data/open/Cen/Mp06231.xml,cloudflare,0,,2026-08-16T08:02:29+00:00
02_住宅存量/普查_縣市/宜蘭縣,宜蘭縣住宅單位數,24789,行政院主計總處,不定期更新,,https://www.dgbas.gov.tw/public/data/open/Cen/Mp06215.xml,cloudflare,0,,2026-08-16T08:02:29+00:00
02_住宅存量/普查_縣市/彰化縣,彰化縣住宅單位數,24793,行政院主計總處,不定期更新,,https://www.dgbas.gov.tw/public/data/open/Cen/Mp06219.xml,cloudflare,0,,2026-08-16T08:02:30+00:00
02_住宅存量/普查_縣市/嘉義縣,嘉義縣住宅單位數,24796,行政院主計總處,不定期更新,,https://www.dgbas.gov.tw/public/data/open/Cen/Mp06222.xml,cloudflare,0,,2026-08-16T08:02:30+00:00
02_住宅存量/普查_縣市/高雄市,高雄市住宅單位數,24788,行政院主計總處,不定期更新,,https://www.dgbas.gov.tw/public/data/open/Cen/Mp06214.xml,cloudflare,0,,2026-08-16T08:02:30+00:00
01_人口分布/普查_縣市/新北市,新北市６歲以上常住人口之工作地及就學地狀況,24283,行政院主計總處,不定期更新,,https://www.dgbas.gov.tw/public/data/open/Cen/Mp06164.xml,cloudflare,0,,2026-08-16T08:02:30+00:00
01_人口分布/普查_縣市/臺東縣,臺東縣６歲以上常住人口之工作地及就學地狀況,24297,行政院主計總處,不定期更新,,https://www.dgbas.gov.tw/public/data/open/Cen/Mp06178.xml,cloudflare,0,,2026-08-16T08:02:31+00:00
01_人口分布/普查_縣市/花蓮縣,花蓮縣６歲以上常住人口之工作地及就學地狀況,24298,行政院主計總處,不定期更新,,https://www.dgbas.gov.tw/public/data/open/Cen/Mp06179.xml,cloudflare,0,,2026-08-16T08:02:31+00:00
01_人口分布/普查_縣市/臺北市,臺北市６歲以上常住人口之工作地及就學地狀況,24284,行政院主計總處,不定期更新,,https://www.dgbas.gov.tw/public/data/open/Cen/Mp06165.xml,cloudflare,0,,2026-08-16T08:02:31+00:00
01_人口分布/普查_縣市/高雄市,高雄市６歲以上常住人口之工作地及就學地狀況,24287,行政院主計總處,不定期更新,,https://www.dgbas.gov.tw/public/data/open/Cen/Mp06168.xml,cloudflare,0,,2026-08-16T08:02:31+00:00
01_人口分布/普查_縣市/基隆市,基隆市５歲以上常住人口之遷徙情形,24262,行政院主計總處,每10年,,https://www.dgbas.gov.tw/public/data/open/Cen/Mp06158.xml,cloudflare,0,,2026-08-16T08:02:31+00:00
01_人口分布/普查_縣市/新竹市,新竹市５歲以上常住人口之遷徙情形,24263,行政院主計總處,每10年,,https://www.dgbas.gov.tw/public/data/open/Cen/Mp06159.xml,cloudflare,0,,2026-08-16T08:02:32+00:00
01_人口分布/普查_縣市/宜蘭縣,宜蘭縣６歲以上常住人口之工作地及就學地狀況,24288,行政院主計總處,不定期更新,,https://www.dgbas.gov.tw/public/data/open/Cen/Mp06169.xml,cloudflare,0,,2026-08-16T08:02:32+00:00
01_人口分布/普查_縣市/花蓮縣,花蓮縣５歲以上常住人口之遷徙情形,24260,行政院主計總處,每10年,,https://www.dgbas.gov.tw/public/data/open/Cen/Mp06156.xml,cloudflare,0,,2026-08-16T08:02:32+00:00
01_人口分布/普查_縣市/雲林縣,雲林縣５歲以上常住人口之遷徙情形,24256,行政院主計總處,每10年,,https://www.dgbas.gov.tw/public/data/open/Cen/Mp06152.xml,cloudflare,0,,2026-08-16T08:02:32+00:00
01_人口分布/普查_縣市/嘉義縣,嘉義縣５歲以上常住人口之遷徙情形,24257,行政院主計總處,每10年,,https://www.dgbas.gov.tw/public/data/open/Cen/Mp06153.xml,cloudflare,0,,2026-08-16T08:02:32+00:00
01_人口分布/普查_縣市/臺中市,臺中市５歲以上常住人口之遷徙情形,24247,行政院主計總處,每10年,,https://www.dgbas.gov.tw/public/data/open/Cen/Mp06143.xml,cloudflare,0,,2026-08-16T08:02:32+00:00
01_人口分布/普查_縣市/宜蘭縣,宜蘭縣５歲以上常住人口之遷徙情形,24250,行政院主計總處,每10年,,https://www.dgbas.gov.tw/public/data/open/Cen/Mp06146.xml,cloudflare,0,,2026-08-16T08:02:33+00:00
01_人口分布/普查_縣市/新北市,新北市住戶數、常住人口數及平均每戶人口數,24760,行政院主計總處,每10年,,https://www.dgbas.gov.tw/public/data/open/Cen/Mp06187.xml,cloudflare,0,,2026-08-16T08:02:33+00:00
01_人口分布/普查_縣市/臺南市,臺南市住戶數、常住人口數及平均每戶人口數,24763,行政院主計總處,每10年,,https://www.dgbas.gov.tw/public/data/open/Cen/Mp06190.xml,cloudflare,0,,2026-08-16T08:02:33+00:00
01_人口分布/普查_縣市/高雄市,高雄市住戶數、常住人口數及平均每戶人口數,24764,行政院主計總處,每10年,,https://www.dgbas.gov.tw/public/data/open/Cen/Mp06191.xml,cloudflare,0,,2026-08-16T08:02:33+00:00
01_人口分布/普查_縣市/澎湖縣,澎湖縣住戶數、常住人口數及平均每戶人口數,24776,行政院主計總處,每10年,,https://www.dgbas.gov.tw/public/data/open/Cen/Mp06203.xml,cloudflare,0,,2026-08-16T08:02:33+00:00
01_人口分布/普查_縣市/桃園市,桃園市住戶數、常住人口數及平均每戶人口數,24766,行政院主計總處,每10年,,https://www.dgbas.gov.tw/public/data/open/Cen/Mp06193.xml,cloudflare,0,,2026-08-16T08:02:34+00:00
07_普查99年_統計表/人口,表18、5歲以上常住人口5年前居住地－按經常居住地區分,10906,行政院主計總處,每10年,,https://census.dgbas.gov.tw/PHC2010/chinese/51/318.ods,cloudflare,0,,2026-08-16T08:02:34+00:00
07_普查99年_統計表/人口,表19、5歲以上常住人口遷徙情形－按經常居住地區分,10906,行政院主計總處,每10年,,https://census.dgbas.gov.tw/PHC2010/chinese/51/319.ods,cloudflare,0,,2026-08-16T08:02:34+00:00
07_普查99年_統計表/人口,表20、臺灣地區5歲以上常住人口跨縣市之遷徙狀況,10906,行政院主計總處,每10年,,https://census.dgbas.gov.tw/PHC2010/chinese/51/320.ods,cloudflare,0,,2026-08-16T08:02:34+00:00
07_普查99年_統計表/人口,表21、臺灣地區5歲以上跨縣市遷徙人口之年齡結構,10906,行政院主計總處,每10年,,https://census.dgbas.gov.tw/PHC2010/chinese/51/321.ods,cloudflare,0,,2026-08-16T08:02:34+00:00
07_普查99年_統計表/人口,表22、臺灣地區15歲以上跨縣市遷徙人口之教育程度,10906,行政院主計總處,每10年,,https://census.dgbas.gov.tw/PHC2010/chinese/51/322.ods,cloudflare,0,,2026-08-16T08:02:35+00:00
07_普查99年_統計表/人口,表23、臺灣地區15歲以上跨縣市遷徙人口之婚姻狀況,10906,行政院主計總處,每10年,,https://census.dgbas.gov.tw/PHC2010/chinese/51/323.ods,cloudflare,0,,2026-08-16T08:02:35+00:00
07_普查99年_統計表/人口,表24、臺灣地區15歲以上跨縣市遷徙人口之工作狀況,10906,行政院主計總處,每10年,,https://census.dgbas.gov.tw/PHC2010/chinese/51/324.ods,cloudflare,0,,2026-08-16T08:02:35+00:00
07_普查99年_統計表/人口,表25、臺灣地區15歲以上跨縣市遷徙人口有工作者之職業分布,10906,行政院主計總處,每10年,,https://census.dgbas.gov.tw/PHC2010/chinese/51/325.ods,cloudflare,0,,2026-08-16T08:02:35+00:00
07_普查99年_統計表/住戶,表67、住戶數、常住人口數及平均每戶人口數,10906,行政院主計總處,每10年,,https://census.dgbas.gov.tw/PHC2010/chinese/51/367.ods,cloudflare,0,,2026-08-16T08:02:35+00:00
07_普查99年_統計表/住戶,表69、普通住戶之家戶型態,10906,行政院主計總處,每10年,,https://census.dgbas.gov.tw/PHC2010/chinese/51/369.ods,cloudflare,0,,2026-08-16T08:02:36+00:00
07_普查99年_統計表/住戶,表84、普通住戶之住宅所有權屬,10906,行政院主計總處,每10年,,https://census.dgbas.gov.tw/PHC2010/chinese/51/384.ods,cloudflare,0,,2026-08-16T08:02:36+00:00
07_普查99年_統計表/住戶,表85、普通住戶之住宅擁有情形,10906,行政院主計總處,每10年,,https://census.dgbas.gov.tw/PHC2010/chinese/51/385.ods,cloudflare,0,,2026-08-16T08:02:36+00:00
07_普查99年_統計表/住宅,表87、住宅單位數,10906,行政院主計總處,每10年,,https://census.dgbas.gov.tw/PHC2010/chinese/51/387.ods,cloudflare,0,,2026-08-16T08:02:36+00:00
07_普查99年_統計表/住宅,表88、住宅之建築類型與使用狀況,10906,行政院主計總處,每10年,,https://census.dgbas.gov.tw/PHC2010/chinese/51/388.ods,cloudflare,0,,2026-08-16T08:02:36+00:00
07_普查99年_統計表/住宅,表89、住宅之竣工年份,10906,行政院主計總處,每10年,,https://census.dgbas.gov.tw/PHC2010/chinese/51/389.ods,cloudflare,0,,2026-08-16T08:02:37+00:00
07_普查99年_統計表/住宅,表90、住宅之樓地板面積,10906,行政院主計總處,每10年,,https://census.dgbas.gov.tw/PHC2010/chinese/51/390.ods,cloudflare,0,,2026-08-16T08:02:37+00:00
07_普查99年_統計表/住宅,表91、空閒住宅之竣工年份,10906,行政院主計總處,每10年,,https://census.dgbas.gov.tw/PHC2010/chinese/51/391.ods,cloudflare,0,,2026-08-16T08:02:37+00:00
07_普查99年_統計表/住宅,表92、空閒住宅之樓地板面積,10906,行政院主計總處,每10年,,https://census.dgbas.gov.tw/PHC2010/chinese/51/392.ods,cloudflare,0,,2026-08-16T08:02:37+00:00
07_普查99年_統計表/住宅,表93、有人經常居住住宅之居住人數,10906,行政院主計總處,每10年,,https://census.dgbas.gov.tw/PHC2010/chinese/51/393.ods,cloudflare,0,,2026-08-16T08:02:37+00:00
07_普查99年_統計表/住宅,表94、有人經常居住住宅之平均每人居住面積,10906,行政院主計總處,每10年,,https://census.dgbas.gov.tw/PHC2010/chinese/51/394.ods,cloudflare,0,,2026-08-16T08:02:38+00:00
07_普查99年_統計表/住宅,表95、有人經常居住住宅之房廳數,10906,行政院主計總處,每10年,,https://census.dgbas.gov.tw/PHC2010/chinese/51/395.ods,cloudflare,0,,2026-08-16T08:02:38+00:00
07_普查99年_統計表/住宅,表96、有人經常居住住宅之平均每人使用房廳數及衛浴套數,10906,行政院主計總處,每10年,,https://census.dgbas.gov.tw/PHC2010/chinese/51/396.ods,cloudflare,0,,2026-08-16T08:02:38+00:00
07_普查99年_統計表/住宅,表97、有人經常居住住宅之用途,10906,行政院主計總處,每10年,,https://census.dgbas.gov.tw/PHC2010/chinese/51/397.ods,cloudflare,0,,2026-08-16T08:02:38+00:00
07_普查99年_統計表/其他,表9、臺灣地區5歲以上跨縣市遷徙人口概況－按年齡分,10906,行政院主計總處,每10年,,https://census.dgbas.gov.tw/PHC2010/chinese/52/90.odt,cloudflare,0,,2026-08-16T08:02:39+00:00
07_普查99年_統計表/其他,表10、臺灣地區15歲以上跨縣市遷徙人口概況－按婚姻狀況及教育程度分,10906,行政院主計總處,每10年,,https://census.dgbas.gov.tw/PHC2010/chinese/52/100.odt,cloudflare,0,,2026-08-16T08:02:39+00:00
07_普查99年_統計表/新北市,5歲以上常住人口遷徙情形,10906,行政院主計總處,每10年,,https://census.dgbas.gov.tw/PHC2010/chinese/53/01/01150.ods,cloudflare,0,,2026-08-16T08:02:39+00:00
07_普查99年_統計表/新北市,住戶數、常住人口數及平均每戶人口數,10906,行政院主計總處,每10年,,https://census.dgbas.gov.tw/PHC2010/chinese/53/01/01270.ods,cloudflare,0,,2026-08-16T08:02:39+00:00
07_普查99年_統計表/新北市,普通住戶之家戶型態,10906,行政院主計總處,每10年,,https://census.dgbas.gov.tw/PHC2010/chinese/53/01/01290.ods,cloudflare,0,,2026-08-16T08:02:39+00:00
07_普查99年_統計表/新北市,普通住戶之住宅所有權屬,10906,行政院主計總處,每10年,,https://census.dgbas.gov.tw/PHC2010/chinese/53/01/01320.ods,cloudflare,0,,2026-08-16T08:02:40+00:00
07_普查99年_統計表/新北市,住宅單位數,10906,行政院主計總處,每10年,,https://census.dgbas.gov.tw/PHC2010/chinese/53/01/01330.ods,cloudflare,0,,2026-08-16T08:02:40+00:00
07_普查99年_統計表/新北市,住宅之竣工年份,10906,行政院主計總處,每10年,,https://census.dgbas.gov.tw/PHC2010/chinese/53/01/01340.ods,cloudflare,0,,2026-08-16T08:02:40+00:00
07_普查99年_統計表/新北市,住宅之建築類型,10906,行政院主計總處,每10年,,https://census.dgbas.gov.tw/PHC2010/chinese/53/01/01350.ods,cloudflare,0,,2026-08-16T08:02:40+00:00
07_普查99年_統計表/新北市,住宅之樓地板面積,10906,行政院主計總處,每10年,,https://census.dgbas.gov.tw/PHC2010/chinese/53/01/01360.ods,cloudflare,0,,2026-08-16T08:02:40+00:00
07_普查99年_統計表/新北市,空閒住宅之竣工年份,10906,行政院主計總處,每10年,,https://census.dgbas.gov.tw/PHC2010/chinese/53/01/01370.ods,cloudflare,0,,2026-08-16T08:02:41+00:00
07_普查99年_統計表/新北市,空閒住宅之樓地板面積,10906,行政院主計總處,每10年,,https://census.dgbas.gov.tw/PHC2010/chinese/53/01/01380.ods,cloudflare,0,,2026-08-16T08:02:41+00:00
07_普查99年_統計表/新北市,有人經常居住住宅之居住人數,10906,行政院主計總處,每10年,,https://census.dgbas.gov.tw/PHC2010/chinese/53/01/01390.ods,cloudflare,0,,2026-08-16T08:02:41+00:00
07_普查99年_統計表/新北市,有人經常居住住宅之房廳數,10906,行政院主計總處,每10年,,https://census.dgbas.gov.tw/PHC2010/chinese/53/01/01400.ods,cloudflare,0,,2026-08-16T08:02:41+00:00
07_普查99年_統計表/新北市,有人經常居住住宅之平均每人使用房廳數及衛浴套數,10906,行政院主計總處,每10年,,https://census.dgbas.gov.tw/PHC2010/chinese/53/01/01410.ods,cloudflare,0,,2026-08-16T08:02:41+00:00
07_普查99年_統計表/新北市,有人經常居住住宅之用途,10906,行政院主計總處,每10年,,https://census.dgbas.gov.tw/PHC2010/chinese/53/01/01420.ods,cloudflare,0,,2026-08-16T08:02:42+00:00
07_普查99年_統計表/臺北市,5歲以上常住人口遷徙情形,10906,行政院主計總處,每10年,,https://census.dgbas.gov.tw/PHC2010/chinese/53/63/63150.ods,cloudflare,0,,2026-08-16T08:02:42+00:00
07_普查99年_統計表/臺北市,住戶數、常住人口數及平均每戶人口數,10906,行政院主計總處,每10年,,https://census.dgbas.gov.tw/PHC2010/chinese/53/63/63270.ods,cloudflare,0,,2026-08-16T08:02:42+00:00
07_普查99年_統計表/臺北市,普通住戶之家戶型態,10906,行政院主計總處,每10年,,https://census.dgbas.gov.tw/PHC2010/chinese/53/63/63290.ods,cloudflare,0,,2026-08-16T08:02:42+00:00
07_普查99年_統計表/臺北市,普通住戶之住宅所有權屬,10906,行政院主計總處,每10年,,https://census.dgbas.gov.tw/PHC2010/chinese/53/63/63320.ods,cloudflare,0,,2026-08-16T08:02:42+00:00
07_普查99年_統計表/臺北市,住宅單位數,10906,行政院主計總處,每10年,,https://census.dgbas.gov.tw/PHC2010/chinese/53/63/63330.ods,cloudflare,0,,2026-08-16T08:02:43+00:00
07_普查99年_統計表/臺北市,住宅之竣工年份,10906,行政院主計總處,每10年,,https://census.dgbas.gov.tw/PHC2010/chinese/53/63/63340.ods,cloudflare,0,,2026-08-16T08:02:43+00:00
07_普查99年_統計表/臺北市,住宅之建築類型,10906,行政院主計總處,每10年,,https://census.dgbas.gov.tw/PHC2010/chinese/53/63/63350.ods,cloudflare,0,,2026-08-16T08:02:43+00:00
07_普查99年_統計表/臺北市,住宅之樓地板面積,10906,行政院主計總處,每10年,,https://census.dgbas.gov.tw/PHC2010/chinese/53/63/63360.ods,cloudflare,0,,2026-08-16T08:02:43+00:00
07_普查99年_統計表/臺北市,空閒住宅之竣工年份,10906,行政院主計總處,每10年,,https://census.dgbas.gov.tw/PHC2010/chinese/53/63/63370.ods,cloudflare,0,,2026-08-16T08:02:43+00:00
07_普查99年_統計表/臺北市,空閒住宅之樓地板面積,10906,行政院主計總處,每10年,,https://census.dgbas.gov.tw/PHC2010/chinese/53/63/63380.ods,cloudflare,0,,2026-08-16T08:02:43+00:00
07_普查99年_統計表/臺北市,有人經常居住住宅之居住人數,10906,行政院主計總處,每10年,,https://census.dgbas.gov.tw/PHC2010/chinese/53/63/63390.ods,cloudflare,0,,2026-08-16T08:02:44+00:00
07_普查99年_統計表/臺北市,有人經常居住住宅之房廳數,10906,行政院主計總處,每10年,,https://census.dgbas.gov.tw/PHC2010/chinese/53/63/63400.ods,cloudflare,0,,2026-08-16T08:02:44+00:00
07_普查99年_統計表/臺北市,有人經常居住住宅之平均每人使用房廳數及衛浴套數,10906,行政院主計總處,每10年,,https://census.dgbas.gov.tw/PHC2010/chinese/53/63/63410.ods,cloudflare,0,,2026-08-16T08:02:44+00:00
07_普查99年_統計表/臺北市,有人經常居住住宅之用途,10906,行政院主計總處,每10年,,https://census.dgbas.gov.tw/PHC2010/chinese/53/63/63420.ods,cloudflare,0,,2026-08-16T08:02:44+00:00
07_普查99年_統計表/基隆市,5歲以上常住人口遷徙情形,10906,行政院主計總處,每10年,,https://census.dgbas.gov.tw/PHC2010/chinese/53/17/17150.ods,cloudflare,0,,2026-08-16T08:02:44+00:00
07_普查99年_統計表/基隆市,住戶數、常住人口數及平均每戶人口數,10906,行政院主計總處,每10年,,https://census.dgbas.gov.tw/PHC2010/chinese/53/17/17270.ods,cloudflare,0,,2026-08-16T08:02:44+00:00
07_普查99年_統計表/基隆市,普通住戶之家戶型態,10906,行政院主計總處,每10年,,https://census.dgbas.gov.tw/PHC2010/chinese/53/17/17290.ods,cloudflare,0,,2026-08-16T08:02:45+00:00
07_普查99年_統計表/基隆市,普通住戶之住宅所有權屬,10906,行政院主計總處,每10年,,https://census.dgbas.gov.tw/PHC2010/chinese/53/17/17320.ods,cloudflare,0,,2026-08-16T08:02:45+00:00
07_普查99年_統計表/基隆市,住宅單位數,10906,行政院主計總處,每10年,,https://census.dgbas.gov.tw/PHC2010/chinese/53/17/17330.ods,cloudflare,0,,2026-08-16T08:02:45+00:00
07_普查99年_統計表/基隆市,住宅之竣工年份,10906,行政院主計總處,每10年,,https://census.dgbas.gov.tw/PHC2010/chinese/53/17/17340.ods,cloudflare,0,,2026-08-16T08:02:45+00:00
07_普查99年_統計表/基隆市,住宅之建築類型,10906,行政院主計總處,每10年,,https://census.dgbas.gov.tw/PHC2010/chinese/53/17/17350.ods,cloudflare,0,,2026-08-16T08:02:45+00:00
07_普查99年_統計表/基隆市,住宅之樓地板面積,10906,行政院主計總處,每10年,,https://census.dgbas.gov.tw/PHC2010/chinese/53/17/17360.ods,cloudflare,0,,2026-08-16T08:02:46+00:00
07_普查99年_統計表/基隆市,空閒住宅之竣工年份,10906,行政院主計總處,每10年,,https://census.dgbas.gov.tw/PHC2010/chinese/53/17/17370.ods,cloudflare,0,,2026-08-16T08:02:46+00:00
07_普查99年_統計表/基隆市,空閒住宅之樓地板面積,10906,行政院主計總處,每10年,,https://census.dgbas.gov.tw/PHC2010/chinese/53/17/17380.ods,cloudflare,0,,2026-08-16T08:02:46+00:00
07_普查99年_統計表/基隆市,有人經常居住住宅之居住人數,10906,行政院主計總處,每10年,,https://census.dgbas.gov.tw/PHC2010/chinese/53/17/17390.ods,cloudflare,0,,2026-08-16T08:02:46+00:00
07_普查99年_統計表/基隆市,有人經常居住住宅之房廳數,10906,行政院主計總處,每10年,,https://census.dgbas.gov.tw/PHC2010/chinese/53/17/17400.ods,cloudflare,0,,2026-08-16T08:02:46+00:00
07_普查99年_統計表/基隆市,有人經常居住住宅之平均每人使用房廳數及衛浴套數,10906,行政院主計總處,每10年,,https://census.dgbas.gov.tw/PHC2010/chinese/53/17/17410.ods,cloudflare,0,,2026-08-16T08:02:46+00:00
07_普查99年_統計表/基隆市,有人經常居住住宅之用途,10906,行政院主計總處,每10年,,https://census.dgbas.gov.tw/PHC2010/chinese/53/17/17420.ods,cloudflare,0,,2026-08-16T08:02:47+00:00
07_普查99年_統計表/新竹市,5歲以上常住人口遷徙情形,10906,行政院主計總處,每10年,,https://census.dgbas.gov.tw/PHC2010/chinese/53/18/18150.ods,cloudflare,0,,2026-08-16T08:02:47+00:00
07_普查99年_統計表/新竹市,住戶數、常住人口數及平均每戶人口數,10906,行政院主計總處,每10年,,https://census.dgbas.gov.tw/PHC2010/chinese/53/18/18270.ods,cloudflare,0,,2026-08-16T08:02:47+00:00
07_普查99年_統計表/新竹市,普通住戶之家戶型態,10906,行政院主計總處,每10年,,https://census.dgbas.gov.tw/PHC2010/chinese/53/18/18290.ods,cloudflare,0,,2026-08-16T08:02:47+00:00
07_普查99年_統計表/新竹市,普通住戶之住宅所有權屬,10906,行政院主計總處,每10年,,https://census.dgbas.gov.tw/PHC2010/chinese/53/18/18320.ods,cloudflare,0,,2026-08-16T08:02:47+00:00
07_普查99年_統計表/新竹市,住宅單位數,10906,行政院主計總處,每10年,,https://census.dgbas.gov.tw/PHC2010/chinese/53/18/18330.ods,cloudflare,0,,2026-08-16T08:02:48+00:00
07_普查99年_統計表/新竹市,住宅之竣工年份,10906,行政院主計總處,每10年,,https://census.dgbas.gov.tw/PHC2010/chinese/53/18/18340.ods,cloudflare,0,,2026-08-16T08:02:48+00:00
07_普查99年_統計表/新竹市,住宅之建築類型,10906,行政院主計總處,每10年,,https://census.dgbas.gov.tw/PHC2010/chinese/53/18/18350.ods,cloudflare,0,,2026-08-16T08:02:48+00:00
07_普查99年_統計表/新竹市,住宅之樓地板面積,10906,行政院主計總處,每10年,,https://census.dgbas.gov.tw/PHC2010/chinese/53/18/18360.ods,cloudflare,0,,2026-08-16T08:02:48+00:00
07_普查99年_統計表/新竹市,空閒住宅之竣工年份,10906,行政院主計總處,每10年,,https://census.dgbas.gov.tw/PHC2010/chinese/53/18/18370.ods,cloudflare,0,,2026-08-16T08:02:48+00:00
07_普查99年_統計表/新竹市,空閒住宅之樓地板面積,10906,行政院主計總處,每10年,,https://census.dgbas.gov.tw/PHC2010/chinese/53/18/18380.ods,cloudflare,0,,2026-08-16T08:02:48+00:00
07_普查99年_統計表/新竹市,有人經常居住住宅之居住人數,10906,行政院主計總處,每10年,,https://census.dgbas.gov.tw/PHC2010/chinese/53/18/18390.ods,cloudflare,0,,2026-08-16T08:02:49+00:00
07_普查99年_統計表/新竹市,有人經常居住住宅之房廳數,10906,行政院主計總處,每10年,,https://census.dgbas.gov.tw/PHC2010/chinese/53/18/18400.ods,cloudflare,0,,2026-08-16T08:02:49+00:00
07_普查99年_統計表/新竹市,有人經常居住住宅之平均每人使用房廳數及衛浴套數,10906,行政院主計總處,每10年,,https://census.dgbas.gov.tw/PHC2010/chinese/53/18/18410.ods,cloudflare,0,,2026-08-16T08:02:49+00:00
07_普查99年_統計表/新竹市,有人經常居住住宅之用途,10906,行政院主計總處,每10年,,https://census.dgbas.gov.tw/PHC2010/chinese/53/18/18420.ods,cloudflare,0,,2026-08-16T08:02:49+00:00
07_普查99年_統計表/宜蘭縣,5歲以上常住人口遷徙情形,10906,行政院主計總處,每10年,,https://census.dgbas.gov.tw/PHC2010/chinese/53/02/02150.ods,cloudflare,0,,2026-08-16T08:02:49+00:00
07_普查99年_統計表/宜蘭縣,住戶數、常住人口數及平均每戶人口數,10906,行政院主計總處,每10年,,https://census.dgbas.gov.tw/PHC2010/chinese/53/02/02270.ods,cloudflare,0,,2026-08-16T08:02:49+00:00
07_普查99年_統計表/宜蘭縣,普通住戶之家戶型態,10906,行政院主計總處,每10年,,https://census.dgbas.gov.tw/PHC2010/chinese/53/02/02290.ods,cloudflare,0,,2026-08-16T08:02:50+00:00
07_普查99年_統計表/宜蘭縣,普通住戶之住宅所有權屬,10906,行政院主計總處,每10年,,https://census.dgbas.gov.tw/PHC2010/chinese/53/02/02320.ods,cloudflare,0,,2026-08-16T08:02:50+00:00
07_普查99年_統計表/宜蘭縣,住宅單位數,10906,行政院主計總處,每10年,,https://census.dgbas.gov.tw/PHC2010/chinese/53/02/02330.ods,cloudflare,0,,2026-08-16T08:02:50+00:00
07_普查99年_統計表/宜蘭縣,住宅之竣工年份,10906,行政院主計總處,每10年,,https://census.dgbas.gov.tw/PHC2010/chinese/53/02/02340.ods,cloudflare,0,,2026-08-16T08:02:50+00:00
07_普查99年_統計表/宜蘭縣,住宅之建築類型,10906,行政院主計總處,每10年,,https://census.dgbas.gov.tw/PHC2010/chinese/53/02/02350.ods,cloudflare,0,,2026-08-16T08:02:50+00:00
07_普查99年_統計表/宜蘭縣,住宅之樓地板面積,10906,行政院主計總處,每10年,,https://census.dgbas.gov.tw/PHC2010/chinese/53/02/02360.ods,cloudflare,0,,2026-08-16T08:02:51+00:00
07_普查99年_統計表/宜蘭縣,空閒住宅之竣工年份,10906,行政院主計總處,每10年,,https://census.dgbas.gov.tw/PHC2010/chinese/53/02/02370.ods,cloudflare,0,,2026-08-16T08:02:51+00:00
07_普查99年_統計表/宜蘭縣,空閒住宅之樓地板面積,10906,行政院主計總處,每10年,,https://census.dgbas.gov.tw/PHC2010/chinese/53/02/02380.ods,cloudflare,0,,2026-08-16T08:02:51+00:00
07_普查99年_統計表/宜蘭縣,有人經常居住住宅之居住人數,10906,行政院主計總處,每10年,,https://census.dgbas.gov.tw/PHC2010/chinese/53/02/02390.ods,cloudflare,0,,2026-08-16T08:02:51+00:00
07_普查99年_統計表/宜蘭縣,有人經常居住住宅之房廳數,10906,行政院主計總處,每10年,,https://census.dgbas.gov.tw/PHC2010/chinese/53/02/02400.ods,cloudflare,0,,2026-08-16T08:02:51+00:00
07_普查99年_統計表/宜蘭縣,有人經常居住住宅之平均每人使用房廳數及衛浴套數,10906,行政院主計總處,每10年,,https://census.dgbas.gov.tw/PHC2010/chinese/53/02/02410.ods,cloudflare,0,,2026-08-16T08:02:51+00:00
07_普查99年_統計表/宜蘭縣,有人經常居住住宅之用途,10906,行政院主計總處,每10年,,https://census.dgbas.gov.tw/PHC2010/chinese/53/02/02420.ods,cloudflare,0,,2026-08-16T08:02:52+00:00
07_普查99年_統計表/桃園縣,5歲以上常住人口遷徙情形,10906,行政院主計總處,每10年,,https://census.dgbas.gov.tw/PHC2010/chinese/53/03/03150.ods,cloudflare,0,,2026-08-16T08:02:52+00:00
07_普查99年_統計表/桃園縣,住戶數、常住人口數及平均每戶人口數,10906,行政院主計總處,每10年,,https://census.dgbas.gov.tw/PHC2010/chinese/53/03/03270.ods,cloudflare,0,,2026-08-16T08:02:52+00:00
07_普查99年_統計表/桃園縣,普通住戶之家戶型態,10906,行政院主計總處,每10年,,https://census.dgbas.gov.tw/PHC2010/chinese/53/03/03290.ods,cloudflare,0,,2026-08-16T08:02:52+00:00
07_普查99年_統計表/桃園縣,普通住戶之住宅所有權屬,10906,行政院主計總處,每10年,,https://census.dgbas.gov.tw/PHC2010/chinese/53/03/03320.ods,cloudflare,0,,2026-08-16T08:02:52+00:00
07_普查99年_統計表/桃園縣,住宅單位數,10906,行政院主計總處,每10年,,https://census.dgbas.gov.tw/PHC2010/chinese/53/03/03330.ods,cloudflare,0,,2026-08-16T08:02:53+00:00
07_普查99年_統計表/桃園縣,住宅之竣工年份,10906,行政院主計總處,每10年,,https://census.dgbas.gov.tw/PHC2010/chinese/53/03/03340.ods,cloudflare,0,,2026-08-16T08:02:53+00:00
07_普查99年_統計表/桃園縣,住宅之建築類型,10906,行政院主計總處,每10年,,https://census.dgbas.gov.tw/PHC2010/chinese/53/03/03350.ods,cloudflare,0,,2026-08-16T08:02:53+00:00
07_普查99年_統計表/桃園縣,住宅之樓地板面積,10906,行政院主計總處,每10年,,https://census.dgbas.gov.tw/PHC2010/chinese/53/03/03360.ods,cloudflare,0,,2026-08-16T08:02:53+00:00
07_普查99年_統計表/桃園縣,空閒住宅之竣工年份,10906,行政院主計總處,每10年,,https://census.dgbas.gov.tw/PHC2010/chinese/53/03/03370.ods,cloudflare,0,,2026-08-16T08:02:53+00:00
07_普查99年_統計表/桃園縣,空閒住宅之樓地板面積,10906,行政院主計總處,每10年,,https://census.dgbas.gov.tw/PHC2010/chinese/53/03/03380.ods,cloudflare,0,,2026-08-16T08:02:53+00:00
07_普查99年_統計表/桃園縣,有人經常居住住宅之居住人數,10906,行政院主計總處,每10年,,https://census.dgbas.gov.tw/PHC2010/chinese/53/03/03390.ods,cloudflare,0,,2026-08-16T08:02:54+00:00
07_普查99年_統計表/桃園縣,有人經常居住住宅之房廳數,10906,行政院主計總處,每10年,,https://census.dgbas.gov.tw/PHC2010/chinese/53/03/03400.ods,cloudflare,0,,2026-08-16T08:02:54+00:00
07_普查99年_統計表/桃園縣,有人經常居住住宅之平均每人使用房廳數及衛浴套數,10906,行政院主計總處,每10年,,https://census.dgbas.gov.tw/PHC2010/chinese/53/03/03410.ods,cloudflare,0,,2026-08-16T08:02:54+00:00
07_普查99年_統計表/桃園縣,有人經常居住住宅之用途,10906,行政院主計總處,每10年,,https://census.dgbas.gov.tw/PHC2010/chinese/53/03/03420.ods,cloudflare,0,,2026-08-16T08:02:54+00:00
07_普查99年_統計表/新竹縣,5歲以上常住人口遷徙情形,10906,行政院主計總處,每10年,,https://census.dgbas.gov.tw/PHC2010/chinese/53/04/04150.ods,cloudflare,0,,2026-08-16T08:02:54+00:00
07_普查99年_統計表/新竹縣,住戶數、常住人口數及平均每戶人口數,10906,行政院主計總處,每10年,,https://census.dgbas.gov.tw/PHC2010/chinese/53/04/04270.ods,cloudflare,0,,2026-08-16T08:02:55+00:00
07_普查99年_統計表/新竹縣,普通住戶之家戶型態,10906,行政院主計總處,每10年,,https://census.dgbas.gov.tw/PHC2010/chinese/53/04/04290.ods,cloudflare,0,,2026-08-16T08:02:55+00:00
07_普查99年_統計表/新竹縣,普通住戶之住宅所有權屬,10906,行政院主計總處,每10年,,https://census.dgbas.gov.tw/PHC2010/chinese/53/04/04320.ods,cloudflare,0,,2026-08-16T08:02:55+00:00
07_普查99年_統計表/新竹縣,住宅單位數,10906,行政院主計總處,每10年,,https://census.dgbas.gov.tw/PHC2010/chinese/53/04/04330.ods,cloudflare,0,,2026-08-16T08:02:55+00:00
07_普查99年_統計表/新竹縣,住宅之竣工年份,10906,行政院主計總處,每10年,,https://census.dgbas.gov.tw/PHC2010/chinese/53/04/04340.ods,cloudflare,0,,2026-08-16T08:02:55+00:00
07_普查99年_統計表/新竹縣,住宅之建築類型,10906,行政院主計總處,每10年,,https://census.dgbas.gov.tw/PHC2010/chinese/53/04/04350.ods,cloudflare,0,,2026-08-16T08:02:55+00:00
07_普查99年_統計表/新竹縣,住宅之樓地板面積,10906,行政院主計總處,每10年,,https://census.dgbas.gov.tw/PHC2010/chinese/53/04/04360.ods,cloudflare,0,,2026-08-16T08:02:56+00:00
07_普查99年_統計表/新竹縣,空閒住宅之竣工年份,10906,行政院主計總處,每10年,,https://census.dgbas.gov.tw/PHC2010/chinese/53/04/04370.ods,cloudflare,0,,2026-08-16T08:02:56+00:00
07_普查99年_統計表/新竹縣,空閒住宅之樓地板面積,10906,行政院主計總處,每10年,,https://census.dgbas.gov.tw/PHC2010/chinese/53/04/04380.ods,cloudflare,0,,2026-08-16T08:02:56+00:00
07_普查99年_統計表/新竹縣,有人經常居住住宅之居住人數,10906,行政院主計總處,每10年,,https://census.dgbas.gov.tw/PHC2010/chinese/53/04/04390.ods,cloudflare,0,,2026-08-16T08:02:56+00:00
07_普查99年_統計表/新竹縣,有人經常居住住宅之房廳數,10906,行政院主計總處,每10年,,https://census.dgbas.gov.tw/PHC2010/chinese/53/04/04400.ods,cloudflare,0,,2026-08-16T08:02:56+00:00
07_普查99年_統計表/新竹縣,有人經常居住住宅之平均每人使用房廳數及衛浴套數,10906,行政院主計總處,每10年,,https://census.dgbas.gov.tw/PHC2010/chinese/53/04/04410.ods,cloudflare,0,,2026-08-16T08:02:57+00:00
07_普查99年_統計表/新竹縣,有人經常居住住宅之用途,10906,行政院主計總處,每10年,,https://census.dgbas.gov.tw/PHC2010/chinese/53/04/04420.ods,cloudflare,0,,2026-08-16T08:02:57+00:00
07_普查99年_統計表/臺中市,5歲以上常住人口遷徙情形,10906,行政院主計總處,每10年,,https://census.dgbas.gov.tw/PHC2010/chinese/53/81/81150.ods,cloudflare,0,,2026-08-16T08:02:57+00:00
07_普查99年_統計表/臺中市,住戶數、常住人口數及平均每戶人口數,10906,行政院主計總處,每10年,,https://census.dgbas.gov.tw/PHC2010/chinese/53/81/81270.ods,cloudflare,0,,2026-08-16T08:02:57+00:00
07_普查99年_統計表/臺中市,普通住戶之家戶型態,10906,行政院主計總處,每10年,,https://census.dgbas.gov.tw/PHC2010/chinese/53/81/81290.ods,cloudflare,0,,2026-08-16T08:02:57+00:00
07_普查99年_統計表/臺中市,普通住戶之住宅所有權屬,10906,行政院主計總處,每10年,,https://census.dgbas.gov.tw/PHC2010/chinese/53/81/81320.ods,cloudflare,0,,2026-08-16T08:02:57+00:00
07_普查99年_統計表/臺中市,住宅單位數,10906,行政院主計總處,每10年,,https://census.dgbas.gov.tw/PHC2010/chinese/53/81/81330.ods,cloudflare,0,,2026-08-16T08:02:58+00:00
07_普查99年_統計表/臺中市,住宅之竣工年份,10906,行政院主計總處,每10年,,https://census.dgbas.gov.tw/PHC2010/chinese/53/81/81340.ods,cloudflare,0,,2026-08-16T08:02:58+00:00
07_普查99年_統計表/臺中市,住宅之建築類型,10906,行政院主計總處,每10年,,https://census.dgbas.gov.tw/PHC2010/chinese/53/81/81350.ods,cloudflare,0,,2026-08-16T08:02:58+00:00
07_普查99年_統計表/臺中市,住宅之樓地板面積,10906,行政院主計總處,每10年,,https://census.dgbas.gov.tw/PHC2010/chinese/53/81/81360.ods,cloudflare,0,,2026-08-16T08:02:58+00:00
07_普查99年_統計表/臺中市,空閒住宅之竣工年份,10906,行政院主計總處,每10年,,https://census.dgbas.gov.tw/PHC2010/chinese/53/81/81370.ods,cloudflare,0,,2026-08-16T08:02:58+00:00
07_普查99年_統計表/臺中市,空閒住宅之樓地板面積,10906,行政院主計總處,每10年,,https://census.dgbas.gov.tw/PHC2010/chinese/53/81/81380.ods,cloudflare,0,,2026-08-16T08:02:59+00:00
07_普查99年_統計表/臺中市,有人經常居住住宅之居住人數,10906,行政院主計總處,每10年,,https://census.dgbas.gov.tw/PHC2010/chinese/53/81/81390.ods,cloudflare,0,,2026-08-16T08:02:59+00:00
07_普查99年_統計表/臺中市,有人經常居住住宅之房廳數,10906,行政院主計總處,每10年,,https://census.dgbas.gov.tw/PHC2010/chinese/53/81/81400.ods,cloudflare,0,,2026-08-16T08:02:59+00:00
07_普查99年_統計表/臺中市,有人經常居住住宅之平均每人使用房廳數及衛浴套數,10906,行政院主計總處,每10年,,https://census.dgbas.gov.tw/PHC2010/chinese/53/81/81410.ods,cloudflare,0,,2026-08-16T08:02:59+00:00
07_普查99年_統計表/臺中市,有人經常居住住宅之用途,10906,行政院主計總處,每10年,,https://census.dgbas.gov.tw/PHC2010/chinese/53/81/81420.ods,cloudflare,0,,2026-08-16T08:02:59+00:00
07_普查99年_統計表/苗栗縣,5歲以上常住人口遷徙情形,10906,行政院主計總處,每10年,,https://census.dgbas.gov.tw/PHC2010/chinese/53/05/05150.ods,cloudflare,0,,2026-08-16T08:02:59+00:00
07_普查99年_統計表/苗栗縣,住戶數、常住人口數及平均每戶人口數,10906,行政院主計總處,每10年,,https://census.dgbas.gov.tw/PHC2010/chinese/53/05/05270.ods,cloudflare,0,,2026-08-16T08:03:00+00:00
07_普查99年_統計表/苗栗縣,普通住戶之家戶型態,10906,行政院主計總處,每10年,,https://census.dgbas.gov.tw/PHC2010/chinese/53/05/05290.ods,cloudflare,0,,2026-08-16T08:03:00+00:00
07_普查99年_統計表/苗栗縣,普通住戶之住宅所有權屬,10906,行政院主計總處,每10年,,https://census.dgbas.gov.tw/PHC2010/chinese/53/05/05320.ods,cloudflare,0,,2026-08-16T08:03:00+00:00
07_普查99年_統計表/苗栗縣,住宅單位數,10906,行政院主計總處,每10年,,https://census.dgbas.gov.tw/PHC2010/chinese/53/05/05330.ods,cloudflare,0,,2026-08-16T08:03:00+00:00
07_普查99年_統計表/苗栗縣,住宅之竣工年份,10906,行政院主計總處,每10年,,https://census.dgbas.gov.tw/PHC2010/chinese/53/05/05340.ods,cloudflare,0,,2026-08-16T08:03:00+00:00
07_普查99年_統計表/苗栗縣,住宅之建築類型,10906,行政院主計總處,每10年,,https://census.dgbas.gov.tw/PHC2010/chinese/53/05/05350.ods,cloudflare,0,,2026-08-16T08:03:01+00:00
07_普查99年_統計表/苗栗縣,住宅之樓地板面積,10906,行政院主計總處,每10年,,https://census.dgbas.gov.tw/PHC2010/chinese/53/05/05360.ods,cloudflare,0,,2026-08-16T08:03:01+00:00
07_普查99年_統計表/苗栗縣,空閒住宅之竣工年份,10906,行政院主計總處,每10年,,https://census.dgbas.gov.tw/PHC2010/chinese/53/05/05370.ods,cloudflare,0,,2026-08-16T08:03:01+00:00
07_普查99年_統計表/苗栗縣,空閒住宅之樓地板面積,10906,行政院主計總處,每10年,,https://census.dgbas.gov.tw/PHC2010/chinese/53/05/05380.ods,cloudflare,0,,2026-08-16T08:03:01+00:00
07_普查99年_統計表/苗栗縣,有人經常居住住宅之居住人數,10906,行政院主計總處,每10年,,https://census.dgbas.gov.tw/PHC2010/chinese/53/05/05390.ods,cloudflare,0,,2026-08-16T08:03:01+00:00
07_普查99年_統計表/苗栗縣,有人經常居住住宅之房廳數,10906,行政院主計總處,每10年,,https://census.dgbas.gov.tw/PHC2010/chinese/53/05/05400.ods,cloudflare,0,,2026-08-16T08:03:01+00:00
07_普查99年_統計表/苗栗縣,有人經常居住住宅之平均每人使用房廳數及衛浴套數,10906,行政院主計總處,每10年,,https://census.dgbas.gov.tw/PHC2010/chinese/53/05/05410.ods,cloudflare,0,,2026-08-16T08:03:02+00:00
07_普查99年_統計表/苗栗縣,有人經常居住住宅之用途,10906,行政院主計總處,每10年,,https://census.dgbas.gov.tw/PHC2010/chinese/53/05/05420.ods,cloudflare,0,,2026-08-16T08:03:02+00:00
07_普查99年_統計表/彰化縣,5歲以上常住人口遷徙情形,10906,行政院主計總處,每10年,,https://census.dgbas.gov.tw/PHC2010/chinese/53/07/07150.ods,cloudflare,0,,2026-08-16T08:03:02+00:00
07_普查99年_統計表/彰化縣,住戶數、常住人口數及平均每戶人口數,10906,行政院主計總處,每10年,,https://census.dgbas.gov.tw/PHC2010/chinese/53/07/07270.ods,cloudflare,0,,2026-08-16T08:03:02+00:00
07_普查99年_統計表/彰化縣,普通住戶之家戶型態,10906,行政院主計總處,每10年,,https://census.dgbas.gov.tw/PHC2010/chinese/53/07/07290.ods,cloudflare,0,,2026-08-16T08:03:02+00:00
07_普查99年_統計表/彰化縣,普通住戶之住宅所有權屬,10906,行政院主計總處,每10年,,https://census.dgbas.gov.tw/PHC2010/chinese/53/07/07320.ods,cloudflare,0,,2026-08-16T08:03:03+00:00
07_普查99年_統計表/彰化縣,住宅單位數,10906,行政院主計總處,每10年,,https://census.dgbas.gov.tw/PHC2010/chinese/53/07/07330.ods,cloudflare,0,,2026-08-16T08:03:03+00:00
07_普查99年_統計表/彰化縣,住宅之竣工年份,10906,行政院主計總處,每10年,,https://census.dgbas.gov.tw/PHC2010/chinese/53/07/07340.ods,cloudflare,0,,2026-08-16T08:03:03+00:00
07_普查99年_統計表/彰化縣,住宅之建築類型,10906,行政院主計總處,每10年,,https://census.dgbas.gov.tw/PHC2010/chinese/53/07/07350.ods,cloudflare,0,,2026-08-16T08:03:03+00:00
07_普查99年_統計表/彰化縣,住宅之樓地板面積,10906,行政院主計總處,每10年,,https://census.dgbas.gov.tw/PHC2010/chinese/53/07/07360.ods,cloudflare,0,,2026-08-16T08:03:03+00:00
07_普查99年_統計表/彰化縣,空閒住宅之竣工年份,10906,行政院主計總處,每10年,,https://census.dgbas.gov.tw/PHC2010/chinese/53/07/07370.ods,cloudflare,0,,2026-08-16T08:03:03+00:00
07_普查99年_統計表/彰化縣,空閒住宅之樓地板面積,10906,行政院主計總處,每10年,,https://census.dgbas.gov.tw/PHC2010/chinese/53/07/07380.ods,cloudflare,0,,2026-08-16T08:03:04+00:00
07_普查99年_統計表/彰化縣,有人經常居住住宅之居住人數,10906,行政院主計總處,每10年,,https://census.dgbas.gov.tw/PHC2010/chinese/53/07/07390.ods,cloudflare,0,,2026-08-16T08:03:04+00:00
07_普查99年_統計表/彰化縣,有人經常居住住宅之房廳數,10906,行政院主計總處,每10年,,https://census.dgbas.gov.tw/PHC2010/chinese/53/07/07400.ods,cloudflare,0,,2026-08-16T08:03:04+00:00
07_普查99年_統計表/彰化縣,有人經常居住住宅之平均每人使用房廳數及衛浴套數,10906,行政院主計總處,每10年,,https://census.dgbas.gov.tw/PHC2010/chinese/53/07/07410.ods,cloudflare,0,,2026-08-16T08:03:04+00:00
07_普查99年_統計表/彰化縣,有人經常居住住宅之用途,10906,行政院主計總處,每10年,,https://census.dgbas.gov.tw/PHC2010/chinese/53/07/07420.ods,cloudflare,0,,2026-08-16T08:03:04+00:00
07_普查99年_統計表/南投縣,5歲以上常住人口遷徙情形,10906,行政院主計總處,每10年,,https://census.dgbas.gov.tw/PHC2010/chinese/53/08/08150.ods,cloudflare,0,,2026-08-16T08:03:05+00:00
07_普查99年_統計表/南投縣,住戶數、常住人口數及平均每戶人口數,10906,行政院主計總處,每10年,,https://census.dgbas.gov.tw/PHC2010/chinese/53/08/08270.ods,cloudflare,0,,2026-08-16T08:03:05+00:00
07_普查99年_統計表/南投縣,普通住戶之家戶型態,10906,行政院主計總處,每10年,,https://census.dgbas.gov.tw/PHC2010/chinese/53/08/08290.ods,cloudflare,0,,2026-08-16T08:03:05+00:00
07_普查99年_統計表/南投縣,普通住戶之住宅所有權屬,10906,行政院主計總處,每10年,,https://census.dgbas.gov.tw/PHC2010/chinese/53/08/08320.ods,cloudflare,0,,2026-08-16T08:03:05+00:00
07_普查99年_統計表/南投縣,住宅單位數,10906,行政院主計總處,每10年,,https://census.dgbas.gov.tw/PHC2010/chinese/53/08/08330.ods,cloudflare,0,,2026-08-16T08:03:05+00:00
07_普查99年_統計表/南投縣,住宅之竣工年份,10906,行政院主計總處,每10年,,https://census.dgbas.gov.tw/PHC2010/chinese/53/08/08340.ods,cloudflare,0,,2026-08-16T08:03:05+00:00
07_普查99年_統計表/南投縣,住宅之建築類型,10906,行政院主計總處,每10年,,https://census.dgbas.gov.tw/PHC2010/chinese/53/08/08350.ods,cloudflare,0,,2026-08-16T08:03:06+00:00
07_普查99年_統計表/南投縣,住宅之樓地板面積,10906,行政院主計總處,每10年,,https://census.dgbas.gov.tw/PHC2010/chinese/53/08/08360.ods,cloudflare,0,,2026-08-16T08:03:06+00:00
07_普查99年_統計表/南投縣,空閒住宅之竣工年份,10906,行政院主計總處,每10年,,https://census.dgbas.gov.tw/PHC2010/chinese/53/08/08370.ods,cloudflare,0,,2026-08-16T08:03:06+00:00
07_普查99年_統計表/南投縣,空閒住宅之樓地板面積,10906,行政院主計總處,每10年,,https://census.dgbas.gov.tw/PHC2010/chinese/53/08/08380.ods,cloudflare,0,,2026-08-16T08:03:06+00:00
07_普查99年_統計表/南投縣,有人經常居住住宅之居住人數,10906,行政院主計總處,每10年,,https://census.dgbas.gov.tw/PHC2010/chinese/53/08/08390.ods,cloudflare,0,,2026-08-16T08:03:06+00:00
07_普查99年_統計表/南投縣,有人經常居住住宅之房廳數,10906,行政院主計總處,每10年,,https://census.dgbas.gov.tw/PHC2010/chinese/53/08/08400.ods,cloudflare,0,,2026-08-16T08:03:06+00:00
07_普查99年_統計表/南投縣,有人經常居住住宅之平均每人使用房廳數及衛浴套數,10906,行政院主計總處,每10年,,https://census.dgbas.gov.tw/PHC2010/chinese/53/08/08410.ods,cloudflare,0,,2026-08-16T08:03:07+00:00
07_普查99年_統計表/南投縣,有人經常居住住宅之用途,10906,行政院主計總處,每10年,,https://census.dgbas.gov.tw/PHC2010/chinese/53/08/08420.ods,cloudflare,0,,2026-08-16T08:03:07+00:00
07_普查99年_統計表/雲林縣,5歲以上常住人口遷徙情形,10906,行政院主計總處,每10年,,https://census.dgbas.gov.tw/PHC2010/chinese/53/09/09150.ods,cloudflare,0,,2026-08-16T08:03:07+00:00
07_普查99年_統計表/雲林縣,住戶數、常住人口數及平均每戶人口數,10906,行政院主計總處,每10年,,https://census.dgbas.gov.tw/PHC2010/chinese/53/09/09270.ods,cloudflare,0,,2026-08-16T08:03:07+00:00
07_普查99年_統計表/雲林縣,普通住戶之家戶型態,10906,行政院主計總處,每10年,,https://census.dgbas.gov.tw/PHC2010/chinese/53/09/09290.ods,cloudflare,0,,2026-08-16T08:03:07+00:00
07_普查99年_統計表/雲林縣,普通住戶之住宅所有權屬,10906,行政院主計總處,每10年,,https://census.dgbas.gov.tw/PHC2010/chinese/53/09/09320.ods,cloudflare,0,,2026-08-16T08:03:08+00:00
07_普查99年_統計表/雲林縣,住宅單位數,10906,行政院主計總處,每10年,,https://census.dgbas.gov.tw/PHC2010/chinese/53/09/09330.ods,cloudflare,0,,2026-08-16T08:03:08+00:00
07_普查99年_統計表/雲林縣,住宅之竣工年份,10906,行政院主計總處,每10年,,https://census.dgbas.gov.tw/PHC2010/chinese/53/09/09340.ods,cloudflare,0,,2026-08-16T08:03:08+00:00
07_普查99年_統計表/雲林縣,住宅之建築類型,10906,行政院主計總處,每10年,,https://census.dgbas.gov.tw/PHC2010/chinese/53/09/09350.ods,cloudflare,0,,2026-08-16T08:03:08+00:00
07_普查99年_統計表/雲林縣,住宅之樓地板面積,10906,行政院主計總處,每10年,,https://census.dgbas.gov.tw/PHC2010/chinese/53/09/09360.ods,cloudflare,0,,2026-08-16T08:03:08+00:00
07_普查99年_統計表/雲林縣,空閒住宅之竣工年份,10906,行政院主計總處,每10年,,https://census.dgbas.gov.tw/PHC2010/chinese/53/09/09370.ods,cloudflare,0,,2026-08-16T08:03:08+00:00
07_普查99年_統計表/雲林縣,空閒住宅之樓地板面積,10906,行政院主計總處,每10年,,https://census.dgbas.gov.tw/PHC2010/chinese/53/09/09380.ods,cloudflare,0,,2026-08-16T08:03:09+00:00
07_普查99年_統計表/雲林縣,有人經常居住住宅之居住人數,10906,行政院主計總處,每10年,,https://census.dgbas.gov.tw/PHC2010/chinese/53/09/09390.ods,cloudflare,0,,2026-08-16T08:03:09+00:00
07_普查99年_統計表/雲林縣,有人經常居住住宅之房廳數,10906,行政院主計總處,每10年,,https://census.dgbas.gov.tw/PHC2010/chinese/53/09/09400.ods,cloudflare,0,,2026-08-16T08:03:09+00:00
07_普查99年_統計表/雲林縣,有人經常居住住宅之平均每人使用房廳數及衛浴套數,10906,行政院主計總處,每10年,,https://census.dgbas.gov.tw/PHC2010/chinese/53/09/09410.ods,cloudflare,0,,2026-08-16T08:03:09+00:00
07_普查99年_統計表/雲林縣,有人經常居住住宅之用途,10906,行政院主計總處,每10年,,https://census.dgbas.gov.tw/PHC2010/chinese/53/09/09420.ods,cloudflare,0,,2026-08-16T08:03:09+00:00
07_普查99年_統計表/臺南市,5歲以上常住人口遷徙情形,10906,行政院主計總處,每10年,,https://census.dgbas.gov.tw/PHC2010/chinese/53/82/82150.ods,cloudflare,0,,2026-08-16T08:03:09+00:00
07_普查99年_統計表/臺南市,住戶數、常住人口數及平均每戶人口數,10906,行政院主計總處,每10年,,https://census.dgbas.gov.tw/PHC2010/chinese/53/82/82270.ods,cloudflare,0,,2026-08-16T08:03:10+00:00
07_普查99年_統計表/臺南市,普通住戶之家戶型態,10906,行政院主計總處,每10年,,https://census.dgbas.gov.tw/PHC2010/chinese/53/82/82290.ods,cloudflare,0,,2026-08-16T08:03:10+00:00
07_普查99年_統計表/臺南市,普通住戶之住宅所有權屬,10906,行政院主計總處,每10年,,https://census.dgbas.gov.tw/PHC2010/chinese/53/82/82320.ods,cloudflare,0,,2026-08-16T08:03:10+00:00
07_普查99年_統計表/臺南市,住宅單位數,10906,行政院主計總處,每10年,,https://census.dgbas.gov.tw/PHC2010/chinese/53/82/82330.ods,cloudflare,0,,2026-08-16T08:03:10+00:00
07_普查99年_統計表/臺南市,住宅之竣工年份,10906,行政院主計總處,每10年,,https://census.dgbas.gov.tw/PHC2010/chinese/53/82/82340.ods,cloudflare,0,,2026-08-16T08:03:10+00:00
07_普查99年_統計表/臺南市,住宅之建築類型,10906,行政院主計總處,每10年,,https://census.dgbas.gov.tw/PHC2010/chinese/53/82/82350.ods,cloudflare,0,,2026-08-16T08:03:11+00:00
07_普查99年_統計表/臺南市,住宅之樓地板面積,10906,行政院主計總處,每10年,,https://census.dgbas.gov.tw/PHC2010/chinese/53/82/82360.ods,cloudflare,0,,2026-08-16T08:03:11+00:00
07_普查99年_統計表/臺南市,空閒住宅之竣工年份,10906,行政院主計總處,每10年,,https://census.dgbas.gov.tw/PHC2010/chinese/53/82/82370.ods,cloudflare,0,,2026-08-16T08:03:11+00:00
07_普查99年_統計表/臺南市,空閒住宅之樓地板面積,10906,行政院主計總處,每10年,,https://census.dgbas.gov.tw/PHC2010/chinese/53/82/82380.ods,cloudflare,0,,2026-08-16T08:03:11+00:00
07_普查99年_統計表/臺南市,有人經常居住住宅之居住人數,10906,行政院主計總處,每10年,,https://census.dgbas.gov.tw/PHC2010/chinese/53/82/82390.ods,cloudflare,0,,2026-08-16T08:03:11+00:00
07_普查99年_統計表/臺南市,有人經常居住住宅之房廳數,10906,行政院主計總處,每10年,,https://census.dgbas.gov.tw/PHC2010/chinese/53/82/82400.ods,cloudflare,0,,2026-08-16T08:03:12+00:00
07_普查99年_統計表/臺南市,有人經常居住住宅之平均每人使用房廳數及衛浴套數,10906,行政院主計總處,每10年,,https://census.dgbas.gov.tw/PHC2010/chinese/53/82/82410.ods,cloudflare,0,,2026-08-16T08:03:12+00:00
07_普查99年_統計表/臺南市,有人經常居住住宅之用途,10906,行政院主計總處,每10年,,https://census.dgbas.gov.tw/PHC2010/chinese/53/82/82420.ods,cloudflare,0,,2026-08-16T08:03:12+00:00
07_普查99年_統計表/高雄市,5歲以上常住人口遷徙情形,10906,行政院主計總處,每10年,,https://census.dgbas.gov.tw/PHC2010/chinese/53/83/83150.ods,cloudflare,0,,2026-08-16T08:03:12+00:00
07_普查99年_統計表/高雄市,住戶數、常住人口數及平均每戶人口數,10906,行政院主計總處,每10年,,https://census.dgbas.gov.tw/PHC2010/chinese/53/83/83270.ods,cloudflare,0,,2026-08-16T08:03:12+00:00
07_普查99年_統計表/高雄市,普通住戶之家戶型態,10906,行政院主計總處,每10年,,https://census.dgbas.gov.tw/PHC2010/chinese/53/83/83290.ods,cloudflare,0,,2026-08-16T08:03:13+00:00
07_普查99年_統計表/高雄市,普通住戶之住宅所有權屬,10906,行政院主計總處,每10年,,https://census.dgbas.gov.tw/PHC2010/chinese/53/83/83320.ods,cloudflare,0,,2026-08-16T08:03:13+00:00
07_普查99年_統計表/高雄市,住宅單位數,10906,行政院主計總處,每10年,,https://census.dgbas.gov.tw/PHC2010/chinese/53/83/83330.ods,cloudflare,0,,2026-08-16T08:03:13+00:00
07_普查99年_統計表/高雄市,住宅之竣工年份,10906,行政院主計總處,每10年,,https://census.dgbas.gov.tw/PHC2010/chinese/53/83/83340.ods,cloudflare,0,,2026-08-16T08:03:13+00:00
07_普查99年_統計表/高雄市,住宅之建築類型,10906,行政院主計總處,每10年,,https://census.dgbas.gov.tw/PHC2010/chinese/53/83/83350.ods,cloudflare,0,,2026-08-16T08:03:13+00:00
07_普查99年_統計表/高雄市,住宅之樓地板面積,10906,行政院主計總處,每10年,,https://census.dgbas.gov.tw/PHC2010/chinese/53/83/83360.ods,cloudflare,0,,2026-08-16T08:03:13+00:00
07_普查99年_統計表/高雄市,空閒住宅之竣工年份,10906,行政院主計總處,每10年,,https://census.dgbas.gov.tw/PHC2010/chinese/53/83/83370.ods,cloudflare,0,,2026-08-16T08:03:14+00:00
07_普查99年_統計表/高雄市,空閒住宅之樓地板面積,10906,行政院主計總處,每10年,,https://census.dgbas.gov.tw/PHC2010/chinese/53/83/83380.ods,cloudflare,0,,2026-08-16T08:03:14+00:00
07_普查99年_統計表/高雄市,有人經常居住住宅之居住人數,10906,行政院主計總處,每10年,,https://census.dgbas.gov.tw/PHC2010/chinese/53/83/83390.ods,cloudflare,0,,2026-08-16T08:03:14+00:00
07_普查99年_統計表/高雄市,有人經常居住住宅之房廳數,10906,行政院主計總處,每10年,,https://census.dgbas.gov.tw/PHC2010/chinese/53/83/83400.ods,cloudflare,0,,2026-08-16T08:03:14+00:00
07_普查99年_統計表/高雄市,有人經常居住住宅之平均每人使用房廳數及衛浴套數,10906,行政院主計總處,每10年,,https://census.dgbas.gov.tw/PHC2010/chinese/53/83/83410.ods,cloudflare,0,,2026-08-16T08:03:14+00:00
07_普查99年_統計表/高雄市,有人經常居住住宅之用途,10906,行政院主計總處,每10年,,https://census.dgbas.gov.tw/PHC2010/chinese/53/83/83420.ods,cloudflare,0,,2026-08-16T08:03:14+00:00
07_普查99年_統計表/嘉義市,5歲以上常住人口遷徙情形,10906,行政院主計總處,每10年,,https://census.dgbas.gov.tw/PHC2010/chinese/53/20/20150.ods,cloudflare,0,,2026-08-16T08:03:15+00:00
07_普查99年_統計表/嘉義市,住戶數、常住人口數及平均每戶人口數,10906,行政院主計總處,每10年,,https://census.dgbas.gov.tw/PHC2010/chinese/53/20/20270.ods,cloudflare,0,,2026-08-16T08:03:15+00:00
07_普查99年_統計表/嘉義市,普通住戶之家戶型態,10906,行政院主計總處,每10年,,https://census.dgbas.gov.tw/PHC2010/chinese/53/20/20290.ods,cloudflare,0,,2026-08-16T08:03:15+00:00
07_普查99年_統計表/嘉義市,普通住戶之住宅所有權屬,10906,行政院主計總處,每10年,,https://census.dgbas.gov.tw/PHC2010/chinese/53/20/20320.ods,cloudflare,0,,2026-08-16T08:03:15+00:00
07_普查99年_統計表/嘉義市,住宅單位數,10906,行政院主計總處,每10年,,https://census.dgbas.gov.tw/PHC2010/chinese/53/20/20330.ods,cloudflare,0,,2026-08-16T08:03:15+00:00
07_普查99年_統計表/嘉義市,住宅之竣工年份,10906,行政院主計總處,每10年,,https://census.dgbas.gov.tw/PHC2010/chinese/53/20/20340.ods,cloudflare,0,,2026-08-16T08:03:16+00:00
07_普查99年_統計表/嘉義市,住宅之建築類型,10906,行政院主計總處,每10年,,https://census.dgbas.gov.tw/PHC2010/chinese/53/20/20350.ods,cloudflare,0,,2026-08-16T08:03:16+00:00
07_普查99年_統計表/嘉義市,住宅之樓地板面積,10906,行政院主計總處,每10年,,https://census.dgbas.gov.tw/PHC2010/chinese/53/20/20360.ods,cloudflare,0,,2026-08-16T08:03:16+00:00
07_普查99年_統計表/嘉義市,空閒住宅之竣工年份,10906,行政院主計總處,每10年,,https://census.dgbas.gov.tw/PHC2010/chinese/53/20/20370.ods,cloudflare,0,,2026-08-16T08:03:16+00:00
07_普查99年_統計表/嘉義市,空閒住宅之樓地板面積,10906,行政院主計總處,每10年,,https://census.dgbas.gov.tw/PHC2010/chinese/53/20/20380.ods,cloudflare,0,,2026-08-16T08:03:16+00:00
07_普查99年_統計表/嘉義市,有人經常居住住宅之居住人數,10906,行政院主計總處,每10年,,https://census.dgbas.gov.tw/PHC2010/chinese/53/20/20390.ods,cloudflare,0,,2026-08-16T08:03:16+00:00
07_普查99年_統計表/嘉義市,有人經常居住住宅之房廳數,10906,行政院主計總處,每10年,,https://census.dgbas.gov.tw/PHC2010/chinese/53/20/20400.ods,cloudflare,0,,2026-08-16T08:03:17+00:00
07_普查99年_統計表/嘉義市,有人經常居住住宅之平均每人使用房廳數及衛浴套數,10906,行政院主計總處,每10年,,https://census.dgbas.gov.tw/PHC2010/chinese/53/20/20410.ods,cloudflare,0,,2026-08-16T08:03:17+00:00
07_普查99年_統計表/嘉義市,有人經常居住住宅之用途,10906,行政院主計總處,每10年,,https://census.dgbas.gov.tw/PHC2010/chinese/53/20/20420.ods,cloudflare,0,,2026-08-16T08:03:17+00:00
07_普查99年_統計表/嘉義縣,5歲以上常住人口遷徙情形,10906,行政院主計總處,每10年,,https://census.dgbas.gov.tw/PHC2010/chinese/53/10/10150.ods,cloudflare,0,,2026-08-16T08:03:17+00:00
07_普查99年_統計表/嘉義縣,住戶數、常住人口數及平均每戶人口數,10906,行政院主計總處,每10年,,https://census.dgbas.gov.tw/PHC2010/chinese/53/10/10270.ods,cloudflare,0,,2026-08-16T08:03:17+00:00
07_普查99年_統計表/嘉義縣,普通住戶之家戶型態,10906,行政院主計總處,每10年,,https://census.dgbas.gov.tw/PHC2010/chinese/53/10/10290.ods,cloudflare,0,,2026-08-16T08:03:18+00:00
07_普查99年_統計表/嘉義縣,普通住戶之住宅所有權屬,10906,行政院主計總處,每10年,,https://census.dgbas.gov.tw/PHC2010/chinese/53/10/10320.ods,cloudflare,0,,2026-08-16T08:03:18+00:00
07_普查99年_統計表/嘉義縣,住宅單位數,10906,行政院主計總處,每10年,,https://census.dgbas.gov.tw/PHC2010/chinese/53/10/10330.ods,cloudflare,0,,2026-08-16T08:03:18+00:00
07_普查99年_統計表/嘉義縣,住宅之竣工年份,10906,行政院主計總處,每10年,,https://census.dgbas.gov.tw/PHC2010/chinese/53/10/10340.ods,cloudflare,0,,2026-08-16T08:03:18+00:00
07_普查99年_統計表/嘉義縣,住宅之建築類型,10906,行政院主計總處,每10年,,https://census.dgbas.gov.tw/PHC2010/chinese/53/10/10350.ods,cloudflare,0,,2026-08-16T08:03:18+00:00
07_普查99年_統計表/嘉義縣,住宅之樓地板面積,10906,行政院主計總處,每10年,,https://census.dgbas.gov.tw/PHC2010/chinese/53/10/10360.ods,cloudflare,0,,2026-08-16T08:03:18+00:00
07_普查99年_統計表/嘉義縣,空閒住宅之竣工年份,10906,行政院主計總處,每10年,,https://census.dgbas.gov.tw/PHC2010/chinese/53/10/10370.ods,cloudflare,0,,2026-08-16T08:03:19+00:00
07_普查99年_統計表/嘉義縣,空閒住宅之樓地板面積,10906,行政院主計總處,每10年,,https://census.dgbas.gov.tw/PHC2010/chinese/53/10/10380.ods,cloudflare,0,,2026-08-16T08:03:19+00:00
07_普查99年_統計表/嘉義縣,有人經常居住住宅之居住人數,10906,行政院主計總處,每10年,,https://census.dgbas.gov.tw/PHC2010/chinese/53/10/10390.ods,cloudflare,0,,2026-08-16T08:03:19+00:00
07_普查99年_統計表/嘉義縣,有人經常居住住宅之房廳數,10906,行政院主計總處,每10年,,https://census.dgbas.gov.tw/PHC2010/chinese/53/10/10400.ods,cloudflare,0,,2026-08-16T08:03:19+00:00
07_普查99年_統計表/嘉義縣,有人經常居住住宅之平均每人使用房廳數及衛浴套數,10906,行政院主計總處,每10年,,https://census.dgbas.gov.tw/PHC2010/chinese/53/10/10410.ods,cloudflare,0,,2026-08-16T08:03:19+00:00
07_普查99年_統計表/嘉義縣,有人經常居住住宅之用途,10906,行政院主計總處,每10年,,https://census.dgbas.gov.tw/PHC2010/chinese/53/10/10420.ods,cloudflare,0,,2026-08-16T08:03:20+00:00
07_普查99年_統計表/屏東縣,5歲以上常住人口遷徙情形,10906,行政院主計總處,每10年,,https://census.dgbas.gov.tw/PHC2010/chinese/53/13/13150.ods,cloudflare,0,,2026-08-16T08:03:20+00:00
07_普查99年_統計表/屏東縣,住戶數、常住人口數及平均每戶人口數,10906,行政院主計總處,每10年,,https://census.dgbas.gov.tw/PHC2010/chinese/53/13/13270.ods,cloudflare,0,,2026-08-16T08:03:20+00:00
07_普查99年_統計表/屏東縣,普通住戶之家戶型態,10906,行政院主計總處,每10年,,https://census.dgbas.gov.tw/PHC2010/chinese/53/13/13290.ods,cloudflare,0,,2026-08-16T08:03:20+00:00
07_普查99年_統計表/屏東縣,普通住戶之住宅所有權屬,10906,行政院主計總處,每10年,,https://census.dgbas.gov.tw/PHC2010/chinese/53/13/13320.ods,cloudflare,0,,2026-08-16T08:03:20+00:00
07_普查99年_統計表/屏東縣,住宅單位數,10906,行政院主計總處,每10年,,https://census.dgbas.gov.tw/PHC2010/chinese/53/13/13330.ods,cloudflare,0,,2026-08-16T08:03:20+00:00
07_普查99年_統計表/屏東縣,住宅之竣工年份,10906,行政院主計總處,每10年,,https://census.dgbas.gov.tw/PHC2010/chinese/53/13/13340.ods,cloudflare,0,,2026-08-16T08:03:21+00:00
07_普查99年_統計表/屏東縣,住宅之建築類型,10906,行政院主計總處,每10年,,https://census.dgbas.gov.tw/PHC2010/chinese/53/13/13350.ods,cloudflare,0,,2026-08-16T08:03:21+00:00
07_普查99年_統計表/屏東縣,住宅之樓地板面積,10906,行政院主計總處,每10年,,https://census.dgbas.gov.tw/PHC2010/chinese/53/13/13360.ods,cloudflare,0,,2026-08-16T08:03:21+00:00
07_普查99年_統計表/屏東縣,空閒住宅之竣工年份,10906,行政院主計總處,每10年,,https://census.dgbas.gov.tw/PHC2010/chinese/53/13/13370.ods,cloudflare,0,,2026-08-16T08:03:21+00:00
07_普查99年_統計表/屏東縣,空閒住宅之樓地板面積,10906,行政院主計總處,每10年,,https://census.dgbas.gov.tw/PHC2010/chinese/53/13/13380.ods,cloudflare,0,,2026-08-16T08:03:21+00:00
07_普查99年_統計表/屏東縣,有人經常居住住宅之居住人數,10906,行政院主計總處,每10年,,https://census.dgbas.gov.tw/PHC2010/chinese/53/13/13390.ods,cloudflare,0,,2026-08-16T08:03:22+00:00
07_普查99年_統計表/屏東縣,有人經常居住住宅之房廳數,10906,行政院主計總處,每10年,,https://census.dgbas.gov.tw/PHC2010/chinese/53/13/13400.ods,cloudflare,0,,2026-08-16T08:03:22+00:00
07_普查99年_統計表/屏東縣,有人經常居住住宅之平均每人使用房廳數及衛浴套數,10906,行政院主計總處,每10年,,https://census.dgbas.gov.tw/PHC2010/chinese/53/13/13410.ods,cloudflare,0,,2026-08-16T08:03:22+00:00
07_普查99年_統計表/屏東縣,有人經常居住住宅之用途,10906,行政院主計總處,每10年,,https://census.dgbas.gov.tw/PHC2010/chinese/53/13/13420.ods,cloudflare,0,,2026-08-16T08:03:22+00:00
07_普查99年_統計表/澎湖縣,5歲以上常住人口遷徙情形,10906,行政院主計總處,每10年,,https://census.dgbas.gov.tw/PHC2010/chinese/53/16/16150.ods,cloudflare,0,,2026-08-16T08:03:22+00:00
07_普查99年_統計表/澎湖縣,住戶數、常住人口數及平均每戶人口數,10906,行政院主計總處,每10年,,https://census.dgbas.gov.tw/PHC2010/chinese/53/16/16270.ods,cloudflare,0,,2026-08-16T08:03:22+00:00
07_普查99年_統計表/澎湖縣,普通住戶之家戶型態,10906,行政院主計總處,每10年,,https://census.dgbas.gov.tw/PHC2010/chinese/53/16/16290.ods,cloudflare,0,,2026-08-16T08:03:23+00:00
07_普查99年_統計表/澎湖縣,普通住戶之住宅所有權屬,10906,行政院主計總處,每10年,,https://census.dgbas.gov.tw/PHC2010/chinese/53/16/16320.ods,cloudflare,0,,2026-08-16T08:03:23+00:00
07_普查99年_統計表/澎湖縣,住宅單位數,10906,行政院主計總處,每10年,,https://census.dgbas.gov.tw/PHC2010/chinese/53/16/16330.ods,cloudflare,0,,2026-08-16T08:03:23+00:00
07_普查99年_統計表/澎湖縣,住宅之竣工年份,10906,行政院主計總處,每10年,,https://census.dgbas.gov.tw/PHC2010/chinese/53/16/16340.ods,cloudflare,0,,2026-08-16T08:03:23+00:00
07_普查99年_統計表/澎湖縣,住宅之建築類型,10906,行政院主計總處,每10年,,https://census.dgbas.gov.tw/PHC2010/chinese/53/16/16350.ods,cloudflare,0,,2026-08-16T08:03:23+00:00
07_普查99年_統計表/澎湖縣,住宅之樓地板面積,10906,行政院主計總處,每10年,,https://census.dgbas.gov.tw/PHC2010/chinese/53/16/16360.ods,cloudflare,0,,2026-08-16T08:03:24+00:00
07_普查99年_統計表/澎湖縣,空閒住宅之竣工年份,10906,行政院主計總處,每10年,,https://census.dgbas.gov.tw/PHC2010/chinese/53/16/16370.ods,cloudflare,0,,2026-08-16T08:03:24+00:00
07_普查99年_統計表/澎湖縣,空閒住宅之樓地板面積,10906,行政院主計總處,每10年,,https://census.dgbas.gov.tw/PHC2010/chinese/53/16/16380.ods,cloudflare,0,,2026-08-16T08:03:24+00:00
07_普查99年_統計表/澎湖縣,有人經常居住住宅之居住人數,10906,行政院主計總處,每10年,,https://census.dgbas.gov.tw/PHC2010/chinese/53/16/16390.ods,cloudflare,0,,2026-08-16T08:03:24+00:00
07_普查99年_統計表/澎湖縣,有人經常居住住宅之房廳數,10906,行政院主計總處,每10年,,https://census.dgbas.gov.tw/PHC2010/chinese/53/16/16400.ods,cloudflare,0,,2026-08-16T08:03:24+00:00
07_普查99年_統計表/澎湖縣,有人經常居住住宅之平均每人使用房廳數及衛浴套數,10906,行政院主計總處,每10年,,https://census.dgbas.gov.tw/PHC2010/chinese/53/16/16410.ods,cloudflare,0,,2026-08-16T08:03:24+00:00
07_普查99年_統計表/澎湖縣,有人經常居住住宅之用途,10906,行政院主計總處,每10年,,https://census.dgbas.gov.tw/PHC2010/chinese/53/16/16420.ods,cloudflare,0,,2026-08-16T08:03:25+00:00
07_普查99年_統計表/臺東縣,5歲以上常住人口遷徙情形,10906,行政院主計總處,每10年,,https://census.dgbas.gov.tw/PHC2010/chinese/53/14/14150.ods,cloudflare,0,,2026-08-16T08:03:25+00:00
07_普查99年_統計表/臺東縣,住戶數、常住人口數及平均每戶人口數,10906,行政院主計總處,每10年,,https://census.dgbas.gov.tw/PHC2010/chinese/53/14/14270.ods,cloudflare,0,,2026-08-16T08:03:25+00:00
07_普查99年_統計表/臺東縣,普通住戶之家戶型態,10906,行政院主計總處,每10年,,https://census.dgbas.gov.tw/PHC2010/chinese/53/14/14290.ods,cloudflare,0,,2026-08-16T08:03:25+00:00
07_普查99年_統計表/臺東縣,普通住戶之住宅所有權屬,10906,行政院主計總處,每10年,,https://census.dgbas.gov.tw/PHC2010/chinese/53/14/14320.ods,cloudflare,0,,2026-08-16T08:03:25+00:00
07_普查99年_統計表/臺東縣,住宅單位數,10906,行政院主計總處,每10年,,https://census.dgbas.gov.tw/PHC2010/chinese/53/14/14330.ods,cloudflare,0,,2026-08-16T08:03:26+00:00
07_普查99年_統計表/臺東縣,住宅之竣工年份,10906,行政院主計總處,每10年,,https://census.dgbas.gov.tw/PHC2010/chinese/53/14/14340.ods,cloudflare,0,,2026-08-16T08:03:26+00:00
07_普查99年_統計表/臺東縣,住宅之建築類型,10906,行政院主計總處,每10年,,https://census.dgbas.gov.tw/PHC2010/chinese/53/14/14350.ods,cloudflare,0,,2026-08-16T08:03:26+00:00
07_普查99年_統計表/臺東縣,住宅之樓地板面積,10906,行政院主計總處,每10年,,https://census.dgbas.gov.tw/PHC2010/chinese/53/14/14360.ods,cloudflare,0,,2026-08-16T08:03:26+00:00
07_普查99年_統計表/臺東縣,空閒住宅之竣工年份,10906,行政院主計總處,每10年,,https://census.dgbas.gov.tw/PHC2010/chinese/53/14/14370.ods,cloudflare,0,,2026-08-16T08:03:26+00:00
07_普查99年_統計表/臺東縣,空閒住宅之樓地板面積,10906,行政院主計總處,每10年,,https://census.dgbas.gov.tw/PHC2010/chinese/53/14/14380.ods,cloudflare,0,,2026-08-16T08:03:26+00:00
07_普查99年_統計表/臺東縣,有人經常居住住宅之居住人數,10906,行政院主計總處,每10年,,https://census.dgbas.gov.tw/PHC2010/chinese/53/14/14390.ods,cloudflare,0,,2026-08-16T08:03:27+00:00
07_普查99年_統計表/臺東縣,有人經常居住住宅之房廳數,10906,行政院主計總處,每10年,,https://census.dgbas.gov.tw/PHC2010/chinese/53/14/14400.ods,cloudflare,0,,2026-08-16T08:03:27+00:00
07_普查99年_統計表/臺東縣,有人經常居住住宅之平均每人使用房廳數及衛浴套數,10906,行政院主計總處,每10年,,https://census.dgbas.gov.tw/PHC2010/chinese/53/14/14410.ods,cloudflare,0,,2026-08-16T08:03:27+00:00
07_普查99年_統計表/臺東縣,有人經常居住住宅之用途,10906,行政院主計總處,每10年,,https://census.dgbas.gov.tw/PHC2010/chinese/53/14/14420.ods,cloudflare,0,,2026-08-16T08:03:27+00:00
07_普查99年_統計表/花蓮縣,5歲以上常住人口遷徙情形,10906,行政院主計總處,每10年,,https://census.dgbas.gov.tw/PHC2010/chinese/53/15/15150.ods,cloudflare,0,,2026-08-16T08:03:27+00:00
07_普查99年_統計表/花蓮縣,住戶數、常住人口數及平均每戶人口數,10906,行政院主計總處,每10年,,https://census.dgbas.gov.tw/PHC2010/chinese/53/15/15270.ods,cloudflare,0,,2026-08-16T08:03:28+00:00
07_普查99年_統計表/花蓮縣,普通住戶之家戶型態,10906,行政院主計總處,每10年,,https://census.dgbas.gov.tw/PHC2010/chinese/53/15/15290.ods,cloudflare,0,,2026-08-16T08:03:28+00:00
07_普查99年_統計表/花蓮縣,普通住戶之住宅所有權屬,10906,行政院主計總處,每10年,,https://census.dgbas.gov.tw/PHC2010/chinese/53/15/15320.ods,cloudflare,0,,2026-08-16T08:03:28+00:00
07_普查99年_統計表/花蓮縣,住宅單位數,10906,行政院主計總處,每10年,,https://census.dgbas.gov.tw/PHC2010/chinese/53/15/15330.ods,cloudflare,0,,2026-08-16T08:03:28+00:00
07_普查99年_統計表/花蓮縣,住宅之竣工年份,10906,行政院主計總處,每10年,,https://census.dgbas.gov.tw/PHC2010/chinese/53/15/15340.ods,cloudflare,0,,2026-08-16T08:03:28+00:00
07_普查99年_統計表/花蓮縣,住宅之建築類型,10906,行政院主計總處,每10年,,https://census.dgbas.gov.tw/PHC2010/chinese/53/15/15350.ods,cloudflare,0,,2026-08-16T08:03:28+00:00
07_普查99年_統計表/花蓮縣,住宅之樓地板面積,10906,行政院主計總處,每10年,,https://census.dgbas.gov.tw/PHC2010/chinese/53/15/15360.ods,cloudflare,0,,2026-08-16T08:03:29+00:00
07_普查99年_統計表/花蓮縣,空閒住宅之竣工年份,10906,行政院主計總處,每10年,,https://census.dgbas.gov.tw/PHC2010/chinese/53/15/15370.ods,cloudflare,0,,2026-08-16T08:03:29+00:00
07_普查99年_統計表/花蓮縣,空閒住宅之樓地板面積,10906,行政院主計總處,每10年,,https://census.dgbas.gov.tw/PHC2010/chinese/53/15/15380.ods,cloudflare,0,,2026-08-16T08:03:29+00:00
07_普查99年_統計表/花蓮縣,有人經常居住住宅之居住人數,10906,行政院主計總處,每10年,,https://census.dgbas.gov.tw/PHC2010/chinese/53/15/15390.ods,cloudflare,0,,2026-08-16T08:03:29+00:00
07_普查99年_統計表/花蓮縣,有人經常居住住宅之房廳數,10906,行政院主計總處,每10年,,https://census.dgbas.gov.tw/PHC2010/chinese/53/15/15400.ods,cloudflare,0,,2026-08-16T08:03:29+00:00
07_普查99年_統計表/花蓮縣,有人經常居住住宅之平均每人使用房廳數及衛浴套數,10906,行政院主計總處,每10年,,https://census.dgbas.gov.tw/PHC2010/chinese/53/15/15410.ods,cloudflare,0,,2026-08-16T08:03:30+00:00
07_普查99年_統計表/花蓮縣,有人經常居住住宅之用途,10906,行政院主計總處,每10年,,https://census.dgbas.gov.tw/PHC2010/chinese/53/15/15420.ods,cloudflare,0,,2026-08-16T08:03:30+00:00
07_普查99年_統計表/金門縣,5歲以上常住人口遷徙情形,10906,行政院主計總處,每10年,,https://census.dgbas.gov.tw/PHC2010/chinese/53/92/92150.ods,cloudflare,0,,2026-08-16T08:03:30+00:00
07_普查99年_統計表/金門縣,住戶數、常住人口數及平均每戶人口數,10906,行政院主計總處,每10年,,https://census.dgbas.gov.tw/PHC2010/chinese/53/92/92270.ods,cloudflare,0,,2026-08-16T08:03:30+00:00
07_普查99年_統計表/金門縣,普通住戶之家戶型態,10906,行政院主計總處,每10年,,https://census.dgbas.gov.tw/PHC2010/chinese/53/92/92290.ods,cloudflare,0,,2026-08-16T08:03:30+00:00
07_普查99年_統計表/金門縣,普通住戶之住宅所有權屬,10906,行政院主計總處,每10年,,https://census.dgbas.gov.tw/PHC2010/chinese/53/92/92320.ods,cloudflare,0,,2026-08-16T08:03:30+00:00
07_普查99年_統計表/金門縣,住宅單位數,10906,行政院主計總處,每10年,,https://census.dgbas.gov.tw/PHC2010/chinese/53/92/92330.ods,cloudflare,0,,2026-08-16T08:03:31+00:00
07_普查99年_統計表/金門縣,住宅之竣工年份,10906,行政院主計總處,每10年,,https://census.dgbas.gov.tw/PHC2010/chinese/53/92/92340.ods,cloudflare,0,,2026-08-16T08:03:31+00:00
07_普查99年_統計表/金門縣,住宅之建築類型,10906,行政院主計總處,每10年,,https://census.dgbas.gov.tw/PHC2010/chinese/53/92/92350.ods,cloudflare,0,,2026-08-16T08:03:31+00:00
07_普查99年_統計表/金門縣,住宅之樓地板面積,10906,行政院主計總處,每10年,,https://census.dgbas.gov.tw/PHC2010/chinese/53/92/92360.ods,cloudflare,0,,2026-08-16T08:03:31+00:00
07_普查99年_統計表/金門縣,空閒住宅之竣工年份,10906,行政院主計總處,每10年,,https://census.dgbas.gov.tw/PHC2010/chinese/53/92/92370.ods,cloudflare,0,,2026-08-16T08:03:31+00:00
07_普查99年_統計表/金門縣,空閒住宅之樓地板面積,10906,行政院主計總處,每10年,,https://census.dgbas.gov.tw/PHC2010/chinese/53/92/92380.ods,cloudflare,0,,2026-08-16T08:03:32+00:00
07_普查99年_統計表/金門縣,有人經常居住住宅之居住人數,10906,行政院主計總處,每10年,,https://census.dgbas.gov.tw/PHC2010/chinese/53/92/92390.ods,cloudflare,0,,2026-08-16T08:03:32+00:00
07_普查99年_統計表/金門縣,有人經常居住住宅之房廳數,10906,行政院主計總處,每10年,,https://census.dgbas.gov.tw/PHC2010/chinese/53/92/92400.ods,cloudflare,0,,2026-08-16T08:03:32+00:00
07_普查99年_統計表/金門縣,有人經常居住住宅之平均每人使用房廳數及衛浴套數,10906,行政院主計總處,每10年,,https://census.dgbas.gov.tw/PHC2010/chinese/53/92/92410.ods,cloudflare,0,,2026-08-16T08:03:32+00:00
07_普查99年_統計表/金門縣,有人經常居住住宅之用途,10906,行政院主計總處,每10年,,https://census.dgbas.gov.tw/PHC2010/chinese/53/92/92420.ods,cloudflare,0,,2026-08-16T08:03:32+00:00
07_普查99年_統計表/連江縣,5歲以上常住人口遷徙情形,10906,行政院主計總處,每10年,,https://census.dgbas.gov.tw/PHC2010/chinese/53/97/97150.ods,cloudflare,0,,2026-08-16T08:03:32+00:00
07_普查99年_統計表/連江縣,住戶數、常住人口數及平均每戶人口數,10906,行政院主計總處,每10年,,https://census.dgbas.gov.tw/PHC2010/chinese/53/97/97270.ods,cloudflare,0,,2026-08-16T08:03:33+00:00
07_普查99年_統計表/連江縣,普通住戶之家戶型態,10906,行政院主計總處,每10年,,https://census.dgbas.gov.tw/PHC2010/chinese/53/97/97290.ods,cloudflare,0,,2026-08-16T08:03:33+00:00
07_普查99年_統計表/連江縣,普通住戶之住宅所有權屬,10906,行政院主計總處,每10年,,https://census.dgbas.gov.tw/PHC2010/chinese/53/97/97320.ods,cloudflare,0,,2026-08-16T08:03:33+00:00
07_普查99年_統計表/連江縣,住宅單位數,10906,行政院主計總處,每10年,,https://census.dgbas.gov.tw/PHC2010/chinese/53/97/97330.ods,cloudflare,0,,2026-08-16T08:03:33+00:00
07_普查99年_統計表/連江縣,住宅之竣工年份,10906,行政院主計總處,每10年,,https://census.dgbas.gov.tw/PHC2010/chinese/53/97/97340.ods,cloudflare,0,,2026-08-16T08:03:33+00:00
07_普查99年_統計表/連江縣,住宅之建築類型,10906,行政院主計總處,每10年,,https://census.dgbas.gov.tw/PHC2010/chinese/53/97/97350.ods,cloudflare,0,,2026-08-16T08:03:34+00:00
07_普查99年_統計表/連江縣,住宅之樓地板面積,10906,行政院主計總處,每10年,,https://census.dgbas.gov.tw/PHC2010/chinese/53/97/97360.ods,cloudflare,0,,2026-08-16T08:03:34+00:00
07_普查99年_統計表/連江縣,空閒住宅之竣工年份,10906,行政院主計總處,每10年,,https://census.dgbas.gov.tw/PHC2010/chinese/53/97/97370.ods,cloudflare,0,,2026-08-16T08:03:34+00:00
07_普查99年_統計表/連江縣,空閒住宅之樓地板面積,10906,行政院主計總處,每10年,,https://census.dgbas.gov.tw/PHC2010/chinese/53/97/97380.ods,cloudflare,0,,2026-08-16T08:03:34+00:00
07_普查99年_統計表/連江縣,有人經常居住住宅之居住人數,10906,行政院主計總處,每10年,,https://census.dgbas.gov.tw/PHC2010/chinese/53/97/97390.ods,cloudflare,0,,2026-08-16T08:03:34+00:00
07_普查99年_統計表/連江縣,有人經常居住住宅之房廳數,10906,行政院主計總處,每10年,,https://census.dgbas.gov.tw/PHC2010/chinese/53/97/97400.ods,cloudflare,0,,2026-08-16T08:03:34+00:00
07_普查99年_統計表/連江縣,有人經常居住住宅之平均每人使用房廳數及衛浴套數,10906,行政院主計總處,每10年,,https://census.dgbas.gov.tw/PHC2010/chinese/53/97/97410.ods,cloudflare,0,,2026-08-16T08:03:35+00:00
07_普查99年_統計表/連江縣,有人經常居住住宅之用途,10906,行政院主計總處,每10年,,https://census.dgbas.gov.tw/PHC2010/chinese/53/97/97420.ods,cloudflare,0,,2026-08-16T08:03:35+00:00
08_家庭收支調查,家庭收支調查_平均每戶家庭收支按戶內人數分_民國114年,,行政院主計總處,每年,08_家庭收支調查/家庭收支調查_平均每戶家庭收支按戶內人數分_民國114年.ods,https://ws.dgbas.gov.tw/001/Upload/463/relfile/11530/236588/45.ods,200,39431,011d8fc7b16cc7585926bca1a1d4e37ff8bfa0c2a5e38c33f15afa8546ea7aaa,2026-08-18T06:22:58+00:00
08_家庭收支調查,家庭收支調查_平均每戶家庭收支按區域別分_民國114年,,行政院主計總處,每年,08_家庭收支調查/家庭收支調查_平均每戶家庭收支按區域別分_民國114年.ods,https://ws.dgbas.gov.tw/001/Upload/463/relfile/11530/236588/49.ods,200,49014,f82cfc579fe4288554b25682313f389ee92d302eee0b92b0ecc180e7b77a7462,2026-08-18T06:22:59+00:00
08_家庭收支調查,家庭收支調查_平均每戶家庭收支按農家非農家分_民國114年,,行政院主計總處,每年,08_家庭收支調查/家庭收支調查_平均每戶家庭收支按農家非農家分_民國114年.ods,https://ws.dgbas.gov.tw/001/Upload/463/relfile/11530/236588/61.ods,200,35494,c2612a42cec77583a861a69393e3272d3dd955d03229c287950fe2ce96c1a411,2026-08-18T06:23:00+00:00
08_家庭收支調查,家庭收支調查_平均每戶家庭收支按經濟戶長職業別分_民國114年,,行政院主計總處,每年,08_家庭收支調查/家庭收支調查_平均每戶家庭收支按經濟戶長職業別分_民國114年.ods,https://ws.dgbas.gov.tw/001/Upload/463/relfile/11530/236588/65.ods,200,41767,fa90257e9788731f608f0fe1a36e5137d8f571b925090351ff01bc115167303f,2026-08-18T06:23:01+00:00
08_家庭收支調查,家庭收支調查_平均每戶家庭收支按家庭組織型態別分_民國114年,,行政院主計總處,每年,08_家庭收支調查/家庭收支調查_平均每戶家庭收支按家庭組織型態別分_民國114年.ods,https://ws.dgbas.gov.tw/001/Upload/463/relfile/11530/236588/73.ods,200,40250,49826868e0035645b65faa1ef4fa0d88385b8d82ba8cdb90e2dbc81a60cb9617,2026-08-18T06:23:02+00:00
08_家庭收支調查,家庭收支調查_平均每戶家庭收支依可支配所得按戶數五等分位分_民國114年,,行政院主計總處,每年,08_家庭收支調查/家庭收支調查_平均每戶家庭收支依可支配所得按戶數五等分位分_民國114年.ods,https://ws.dgbas.gov.tw/001/Upload/463/relfile/11530/236588/77.ods,200,39489,29e540f6c4a197dea2807aa27a57cbd4b84d6693f0922389dd8235543ae248a0,2026-08-18T06:23:03+00:00
08_家庭收支調查,家庭收支調查_平均每戶可支配所得及消費支出按五等分位及戶長性別年齡教育程度分_民國114年,,行政院主計總處,每年,08_家庭收支調查/家庭收支調查_平均每戶可支配所得及消費支出按五等分位及戶長性別年齡教育程度分_民國114年.ods,https://ws.dgbas.gov.tw/001/Upload/463/relfile/11530/236588/81.ods,200,34497,4c96db2020d13ddd177e8b970491f2ef9c125563ed715a95e960fb99e6856ac6,2026-08-18T06:23:05+00:00
08_家庭收支調查,家庭收支調查_家庭戶數按所得總額組別及經濟戶長性別分_民國114年,,行政院主計總處,每年,08_家庭收支調查/家庭收支調查_家庭戶數按所得總額組別及經濟戶長性別分_民國114年.ods,https://ws.dgbas.gov.tw/001/Upload/463/relfile/11530/236588/87.ods,200,35843,de2e7506b8a389cd35805f6f753ae8a4545ce1eb0c74ac441c4fc562df0c768e,2026-08-18T06:23:06+00:00
08_家庭收支調查,家庭收支調查_家庭住宅及主要設備概況按區域別分_民國114年,,行政院主計總處,每年,08_家庭收支調查/家庭收支調查_家庭住宅及主要設備概況按區域別分_民國114年.ods,https://ws.dgbas.gov.tw/001/Upload/463/relfile/11530/236588/89.ods,200,53980,74cdc4f585ccc457d081f7ea33ff5f74da3f0030de52428bf155e10d111dfd4b,2026-08-18T06:23:07+00:00
08_家庭收支調查,家庭收支調查_家庭住宅及主要設備概況按農家非農家分_民國114年,,行政院主計總處,每年,08_家庭收支調查/家庭收支調查_家庭住宅及主要設備概況按農家非農家分_民國114年.ods,https://ws.dgbas.gov.tw/001/Upload/463/relfile/11530/236588/101.ods,200,44545,ac72e96b3f1e9ea298176c836eec5e8a982dc455259a389e22e8653f35512f5f,2026-08-18T06:23:08+00:00
08_家庭收支調查,家庭收支調查_家庭住宅及主要設備概況依可支配所得按戶數五等分位分_民國114年,,行政院主計總處,每年,08_家庭收支調查/家庭收支調查_家庭住宅及主要設備概況依可支配所得按戶數五等分位分_民國114年.ods,https://ws.dgbas.gov.tw/001/Upload/463/relfile/11530/236588/105.ods,200,42413,5b0774698242245eef195c6b243a4ecb2421e632a9e042c381fdb16bfcf3ed49,2026-08-18T06:23:10+00:00
08_家庭收支調查,家庭收支調查_所得收入者平均每人所得來源按區域別分_民國114年,,行政院主計總處,每年,08_家庭收支調查/家庭收支調查_所得收入者平均每人所得來源按區域別分_民國114年.ods,https://ws.dgbas.gov.tw/001/Upload/463/relfile/11530/236588/111.ods,200,44368,183b67ff57a6ff2ce7bc4888c91b67280516780262d4d262514c1628f0c84eee,2026-08-18T06:23:10+00:00
08_家庭收支調查,家庭收支調查_所得收入者平均每人所得來源按農家非農家分_民國114年,,行政院主計總處,每年,08_家庭收支調查/家庭收支調查_所得收入者平均每人所得來源按農家非農家分_民國114年.ods,https://ws.dgbas.gov.tw/001/Upload/463/relfile/11530/236588/117.ods,200,37102,b9201e0e31748d70f40c036277966f3013492725a22437dde42b53f7d99360ca,2026-08-18T06:23:11+00:00
08_家庭收支調查,家庭收支調查_所得收入者平均每人所得來源按職業別分_民國114年,,行政院主計總處,每年,08_家庭收支調查/家庭收支調查_所得收入者平均每人所得來源按職業別分_民國114年.ods,https://ws.dgbas.gov.tw/001/Upload/463/relfile/11530/236588/119.ods,200,35610,5eb8b377256e3cb539014db09d79e235d6aa8e35fedff45c8b83eb577eb9bc50,2026-08-18T06:23:12+00:00
08_家庭收支調查,家庭收支調查_所得收入者平均每人所得來源依可支配所得按五等分位分_民國114年,,行政院主計總處,每年,08_家庭收支調查/家庭收支調查_所得收入者平均每人所得來源依可支配所得按五等分位分_民國114年.ods,https://ws.dgbas.gov.tw/001/Upload/463/relfile/11530/236588/123.ods,200,35552,81891822c871027d7d123f11007feb5c30973777b4fd7edb68e0c1dd785fde46,2026-08-18T06:23:13+00:00
08_家庭收支調查,家庭收支調查_所得收入者平均每人可支配所得按五等分位及性別年齡教育程度分_民國114年,,行政院主計總處,每年,08_家庭收支調查/家庭收支調查_所得收入者平均每人可支配所得按五等分位及性別年齡教育程度分_民國114年.ods,https://ws.dgbas.gov.tw/001/Upload/463/relfile/11530/236588/125.ods,200,33405,4336a3f7ff78ffb89d11370151ef47b2ac1ce6f76f09e0caab08f20137b06448,2026-08-18T06:23:15+00:00
08_家庭收支調查,家庭收支調查_所得收入者人數按性別及可支配所得組別分_民國114年,,行政院主計總處,每年,08_家庭收支調查/家庭收支調查_所得收入者人數按性別及可支配所得組別分_民國114年.ods,https://ws.dgbas.gov.tw/001/Upload/463/relfile/11530/236588/129.ods,200,39270,414b09b3c4583137885e3b1527cee73b2e1842b9e7cf961e74a8ae17e2605959,2026-08-18T06:23:16+00:00
08_家庭收支調查,家庭收支調查_前言_民國114年,,行政院主計總處,每年,08_家庭收支調查/家庭收支調查_前言_民國114年.odt,https://ws.dgbas.gov.tw/001/Upload/463/relfile/11530/236588/Preface.odt,200,47613,e3f4203d76212b97476cd41f63e2a30d4b0f0a28291c0128c7402c56bf85667b,2026-08-18T06:23:17+00:00
08_家庭收支調查,家庭收支調查_綜合分析_民國114年,,行政院主計總處,每年,08_家庭收支調查/家庭收支調查_綜合分析_民國114年.odt,https://ws.dgbas.gov.tw/001/Upload/463/relfile/11530/236588/Analysis.odt,200,786240,4b9ef7e192ade616b3fae3c0371562fe69c0a82da71569802d10702d9e04e55a,2026-08-18T06:23:18+00:00
08_家庭收支調查,家庭收支調查_附錄_名詞解釋_民國114年,,行政院主計總處,每年,08_家庭收支調查/家庭收支調查_附錄_名詞解釋_民國114年.odt,https://ws.dgbas.gov.tw/001/Upload/463/relfile/11530/236588/Definec.odt,200,190992,557e35ba9f5eb84b6feb27046df1d76bd450a95c9c513fd7400f7a5277d07ea2,2026-08-18T06:23:20+00:00
08_家庭收支調查,家庭收支調查_附錄_調查方法_民國114年,,行政院主計總處,每年,08_家庭收支調查/家庭收支調查_附錄_調查方法_民國114年.odt,https://ws.dgbas.gov.tw/001/Upload/463/relfile/11530/236588/Methodc.odt,200,1603767,00aa412f31473f97869d9d05f276ba2b6e980970851c5009c1f24fe12718ae70,2026-08-18T06:23:22+00:00
08_家庭收支調查,家庭收支調查_附錄_未刊印之結果表_民國114年,,行政院主計總處,每年,08_家庭收支調查/家庭收支調查_附錄_未刊印之結果表_民國114年.odt,https://ws.dgbas.gov.tw/001/Upload/463/relfile/11530/236588/Appendce.odt,200,26229,c4fb1ee3a7943c23af2e69bec2d3954ac8e88aa5d799403c2c36ca44a5347217,2026-08-18T06:23:23+00:00
08_家庭收支調查,家庭收支調查_附錄_調查表格式_民國114年,,行政院主計總處,每年,08_家庭收支調查/家庭收支調查_附錄_調查表格式_民國114年.odt,https://ws.dgbas.gov.tw/001/Upload/463/relfile/11530/236588/Questc.odt,200,69844,b380957d65092034a9134b78b802ebe78ad71d8d3ad1fbd6268ea411c46e50b1,2026-08-18T06:23:24+00:00
08_家庭收支調查,家庭收支調查_附錄_高所得者所得占比_民國114年,,行政院主計總處,每年,08_家庭收支調查/家庭收支調查_附錄_高所得者所得占比_民國114年.odt,https://ws.dgbas.gov.tw/001/Upload/463/relfile/11530/236588/appendix5.odt,200,150558,8b92aaa66934261ab4e19fc12f5f402388299842ce5f4e1cdaade7284088883b,2026-08-18T06:23:26+00:00
08_家庭收支調查,家庭收支調查_歷年_重要指標_民國114年,,行政院主計總處,每年,08_家庭收支調查/家庭收支調查_歷年_重要指標_民國114年.ods,https://ws.dgbas.gov.tw/001/Upload/463/relfile/11530/236588/Index.ods,200,46670,826a98315e7c5acf90c902afeb9135e3f122183923a1d2d0765ee13889fff367,2026-08-18T06:23:27+00:00
08_家庭收支調查,家庭收支調查_歷年_所得總額與可支配所得_民國114年,,行政院主計總處,每年,08_家庭收支調查/家庭收支調查_歷年_所得總額與可支配所得_民國114年.ods,https://ws.dgbas.gov.tw/001/Upload/463/relfile/11530/236588/Year01.ods,200,15340,91b66e7c3a1ae061823647a4af8ba08f32ef07858b815975f331abbb576938bc,2026-08-18T06:23:28+00:00
08_家庭收支調查,家庭收支調查_歷年_所得總額按來源別分_民國114年,,行政院主計總處,每年,08_家庭收支調查/家庭收支調查_歷年_所得總額按來源別分_民國114年.ods,https://ws.dgbas.gov.tw/001/Upload/463/relfile/11530/236588/Year02.ods,200,16318,ff524b6dcbfd8917b2cab26cc52d7ab7361ff62cac382bbbe579851cb3678de3,2026-08-18T06:23:29+00:00
08_家庭收支調查,家庭收支調查_歷年_戶數五等分位組之平均每戶可支配所得_民國114年,,行政院主計總處,每年,08_家庭收支調查/家庭收支調查_歷年_戶數五等分位組之平均每戶可支配所得_民國114年.ods,https://ws.dgbas.gov.tw/001/Upload/463/relfile/11530/236588/Year03.ods,200,14324,50f40898fdd703305eca47de432724b14a55b55652817ccb83cffb98040c43ce,2026-08-18T06:23:30+00:00
08_家庭收支調查,家庭收支調查_歷年_戶數五等分位組之所得分配比與所得差距_民國114年,,行政院主計總處,每年,08_家庭收支調查/家庭收支調查_歷年_戶數五等分位組之所得分配比與所得差距_民國114年.ods,https://ws.dgbas.gov.tw/001/Upload/463/relfile/11530/236588/Year04.ods,200,66855,a823abc4e2553134dca1470cd34821d5e625c93c7ba44a66e7daa9f382b2f0ab,2026-08-18T06:23:31+00:00
08_家庭收支調查,家庭收支調查_歷年_人數五等分位組之所得差距_民國114年,,行政院主計總處,每年,08_家庭收支調查/家庭收支調查_歷年_人數五等分位組之所得差距_民國114年.ods,https://ws.dgbas.gov.tw/001/Upload/463/relfile/11530/236588/Year05.ods,200,15181,b05f4ec5102f4cb2c77fb9468d6b72b9a60778b3ccbefb4b0789dc2a1e3c3674,2026-08-18T06:23:32+00:00
08_家庭收支調查,家庭收支調查_歷年_政府對家庭移轉收支對所得分配之影響_民國114年,,行政院主計總處,每年,08_家庭收支調查/家庭收支調查_歷年_政府對家庭移轉收支對所得分配之影響_民國114年.ods,https://ws.dgbas.gov.tw/001/Upload/463/relfile/11530/236588/Year06.ods,200,13333,dbda7a3769212be23f381252b40003b6ca05bc0f6752d0c04778d62aa0e40fe8,2026-08-18T06:23:33+00:00
08_家庭收支調查,家庭收支調查_歷年_戶數十等分位組分界點之可支配所得_民國114年,,行政院主計總處,每年,08_家庭收支調查/家庭收支調查_歷年_戶數十等分位組分界點之可支配所得_民國114年.ods,https://ws.dgbas.gov.tw/001/Upload/463/relfile/11530/236588/Year07.ods,200,16605,6c72d22e33cd696a41242b5242eb35627183bf77a057cd2e0e878c3289324db9,2026-08-18T06:23:34+00:00
08_家庭收支調查,家庭收支調查_歷年_人數十等分位組分界點之可支配所得_民國114年,,行政院主計總處,每年,08_家庭收支調查/家庭收支調查_歷年_人數十等分位組分界點之可支配所得_民國114年.ods,https://ws.dgbas.gov.tw/001/Upload/463/relfile/11530/236588/Year08.ods,200,15044,a89b14d6a1a21a29797371e732134fb22faaa383170c8263d6fb3201aa4cf773,2026-08-18T06:23:35+00:00
08_家庭收支調查,家庭收支調查_歷年_世界各國家地區所得分配狀況_民國114年,,行政院主計總處,每年,08_家庭收支調查/家庭收支調查_歷年_世界各國家地區所得分配狀況_民國114年.ods,https://ws.dgbas.gov.tw/001/Upload/463/relfile/11530/236588/Year09.ods,200,21895,18e7234224033e058b0ac8ca6eaea2675add62677329076262491f302b4949bf,2026-08-18T06:23:36+00:00
08_家庭收支調查,家庭收支調查_歷年_可支配所得消費支出及儲蓄_民國114年,,行政院主計總處,每年,08_家庭收支調查/家庭收支調查_歷年_可支配所得消費支出及儲蓄_民國114年.ods,https://ws.dgbas.gov.tw/001/Upload/463/relfile/11530/236588/Year10.ods,200,15167,6b29d885cbe6af24d91f5ae313bfa9db07be391bf48b36bfa9a458e6b344e06b,2026-08-18T06:23:37+00:00
08_家庭收支調查,家庭收支調查_歷年_戶數五等分位組之平均每戶消費支出_民國114年,,行政院主計總處,每年,08_家庭收支調查/家庭收支調查_歷年_戶數五等分位組之平均每戶消費支出_民國114年.ods,https://ws.dgbas.gov.tw/001/Upload/463/relfile/11530/236588/Year11.ods,200,13161,45f7ffde811dd1651cfd16eb1f046769b5ee0cc1f1d77926eef18eff40fe17c0,2026-08-18T06:23:38+00:00
08_家庭收支調查,家庭收支調查_歷年_戶數五等分位組之平均每戶儲蓄_民國114年,,行政院主計總處,每年,08_家庭收支調查/家庭收支調查_歷年_戶數五等分位組之平均每戶儲蓄_民國114年.ods,https://ws.dgbas.gov.tw/001/Upload/463/relfile/11530/236588/Year12.ods,200,13068,5b5d21e6fad0247a6385da42311b92817810ca91cc96f7cfc2fecf3705c41f36,2026-08-18T06:23:39+00:00
08_家庭收支調查,家庭收支調查_歷年_平均每戶及每位所得收入者之可支配所得按性別分_民國114年,,行政院主計總處,每年,08_家庭收支調查/家庭收支調查_歷年_平均每戶及每位所得收入者之可支配所得按性別分_民國114年.ods,https://ws.dgbas.gov.tw/001/Upload/463/relfile/11530/236588/Year13.ods,200,13841,986ada05a06d71aadcb356d8c4ead6c2c21970be06914dbcc7ba4a1045a587e7,2026-08-18T06:23:39+00:00
08_家庭收支調查,家庭收支調查_歷年_家庭消費支出結構按消費型態分_民國114年,,行政院主計總處,每年,08_家庭收支調查/家庭收支調查_歷年_家庭消費支出結構按消費型態分_民國114年.ods,https://ws.dgbas.gov.tw/001/Upload/463/relfile/11530/236588/Year14.ods,200,13946,12b8205f1f92ca0e19c23d2d3ad362ccbb9c57825fa9be5bec349281ece495cf,2026-08-18T06:23:40+00:00
08_家庭收支調查,家庭收支調查_歷年_農家與非農家平均每戶及每人可支配所得_民國114年,,行政院主計總處,每年,08_家庭收支調查/家庭收支調查_歷年_農家與非農家平均每戶及每人可支配所得_民國114年.ods,https://ws.dgbas.gov.tw/001/Upload/463/relfile/11530/236588/Year15.ods,200,19359,53745d0296d7d40fa04577fad6f3849bb2f5a3afd8ea50af29abd027a44362a9,2026-08-18T06:23:41+00:00
08_家庭收支調查,家庭收支調查_歷年_農家平均每戶所得總額按來自農業與非農業分_民國114年,,行政院主計總處,每年,08_家庭收支調查/家庭收支調查_歷年_農家平均每戶所得總額按來自農業與非農業分_民國114年.ods,https://ws.dgbas.gov.tw/001/Upload/463/relfile/11530/236588/Year16.ods,200,18154,0fa02af0affd2397756ced1c1de7b101833cd88997cd7c3627e4a34e12813ec6,2026-08-18T06:23:42+00:00
08_家庭收支調查,家庭收支調查_歷年_所得收入者五等分位組之可支配所得分配比與所得差距_民國114年,,行政院主計總處,每年,08_家庭收支調查/家庭收支調查_歷年_所得收入者五等分位組之可支配所得分配比與所得差距_民國114年.ods,https://ws.dgbas.gov.tw/001/Upload/463/relfile/11530/236588/Year17.ods,200,13209,8939aa7c4f921660d4cc07ae8d9edb00e6918c2c6f1fcb78849863eada0b90f1,2026-08-18T06:23:43+00:00
08_家庭收支調查,家庭收支調查_歷年_所得收入者十等分位組分界點之可支配所得_民國114年,,行政院主計總處,每年,08_家庭收支調查/家庭收支調查_歷年_所得收入者十等分位組分界點之可支配所得_民國114年.ods,https://ws.dgbas.gov.tw/001/Upload/463/relfile/11530/236588/Year18.ods,200,15976,07fcc02687965a831a75eda6d20efc4138c42b466e0229ae7b1aa7fb69c36a53,2026-08-18T06:23:44+00:00
08_家庭收支調查,家庭收支調查_歷年_所得收入者平均每人可支配所得及中位數所得按行業別分_民國114年,,行政院主計總處,每年,08_家庭收支調查/家庭收支調查_歷年_所得收入者平均每人可支配所得及中位數所得按行業別分_民國114年.ods,https://ws.dgbas.gov.tw/001/Upload/463/relfile/11530/236588/Year19.ods,200,11527,8ca68b9cd4b1a3945c4aad4feae6541ab08050fa634eb375ea1acd9b0661c560,2026-08-18T06:23:45+00:00
08_家庭收支調查,家庭收支調查_歷年_所得收入者平均每人可支配所得及中位數所得按職業別分_民國114年,,行政院主計總處,每年,08_家庭收支調查/家庭收支調查_歷年_所得收入者平均每人可支配所得及中位數所得按職業別分_民國114年.ods,https://ws.dgbas.gov.tw/001/Upload/463/relfile/11530/236588/Year20.ods,200,11078,a5d0f43457d59ad7f1f079a0980f5d53a61b2e9e5a3ce6500e03379ee9c25209,2026-08-18T06:23:46+00:00
08_家庭收支調查,家庭收支調查_歷年_所得收入者平均每人可支配所得及中位數所得按教育程度別分_民國114年,,行政院主計總處,每年,08_家庭收支調查/家庭收支調查_歷年_所得收入者平均每人可支配所得及中位數所得按教育程度別分_民國114年.ods,https://ws.dgbas.gov.tw/001/Upload/463/relfile/11530/236588/Year21.ods,200,10866,a4efae71686614bc81488c16061193a52cf2ec3c15dc8f600d48504520650d64,2026-08-18T06:23:46+00:00
08_家庭收支調查,家庭收支調查_歷年_所得收入者之基本所得及人數按縣內縣外工作地點分_民國114年,,行政院主計總處,每年,08_家庭收支調查/家庭收支調查_歷年_所得收入者之基本所得及人數按縣內縣外工作地點分_民國114年.ods,https://ws.dgbas.gov.tw/001/Upload/463/relfile/11530/236588/Year22.ods,200,12871,cee22b19a1b5b4c127623d52be18b3fbdd8e67db52adaa55ade09c678614de82,2026-08-18T06:23:47+00:00
08_家庭收支調查,家庭收支調查_歷年_所得收入者人數與按年齡組別及性別之分配_民國114年,,行政院主計總處,每年,08_家庭收支調查/家庭收支調查_歷年_所得收入者人數與按年齡組別及性別之分配_民國114年.ods,https://ws.dgbas.gov.tw/001/Upload/463/relfile/11530/236588/Year23.ods,200,16130,fd1fff90e8b26e1e5256121d4e847a77bb2f0988b180b10494c94d9001c39bba,2026-08-18T06:23:48+00:00
08_家庭收支調查,家庭收支調查_歷年_家庭住宅狀況_民國114年,,行政院主計總處,每年,08_家庭收支調查/家庭收支調查_歷年_家庭住宅狀況_民國114年.ods,https://ws.dgbas.gov.tw/001/Upload/463/relfile/11530/236588/Year24.ods,200,19389,854735b7df7cea07819ff2200c71ca62936026c523f4adacb851eea3fad32422,2026-08-18T06:23:49+00:00
08_家庭收支調查,家庭收支調查_歷年_家庭主要設備普及率_民國114年,,行政院主計總處,每年,08_家庭收支調查/家庭收支調查_歷年_家庭主要設備普及率_民國114年.ods,https://ws.dgbas.gov.tw/001/Upload/463/relfile/11530/236588/Year25.ods,200,14689,794909a112164395a073f61f16467023b24f503daa787a22f2c8a28a8bac3a91,2026-08-18T06:23:50+00:00
08_家庭收支調查,家庭收支調查_歷年_年中戶數與平均每戶人數就業人數按農家非農家分_民國114年,,行政院主計總處,每年,08_家庭收支調查/家庭收支調查_歷年_年中戶數與平均每戶人數就業人數按農家非農家分_民國114年.ods,https://ws.dgbas.gov.tw/001/Upload/463/relfile/11530/236588/Year26.ods,200,16096,5902b78c2a9c93f211256d01ea010f4772ffe6892a23ea8215a8ba9efcc21216,2026-08-18T06:23:51+00:00
08_家庭收支調查,家庭收支調查_歷年_戶數五等分位組之平均每戶人數與就業人數_民國114年,,行政院主計總處,每年,08_家庭收支調查/家庭收支調查_歷年_戶數五等分位組之平均每戶人數與就業人數_民國114年.ods,https://ws.dgbas.gov.tw/001/Upload/463/relfile/11530/236588/Year27.ods,200,16037,29ccabcc08af819f884181fda4225feca64c89158838138c41c44c0b0696e586,2026-08-18T06:23:52+00:00
08_家庭收支調查,家庭收支調查_歷年_家庭戶數按戶內人口規模別之分配_民國114年,,行政院主計總處,每年,08_家庭收支調查/家庭收支調查_歷年_家庭戶數按戶內人口規模別之分配_民國114年.ods,https://ws.dgbas.gov.tw/001/Upload/463/relfile/11530/236588/Year28.ods,200,13253,b80ef70a1193bedbc0db97d1dbdff228bf35da03b8214fcbb1ddcd80904f9c57,2026-08-18T06:23:53+00:00
08_家庭收支調查,家庭收支調查_歷年_就業者平均每人基本所得按職業別分_民國114年,,行政院主計總處,每年,08_家庭收支調查/家庭收支調查_歷年_就業者平均每人基本所得按職業別分_民國114年.ods,https://ws.dgbas.gov.tw/001/Upload/463/relfile/11530/236588/Year29.ods,200,9889,60f87d64d84b37f170339f65ab8302e21185a858a16ea11b30b566746c27b6f8,2026-08-18T06:23:54+00:00
08_家庭收支調查,家庭收支調查_平均每戶家庭收支按戶內人數分_民國113年,,行政院主計總處,每年,08_家庭收支調查/家庭收支調查_平均每戶家庭收支按戶內人數分_民國113年.ods,https://ws.dgbas.gov.tw/001/Upload/463/relfile/11530/235198/45.ods,200,18040,584d34a85f2364bed50b1fb93816871119f4d8444fe473f048942965c7075b03,2026-08-18T06:23:55+00:00
08_家庭收支調查,家庭收支調查_平均每戶家庭收支按區域別分_民國113年,,行政院主計總處,每年,08_家庭收支調查/家庭收支調查_平均每戶家庭收支按區域別分_民國113年.ods,https://ws.dgbas.gov.tw/001/Upload/463/relfile/11530/235198/49.ods,200,29614,b2d8c2cdca8986720fabbf7d435cca77ee125e0ef549fc4c5d619ed0ad758d8f,2026-08-18T06:23:56+00:00
08_家庭收支調查,家庭收支調查_平均每戶家庭收支按農家非農家分_民國113年,,行政院主計總處,每年,08_家庭收支調查/家庭收支調查_平均每戶家庭收支按農家非農家分_民國113年.ods,https://ws.dgbas.gov.tw/001/Upload/463/relfile/11530/235198/61.ods,200,14519,a3769938a5652c29c042009de59dfc593e13bfc7a1a6fa3cf23a5c8b78819b49,2026-08-18T06:23:57+00:00
08_家庭收支調查,家庭收支調查_平均每戶家庭收支按經濟戶長職業別分_民國113年,,行政院主計總處,每年,08_家庭收支調查/家庭收支調查_平均每戶家庭收支按經濟戶長職業別分_民國113年.ods,https://ws.dgbas.gov.tw/001/Upload/463/relfile/11530/235198/65.ods,200,21631,383d5b389013104de1017fb16c75af63bf906c6c7f12da70561095af95e830a0,2026-08-18T06:23:58+00:00
08_家庭收支調查,家庭收支調查_平均每戶家庭收支按家庭組織型態別分_民國113年,,行政院主計總處,每年,08_家庭收支調查/家庭收支調查_平均每戶家庭收支按家庭組織型態別分_民國113年.ods,https://ws.dgbas.gov.tw/001/Upload/463/relfile/11530/235198/73.ods,200,19995,bc81c5c91bb80a49b04e38952977b9b88474280849a241201249b5bf179e757e,2026-08-18T06:24:00+00:00
08_家庭收支調查,家庭收支調查_平均每戶家庭收支依可支配所得按戶數五等分位分_民國113年,,行政院主計總處,每年,08_家庭收支調查/家庭收支調查_平均每戶家庭收支依可支配所得按戶數五等分位分_民國113年.ods,https://ws.dgbas.gov.tw/001/Upload/463/relfile/11530/235198/77.ods,200,16303,a9cdefd9406891b5642ddd75679bdd5710233d9979f8eada5abcbd667a17469b,2026-08-18T06:24:01+00:00
08_家庭收支調查,家庭收支調查_平均每戶可支配所得及消費支出按五等分位及戶長性別年齡教育程度分_民國113年,,行政院主計總處,每年,08_家庭收支調查/家庭收支調查_平均每戶可支配所得及消費支出按五等分位及戶長性別年齡教育程度分_民國113年.ods,https://ws.dgbas.gov.tw/001/Upload/463/relfile/11530/235198/81.ods,200,16385,818b352e64b497c44dd7d19389a03dcc5297a1ed4c626c682baa5e607414d580,2026-08-18T06:24:01+00:00
08_家庭收支調查,家庭收支調查_家庭戶數按所得總額組別及經濟戶長性別分_民國113年,,行政院主計總處,每年,08_家庭收支調查/家庭收支調查_家庭戶數按所得總額組別及經濟戶長性別分_民國113年.ods,https://ws.dgbas.gov.tw/001/Upload/463/relfile/11530/235198/87.ods,200,10669,f1a196484e251ca91e295350a6c195778ba41fe541085cd6440a49749d6bc479,2026-08-18T06:24:02+00:00
08_家庭收支調查,家庭收支調查_家庭住宅及主要設備概況按區域別分_民國113年,,行政院主計總處,每年,08_家庭收支調查/家庭收支調查_家庭住宅及主要設備概況按區域別分_民國113年.ods,https://ws.dgbas.gov.tw/001/Upload/463/relfile/11530/235198/89.ods,200,34061,2b28c897a1d38ab5b23c4c9eea26dbdc815d6f8d797b87f17bb34054041c7390,2026-08-18T06:24:04+00:00
08_家庭收支調查,家庭收支調查_家庭住宅及主要設備概況按農家非農家分_民國113年,,行政院主計總處,每年,08_家庭收支調查/家庭收支調查_家庭住宅及主要設備概況按農家非農家分_民國113年.ods,https://ws.dgbas.gov.tw/001/Upload/463/relfile/11530/235198/101.ods,200,16474,99ff3dcdb2bf18c049f52ed6d47208ec765ee6bb66852f9fb13b13d2f0ac69b8,2026-08-18T06:24:05+00:00
08_家庭收支調查,家庭收支調查_家庭住宅及主要設備概況依可支配所得按戶數五等分位分_民國113年,,行政院主計總處,每年,08_家庭收支調查/家庭收支調查_家庭住宅及主要設備概況依可支配所得按戶數五等分位分_民國113年.ods,https://ws.dgbas.gov.tw/001/Upload/463/relfile/11530/235198/105.ods,200,17281,6fc6367390b513ec55b481582762e8e1921b64c93aecada19fbfda3a0d8907fa,2026-08-18T06:24:06+00:00
08_家庭收支調查,家庭收支調查_所得收入者平均每人所得來源按區域別分_民國113年,,行政院主計總處,每年,08_家庭收支調查/家庭收支調查_所得收入者平均每人所得來源按區域別分_民國113年.ods,https://ws.dgbas.gov.tw/001/Upload/463/relfile/11530/235198/111.ods,200,18670,d706abf108c1149c5015246ba4234be8417e40b13aa900cb414b150b0ec30b2e,2026-08-18T06:24:07+00:00
08_家庭收支調查,家庭收支調查_所得收入者平均每人所得來源按農家非農家分_民國113年,,行政院主計總處,每年,08_家庭收支調查/家庭收支調查_所得收入者平均每人所得來源按農家非農家分_民國113年.ods,https://ws.dgbas.gov.tw/001/Upload/463/relfile/11530/235198/117.ods,200,10641,815a81134431b0d55eb97c4d0b105a246b94478e1f0bdd159feb9cd753b789d8,2026-08-18T06:24:07+00:00
08_家庭收支調查,家庭收支調查_所得收入者平均每人所得來源按職業別分_民國113年,,行政院主計總處,每年,08_家庭收支調查/家庭收支調查_所得收入者平均每人所得來源按職業別分_民國113年.ods,https://ws.dgbas.gov.tw/001/Upload/463/relfile/11530/235198/119.ods,200,14471,4a67f222a893f81a1eb3753c1615add88532ca1bca6112fac0de690c38145be0,2026-08-18T06:24:08+00:00
08_家庭收支調查,家庭收支調查_所得收入者平均每人所得來源依可支配所得按五等分位分_民國113年,,行政院主計總處,每年,08_家庭收支調查/家庭收支調查_所得收入者平均每人所得來源依可支配所得按五等分位分_民國113年.ods,https://ws.dgbas.gov.tw/001/Upload/463/relfile/11530/235198/123.ods,200,12256,978f963cc97d28ef43d7bf0a145754a300c34ab52f3151df802ac351f9d5e673,2026-08-18T06:24:09+00:00
08_家庭收支調查,家庭收支調查_所得收入者平均每人可支配所得按五等分位及性別年齡教育程度分_民國113年,,行政院主計總處,每年,08_家庭收支調查/家庭收支調查_所得收入者平均每人可支配所得按五等分位及性別年齡教育程度分_民國113年.ods,https://ws.dgbas.gov.tw/001/Upload/463/relfile/11530/235198/125.ods,200,15860,76ae3149fabadcbf767c34aa79f8430794740f60dcb416710a61103d2f1d2952,2026-08-18T06:24:10+00:00
08_家庭收支調查,家庭收支調查_所得收入者人數按性別及可支配所得組別分_民國113年,,行政院主計總處,每年,08_家庭收支調查/家庭收支調查_所得收入者人數按性別及可支配所得組別分_民國113年.ods,https://ws.dgbas.gov.tw/001/Upload/463/relfile/11530/235198/129.ods,200,11649,f2aa8f81f2bba4e2a7447aa68da0e0dc47a9499e7871a298244357f893a90859,2026-08-18T06:24:11+00:00
08_家庭收支調查,家庭收支調查_前言_民國113年,,行政院主計總處,每年,08_家庭收支調查/家庭收支調查_前言_民國113年.odt,https://ws.dgbas.gov.tw/001/Upload/463/relfile/11530/235198/Preface.odt,200,41367,d965e89ed6381907918afccf778e196359930ae0f6113257ed1b5f1a40aea4e2,2026-08-18T06:24:12+00:00
08_家庭收支調查,家庭收支調查_綜合分析_民國113年,,行政院主計總處,每年,08_家庭收支調查/家庭收支調查_綜合分析_民國113年.odt,https://ws.dgbas.gov.tw/001/Upload/463/relfile/11530/235198/Analysis.odt,200,195296,d597f77e9271bd4de9f2e19d53ef078c51e446838cfd7e3e8533c1ab07397a1a,2026-08-18T06:24:14+00:00
08_家庭收支調查,家庭收支調查_附錄_名詞解釋_民國113年,,行政院主計總處,每年,08_家庭收支調查/家庭收支調查_附錄_名詞解釋_民國113年.odt,https://ws.dgbas.gov.tw/001/Upload/463/relfile/11530/235198/Definec.odt,200,162900,c05b5c2f38fd7a67fcc1b8056b6b889bae75de15b68299af0b8f5265b2c799b7,2026-08-18T06:24:15+00:00
08_家庭收支調查,家庭收支調查_附錄_調查方法_民國113年,,行政院主計總處,每年,08_家庭收支調查/家庭收支調查_附錄_調查方法_民國113年.odt,https://ws.dgbas.gov.tw/001/Upload/463/relfile/11530/235198/Methodc.odt,200,1597833,cdff13898b72ee15699beb7ca675ddda6744d3ea5299f4dd6a5a2e37846b7bd6,2026-08-18T06:24:17+00:00
08_家庭收支調查,家庭收支調查_附錄_未刊印之結果表_民國113年,,行政院主計總處,每年,08_家庭收支調查/家庭收支調查_附錄_未刊印之結果表_民國113年.odt,https://ws.dgbas.gov.tw/001/Upload/463/relfile/11530/235198/Appendce.odt,200,24149,badc8301951e02b7817b5f3593e9d3ff87585fccfffcf9a153f0ca744119fb6b,2026-08-18T06:24:18+00:00
08_家庭收支調查,家庭收支調查_附錄_調查表格式_民國113年,,行政院主計總處,每年,08_家庭收支調查/家庭收支調查_附錄_調查表格式_民國113年.odt,https://ws.dgbas.gov.tw/001/Upload/463/relfile/11530/235198/Questc.odt,200,116286,62d65e979364788e45311c554e9cf5e4ce955345f85e07a882dedd61b8412f20,2026-08-18T06:24:20+00:00
08_家庭收支調查,家庭收支調查_附錄_高所得者所得占比_民國113年,,行政院主計總處,每年,08_家庭收支調查/家庭收支調查_附錄_高所得者所得占比_民國113年.odt,https://ws.dgbas.gov.tw/001/Upload/463/relfile/11530/235198/appendix5.odt,200,147245,719a2fac004ab27e130f1854a6dd825e750b72e2d72fdd6c5c2ef3b84b947231,2026-08-18T06:24:21+00:00
08_家庭收支調查,家庭收支調查_平均每戶家庭收支按戶內人數分_民國112年,,行政院主計總處,每年,08_家庭收支調查/家庭收支調查_平均每戶家庭收支按戶內人數分_民國112年.ods,https://ws.dgbas.gov.tw/001/Upload/463/relfile/11530/233680/45.ods,200,17351,ec47cf3bc454462df8685bf64341484d55182bcbb331af662be6f16d4fcb566b,2026-08-18T06:24:22+00:00
08_家庭收支調查,家庭收支調查_平均每戶家庭收支按區域別分_民國112年,,行政院主計總處,每年,08_家庭收支調查/家庭收支調查_平均每戶家庭收支按區域別分_民國112年.ods,https://ws.dgbas.gov.tw/001/Upload/463/relfile/11530/233680/49.ods,200,28905,812c295e0f0ebe5b199c94f770a21aef44ded2fb675cacca98b50b4005854fe1,2026-08-18T06:24:23+00:00
08_家庭收支調查,家庭收支調查_平均每戶家庭收支按農家非農家分_民國112年,,行政院主計總處,每年,08_家庭收支調查/家庭收支調查_平均每戶家庭收支按農家非農家分_民國112年.ods,https://ws.dgbas.gov.tw/001/Upload/463/relfile/11530/233680/61.ods,200,13887,ba16b343f3b1f91ef71815903399934bc412211b667f4c185391fe58222ae394,2026-08-18T06:24:24+00:00
08_家庭收支調查,家庭收支調查_平均每戶家庭收支按經濟戶長職業別分_民國112年,,行政院主計總處,每年,08_家庭收支調查/家庭收支調查_平均每戶家庭收支按經濟戶長職業別分_民國112年.ods,https://ws.dgbas.gov.tw/001/Upload/463/relfile/11530/233680/65.ods,200,20724,37b65caa003f4d4446a29ea4d99b2bfe1613420d3a4cef8d99e907115628bdef,2026-08-18T06:24:25+00:00
08_家庭收支調查,家庭收支調查_平均每戶家庭收支按家庭組織型態別分_民國112年,,行政院主計總處,每年,08_家庭收支調查/家庭收支調查_平均每戶家庭收支按家庭組織型態別分_民國112年.ods,https://ws.dgbas.gov.tw/001/Upload/463/relfile/11530/233680/73.ods,200,19464,240acdaab9f17828684db9b42ef1819f92368c935bbe98d6d4ff1f6ea13e9422,2026-08-18T06:24:26+00:00
08_家庭收支調查,家庭收支調查_平均每戶家庭收支依可支配所得按戶數五等分位分_民國112年,,行政院主計總處,每年,08_家庭收支調查/家庭收支調查_平均每戶家庭收支依可支配所得按戶數五等分位分_民國112年.ods,https://ws.dgbas.gov.tw/001/Upload/463/relfile/11530/233680/77.ods,200,15885,2ef9356895664bf2d0d53b7d50820629f0f44d1ceb2c077d8aecc97f1bea63df,2026-08-18T06:24:27+00:00
08_家庭收支調查,家庭收支調查_平均每戶可支配所得及消費支出按五等分位及戶長性別年齡教育程度分_民國112年,,行政院主計總處,每年,08_家庭收支調查/家庭收支調查_平均每戶可支配所得及消費支出按五等分位及戶長性別年齡教育程度分_民國112年.ods,https://ws.dgbas.gov.tw/001/Upload/463/relfile/11530/233680/81.ods,200,16317,aa7e56680993c08bd228ef2a2b4275cbd3c056e6ace58d9c61a114745d93de14,2026-08-18T06:24:28+00:00
08_家庭收支調查,家庭收支調查_家庭戶數按所得總額組別及經濟戶長性別分_民國112年,,行政院主計總處,每年,08_家庭收支調查/家庭收支調查_家庭戶數按所得總額組別及經濟戶長性別分_民國112年.ods,https://ws.dgbas.gov.tw/001/Upload/463/relfile/11530/233680/87.ods,200,10557,8266bb57d8fecaf6e01ad205e0e0978fd7b375a766343be791175ec759681fd0,2026-08-18T06:24:29+00:00
08_家庭收支調查,家庭收支調查_家庭住宅及主要設備概況按區域別分_民國112年,,行政院主計總處,每年,08_家庭收支調查/家庭收支調查_家庭住宅及主要設備概況按區域別分_民國112年.ods,https://ws.dgbas.gov.tw/001/Upload/463/relfile/11530/233680/89.ods,200,33772,64b715abba0f8e0a92d1958dc9d4d190e1449ffa8c145e98d1f3be9afbfa5904,2026-08-18T06:24:30+00:00
08_家庭收支調查,家庭收支調查_家庭住宅及主要設備概況按農家非農家分_民國112年,,行政院主計總處,每年,08_家庭收支調查/家庭收支調查_家庭住宅及主要設備概況按農家非農家分_民國112年.ods,https://ws.dgbas.gov.tw/001/Upload/463/relfile/11530/233680/101.ods,200,16384,857ff2ee69552c102e162b1ebdebc0c9b221ffc67a5b0c9fbd158375a1ac0244,2026-08-18T06:24:31+00:00
08_家庭收支調查,家庭收支調查_家庭住宅及主要設備概況依可支配所得按戶數五等分位分_民國112年,,行政院主計總處,每年,08_家庭收支調查/家庭收支調查_家庭住宅及主要設備概況依可支配所得按戶數五等分位分_民國112年.ods,https://ws.dgbas.gov.tw/001/Upload/463/relfile/11530/233680/105.ods,200,17401,9813f88b428ca0a4884f098c5e6ef7378c642e232f003e01b0c48005841a075e,2026-08-18T06:24:32+00:00
08_家庭收支調查,家庭收支調查_所得收入者平均每人所得來源按區域別分_民國112年,,行政院主計總處,每年,08_家庭收支調查/家庭收支調查_所得收入者平均每人所得來源按區域別分_民國112年.ods,https://ws.dgbas.gov.tw/001/Upload/463/relfile/11530/233680/111.ods,200,17852,8e296e3699c53bdd14615bcc673cf76e443d67dbf6c35c9e3a343a24232600a6,2026-08-18T06:24:33+00:00
08_家庭收支調查,家庭收支調查_所得收入者平均每人所得來源按農家非農家分_民國112年,,行政院主計總處,每年,08_家庭收支調查/家庭收支調查_所得收入者平均每人所得來源按農家非農家分_民國112年.ods,https://ws.dgbas.gov.tw/001/Upload/463/relfile/11530/233680/117.ods,200,10431,319cb97b42b7fb6f9428b29f3e65e3ada2db04e9dcb6b07340c49d5456156a75,2026-08-18T06:24:33+00:00
08_家庭收支調查,家庭收支調查_所得收入者平均每人所得來源按職業別分_民國112年,,行政院主計總處,每年,08_家庭收支調查/家庭收支調查_所得收入者平均每人所得來源按職業別分_民國112年.ods,https://ws.dgbas.gov.tw/001/Upload/463/relfile/11530/233680/119.ods,200,14036,131080f6810c6eb2f615f0b8da72d06f62e42b6550172a797959080884400a99,2026-08-18T06:24:34+00:00
08_家庭收支調查,家庭收支調查_所得收入者平均每人所得來源依可支配所得按五等分位分_民國112年,,行政院主計總處,每年,08_家庭收支調查/家庭收支調查_所得收入者平均每人所得來源依可支配所得按五等分位分_民國112年.ods,https://ws.dgbas.gov.tw/001/Upload/463/relfile/11530/233680/123.ods,200,11966,c6b8c5f15e0081246e959ff3f0ffd8a5e8ff04b3248d36aceeb0fc490ead54d0,2026-08-18T06:24:35+00:00
08_家庭收支調查,家庭收支調查_所得收入者平均每人可支配所得按五等分位及性別年齡教育程度分_民國112年,,行政院主計總處,每年,08_家庭收支調查/家庭收支調查_所得收入者平均每人可支配所得按五等分位及性別年齡教育程度分_民國112年.ods,https://ws.dgbas.gov.tw/001/Upload/463/relfile/11530/233680/125.ods,200,15697,6121f0ac271f3d42b94eb6c453ce8d7ba940fc4f0f9f32d5a449eeb9293da2a2,2026-08-18T06:24:36+00:00
08_家庭收支調查,家庭收支調查_所得收入者人數按性別及可支配所得組別分_民國112年,,行政院主計總處,每年,08_家庭收支調查/家庭收支調查_所得收入者人數按性別及可支配所得組別分_民國112年.ods,https://ws.dgbas.gov.tw/001/Upload/463/relfile/11530/233680/129.ods,200,11577,53a28263abd38636fa9af834830a1e3ec1aca9c017ad0fa4ac747618021141c0,2026-08-18T06:24:37+00:00
08_家庭收支調查,家庭收支調查_前言_民國112年,,行政院主計總處,每年,08_家庭收支調查/家庭收支調查_前言_民國112年.odt,https://ws.dgbas.gov.tw/001/Upload/463/relfile/11530/233680/Preface.odt,200,11396,4bd0e5639f09b6eba1262982d9ca64adcf0cc9123398f84c4062dcfaceb8c7ea,2026-08-18T06:24:38+00:00
08_家庭收支調查,家庭收支調查_綜合分析_民國112年,,行政院主計總處,每年,08_家庭收支調查/家庭收支調查_綜合分析_民國112年.odt,https://ws.dgbas.gov.tw/001/Upload/463/relfile/11530/233680/Analysis.odt,200,200532,2d0ac52aa4c7275cd9cad79a2b702ad19921d9e997d6d466334c65435f183888,2026-08-18T06:24:39+00:00
08_家庭收支調查,家庭收支調查_附錄_名詞解釋_民國112年,,行政院主計總處,每年,08_家庭收支調查/家庭收支調查_附錄_名詞解釋_民國112年.odt,https://ws.dgbas.gov.tw/001/Upload/463/relfile/11530/233680/Definec.odt,200,199562,79e9cf798d39aeb90ec64ce5910b6772870b154e22afa3980774257bd691db4f,2026-08-18T06:24:40+00:00
08_家庭收支調查,家庭收支調查_附錄_調查方法_民國112年,,行政院主計總處,每年,08_家庭收支調查/家庭收支調查_附錄_調查方法_民國112年.odt,https://ws.dgbas.gov.tw/001/Upload/463/relfile/11530/233680/Methodc.odt,200,91102,ecf6916888d8d85b37e2cd3a870d5ec18309307045549679eb6a53b62d3a813e,2026-08-18T06:24:42+00:00
08_家庭收支調查,家庭收支調查_附錄_未刊印之結果表_民國112年,,行政院主計總處,每年,08_家庭收支調查/家庭收支調查_附錄_未刊印之結果表_民國112年.odt,https://ws.dgbas.gov.tw/001/Upload/463/relfile/11530/233680/Appendce.odt,200,26055,d9899b49028350350bf841bf16809393024905abb65a332b1c2bcbf98b3bead9,2026-08-18T06:24:43+00:00
08_家庭收支調查,家庭收支調查_附錄_調查表格式_民國112年,,行政院主計總處,每年,08_家庭收支調查/家庭收支調查_附錄_調查表格式_民國112年.odt,https://ws.dgbas.gov.tw/001/Upload/463/relfile/11530/233680/Questc.odt,200,63864,86a92785f3433dfafcd1439e84dc3c577712e813d920ea81884aa2ae0f09b59e,2026-08-18T06:24:44+00:00
08_家庭收支調查,家庭收支調查_附錄_高所得者所得占比_民國112年,,行政院主計總處,每年,08_家庭收支調查/家庭收支調查_附錄_高所得者所得占比_民國112年.odt,https://ws.dgbas.gov.tw/001/Upload/463/relfile/11530/233680/appendix5.odt,200,136410,1e045a02cf8c5327a4f500ccd139269f98dafbb7576c4aac9f8051ae67931da7,2026-08-18T06:24:45+00:00
08_家庭收支調查,家庭收支調查_平均每戶家庭收支按戶內人數分_民國111年,,行政院主計總處,每年,08_家庭收支調查/家庭收支調查_平均每戶家庭收支按戶內人數分_民國111年.ods,https://ws.dgbas.gov.tw/001/Upload/463/relfile/11530/231908/45.ods,200,17445,b7d21ffb5384540c9bfa885b100694faef76bea911c47646814b146adc74d0cf,2026-08-18T06:24:46+00:00
08_家庭收支調查,家庭收支調查_平均每戶家庭收支按區域別分_民國111年,,行政院主計總處,每年,08_家庭收支調查/家庭收支調查_平均每戶家庭收支按區域別分_民國111年.ods,https://ws.dgbas.gov.tw/001/Upload/463/relfile/11530/231908/49.ods,200,28909,08ebf68538650cbbd1cb30e5b54a92df35d6641172db4575b9858c41619d3242,2026-08-18T06:24:47+00:00
08_家庭收支調查,家庭收支調查_平均每戶家庭收支按農家非農家分_民國111年,,行政院主計總處,每年,08_家庭收支調查/家庭收支調查_平均每戶家庭收支按農家非農家分_民國111年.ods,https://ws.dgbas.gov.tw/001/Upload/463/relfile/11530/231908/61.ods,200,12117,0932387fad3db8ee23d282c91992c032b3b27680a58c0c604b357e12c29840ac,2026-08-18T06:24:48+00:00
08_家庭收支調查,家庭收支調查_平均每戶家庭收支按經濟戶長職業別分_民國111年,,行政院主計總處,每年,08_家庭收支調查/家庭收支調查_平均每戶家庭收支按經濟戶長職業別分_民國111年.ods,https://ws.dgbas.gov.tw/001/Upload/463/relfile/11530/231908/65.ods,200,20827,29eb314cdec8534ab722068b6dbe2c81cab3468c007e15d8866d20b7cdbed42e,2026-08-18T06:24:49+00:00
08_家庭收支調查,家庭收支調查_平均每戶家庭收支按家庭組織型態別分_民國111年,,行政院主計總處,每年,08_家庭收支調查/家庭收支調查_平均每戶家庭收支按家庭組織型態別分_民國111年.ods,https://ws.dgbas.gov.tw/001/Upload/463/relfile/11530/231908/73.ods,200,17210,91de2a5cfd8daad844797a1f9f1c4b68da1f1cd4f44075d8c72c381ff3e35f16,2026-08-18T06:24:50+00:00
08_家庭收支調查,家庭收支調查_平均每戶家庭收支依可支配所得按戶數五等分位分_民國111年,,行政院主計總處,每年,08_家庭收支調查/家庭收支調查_平均每戶家庭收支依可支配所得按戶數五等分位分_民國111年.ods,https://ws.dgbas.gov.tw/001/Upload/463/relfile/11530/231908/77.ods,200,15775,9a2615639056175a46f39ec6b7b7c004b03eaa572f3ffb8411f38e2e49a45da9,2026-08-18T06:24:51+00:00
08_家庭收支調查,家庭收支調查_平均每戶可支配所得及消費支出按五等分位及戶長性別年齡教育程度分_民國111年,,行政院主計總處,每年,08_家庭收支調查/家庭收支調查_平均每戶可支配所得及消費支出按五等分位及戶長性別年齡教育程度分_民國111年.ods,https://ws.dgbas.gov.tw/001/Upload/463/relfile/11530/231908/81.ods,200,16369,7b0a3923821d51041863f182f2ca4392d85d1455583f240c56ca9d1aebd5f63e,2026-08-18T06:24:52+00:00
08_家庭收支調查,家庭收支調查_家庭戶數按所得總額組別及經濟戶長性別分_民國111年,,行政院主計總處,每年,08_家庭收支調查/家庭收支調查_家庭戶數按所得總額組別及經濟戶長性別分_民國111年.ods,https://ws.dgbas.gov.tw/001/Upload/463/relfile/11530/231908/87.ods,200,8248,b270df4421ac6d91b223e1b79fcd3b1fd58eb2fa10bb11e12a1ebd931e6b738a,2026-08-18T06:24:53+00:00
08_家庭收支調查,家庭收支調查_家庭住宅及主要設備概況按區域別分_民國111年,,行政院主計總處,每年,08_家庭收支調查/家庭收支調查_家庭住宅及主要設備概況按區域別分_民國111年.ods,https://ws.dgbas.gov.tw/001/Upload/463/relfile/11530/231908/89.ods,200,34910,95395fbb247187e94e84df970843c104d2eb90d971c75d386e8d39b42636bbac,2026-08-18T06:24:54+00:00
08_家庭收支調查,家庭收支調查_家庭住宅及主要設備概況按農家非農家分_民國111年,,行政院主計總處,每年,08_家庭收支調查/家庭收支調查_家庭住宅及主要設備概況按農家非農家分_民國111年.ods,https://ws.dgbas.gov.tw/001/Upload/463/relfile/11530/231908/101.ods,200,14830,e03f32576b67fbd3da0b2e520a4f79ce35934a0f79d6a9e1905ae28bcb293af2,2026-08-18T06:24:55+00:00
08_家庭收支調查,家庭收支調查_家庭住宅及主要設備概況依可支配所得按戶數五等分位分_民國111年,,行政院主計總處,每年,08_家庭收支調查/家庭收支調查_家庭住宅及主要設備概況依可支配所得按戶數五等分位分_民國111年.ods,https://ws.dgbas.gov.tw/001/Upload/463/relfile/11530/231908/105.ods,200,17748,c43cf126850f05419fe25fc4098cd2b57667f8012931f731d75e390e26581866,2026-08-18T06:24:56+00:00
08_家庭收支調查,家庭收支調查_所得收入者平均每人所得來源按區域別分_民國111年,,行政院主計總處,每年,08_家庭收支調查/家庭收支調查_所得收入者平均每人所得來源按區域別分_民國111年.ods,https://ws.dgbas.gov.tw/001/Upload/463/relfile/11530/231908/111.ods,200,15914,7672dd53b975b0a2388bfa20fcce782dd7e36b4983b8f7cceb7980412d104c56,2026-08-18T06:24:57+00:00
08_家庭收支調查,家庭收支調查_所得收入者平均每人所得來源按農家非農家分_民國111年,,行政院主計總處,每年,08_家庭收支調查/家庭收支調查_所得收入者平均每人所得來源按農家非農家分_民國111年.ods,https://ws.dgbas.gov.tw/001/Upload/463/relfile/11530/231908/117.ods,200,8457,a5578cd0703fdebdfffcba7fb4be42fee1309e4131c19ef7c15775768731f4e3,2026-08-18T06:24:58+00:00
08_家庭收支調查,家庭收支調查_所得收入者平均每人所得來源按職業別分_民國111年,,行政院主計總處,每年,08_家庭收支調查/家庭收支調查_所得收入者平均每人所得來源按職業別分_民國111年.ods,https://ws.dgbas.gov.tw/001/Upload/463/relfile/11530/231908/119.ods,200,12337,8d429e2079c66c4083bd58f8fd7719376f3289c0ba146e8f6746fa9f2729c10f,2026-08-18T06:24:58+00:00
08_家庭收支調查,家庭收支調查_所得收入者平均每人所得來源依可支配所得按五等分位分_民國111年,,行政院主計總處,每年,08_家庭收支調查/家庭收支調查_所得收入者平均每人所得來源依可支配所得按五等分位分_民國111年.ods,https://ws.dgbas.gov.tw/001/Upload/463/relfile/11530/231908/123.ods,200,9741,14828899ab2b80d14e72131516ba55655b1a556daa68fdef842964fc275ce831,2026-08-18T06:24:59+00:00
08_家庭收支調查,家庭收支調查_所得收入者平均每人可支配所得按五等分位及性別年齡教育程度分_民國111年,,行政院主計總處,每年,08_家庭收支調查/家庭收支調查_所得收入者平均每人可支配所得按五等分位及性別年齡教育程度分_民國111年.ods,https://ws.dgbas.gov.tw/001/Upload/463/relfile/11530/231908/125.ods,200,13776,4d4d34c7c597a76a9f84f0fc02d2d5012c3459b40a39c3121a0df2fb030f53a0,2026-08-18T06:25:00+00:00
08_家庭收支調查,家庭收支調查_所得收入者人數按性別及可支配所得組別分_民國111年,,行政院主計總處,每年,08_家庭收支調查/家庭收支調查_所得收入者人數按性別及可支配所得組別分_民國111年.ods,https://ws.dgbas.gov.tw/001/Upload/463/relfile/11530/231908/129.ods,200,9626,a17be1f61f281ee55be56917ea2076872d385838336909f1e7ac3d1279e67b2f,2026-08-18T06:25:01+00:00
08_家庭收支調查,家庭收支調查_前言_民國111年,,行政院主計總處,每年,08_家庭收支調查/家庭收支調查_前言_民國111年.odt,https://ws.dgbas.gov.tw/001/Upload/463/relfile/11530/231908/Preface.odt,200,10105,54238ef2577c2c5ec9a7460f5c1acf0ad5d0ffbb52ce9a750b26d6cf0d267a6c,2026-08-18T06:25:02+00:00
08_家庭收支調查,家庭收支調查_綜合分析_民國111年,,行政院主計總處,每年,08_家庭收支調查/家庭收支調查_綜合分析_民國111年.odt,https://ws.dgbas.gov.tw/001/Upload/463/relfile/11530/231908/Analysis.odt,200,977744,a6828d1ce321e66962bf6a149b017cbe8026cc46f06b29784a96cc185c061d30,2026-08-18T06:25:03+00:00
08_家庭收支調查,家庭收支調查_附錄_名詞解釋_民國111年,,行政院主計總處,每年,08_家庭收支調查/家庭收支調查_附錄_名詞解釋_民國111年.odt,https://ws.dgbas.gov.tw/001/Upload/463/relfile/11530/231908/Definec.odt,200,65123,723b7b923c7f673cbd9f302da106d646cb03b533cc0677266ed8bd94db73a3a3,2026-08-18T06:25:05+00:00
08_家庭收支調查,家庭收支調查_附錄_調查方法_民國111年,,行政院主計總處,每年,08_家庭收支調查/家庭收支調查_附錄_調查方法_民國111年.odt,https://ws.dgbas.gov.tw/001/Upload/463/relfile/11530/231908/Methodc.odt,200,53020,ba12dcb069d1583aee82fd39145f75fe1b4705d4c167fd6bdc97da9b91895031,2026-08-18T06:25:06+00:00
08_家庭收支調查,家庭收支調查_附錄_未刊印之結果表_民國111年,,行政院主計總處,每年,08_家庭收支調查/家庭收支調查_附錄_未刊印之結果表_民國111年.odt,https://ws.dgbas.gov.tw/001/Upload/463/relfile/11530/231908/Appendce.odt,200,17872,16a057c3bd21f2508f733f0534e5439e6e2b1aebc422e823f0d75a94d811088f,2026-08-18T06:25:07+00:00
08_家庭收支調查,家庭收支調查_附錄_調查表格式_民國111年,,行政院主計總處,每年,08_家庭收支調查/家庭收支調查_附錄_調查表格式_民國111年.odt,https://ws.dgbas.gov.tw/001/Upload/463/relfile/11530/231908/Questc.odt,200,108928,812b4b76a5305a625097fb89958e306d17ecdd901d8464125c8c46157a2abfb5,2026-08-18T06:25:08+00:00
08_家庭收支調查,家庭收支調查_附錄_高所得者所得占比_民國111年,,行政院主計總處,每年,08_家庭收支調查/家庭收支調查_附錄_高所得者所得占比_民國111年.odt,https://ws.dgbas.gov.tw/001/Upload/463/relfile/11530/231908/appendix5.odt,200,120754,2972781e69d934f2dc379ca37695c43f8d679c03d0cd4f0f05a0093fb1ab71ef,2026-08-18T06:25:10+00:00
08_家庭收支調查,家庭收支調查_平均每戶家庭收支按戶內人數分_民國110年,,行政院主計總處,每年,08_家庭收支調查/家庭收支調查_平均每戶家庭收支按戶內人數分_民國110年.ods,https://ws.dgbas.gov.tw/001/Upload/463/relfile/11530/230826/45.ods,200,17413,b0146cc709294b84cbd1aafbe818884f27c68253ed47fea09e8f1257d5ecac7c,2026-08-18T06:25:11+00:00
08_家庭收支調查,家庭收支調查_平均每戶家庭收支按區域別分_民國110年,,行政院主計總處,每年,08_家庭收支調查/家庭收支調查_平均每戶家庭收支按區域別分_民國110年.ods,https://ws.dgbas.gov.tw/001/Upload/463/relfile/11530/230826/49.ods,200,28989,3eaeff76d0a18a7c1372d934f48b87ad2036767252f94b0b3062a7726a1bbf78,2026-08-18T06:25:12+00:00
08_家庭收支調查,家庭收支調查_平均每戶家庭收支按農家非農家分_民國110年,,行政院主計總處,每年,08_家庭收支調查/家庭收支調查_平均每戶家庭收支按農家非農家分_民國110年.ods,https://ws.dgbas.gov.tw/001/Upload/463/relfile/11530/230826/61.ods,200,13952,c24698455058ca49b0e6ae602eacaea798de26c249cecbe6b15e6cee35a19e72,2026-08-18T06:25:12+00:00
08_家庭收支調查,家庭收支調查_平均每戶家庭收支按經濟戶長職業別分_民國110年,,行政院主計總處,每年,08_家庭收支調查/家庭收支調查_平均每戶家庭收支按經濟戶長職業別分_民國110年.ods,https://ws.dgbas.gov.tw/001/Upload/463/relfile/11530/230826/65.ods,200,20800,733133f77fe185382a49c88719b45738560bb8dc012a495729aed0714758092d,2026-08-18T06:25:13+00:00
08_家庭收支調查,家庭收支調查_平均每戶家庭收支按家庭組織型態別分_民國110年,,行政院主計總處,每年,08_家庭收支調查/家庭收支調查_平均每戶家庭收支按家庭組織型態別分_民國110年.ods,https://ws.dgbas.gov.tw/001/Upload/463/relfile/11530/230826/73.ods,200,19445,4562f7181baf395bc6c5117f26417eeeeb798611ec2dc7a647472e6c3cf86d90,2026-08-18T06:25:14+00:00
08_家庭收支調查,家庭收支調查_平均每戶家庭收支依可支配所得按戶數五等分位分_民國110年,,行政院主計總處,每年,08_家庭收支調查/家庭收支調查_平均每戶家庭收支依可支配所得按戶數五等分位分_民國110年.ods,https://ws.dgbas.gov.tw/001/Upload/463/relfile/11530/230826/77.ods,200,17658,0c16cf7fed4f6c6782e6367aaecc0f608f1c14b08cb5b619a987138a65f171f2,2026-08-18T06:25:15+00:00
08_家庭收支調查,家庭收支調查_平均每戶可支配所得及消費支出按五等分位及戶長性別年齡教育程度分_民國110年,,行政院主計總處,每年,08_家庭收支調查/家庭收支調查_平均每戶可支配所得及消費支出按五等分位及戶長性別年齡教育程度分_民國110年.ods,https://ws.dgbas.gov.tw/001/Upload/463/relfile/11530/230826/81.ods,200,16628,fc9cf58659c517fd0c555b78bbba11a9b0eac9dcd6183ed706882b519709b3c7,2026-08-18T06:25:16+00:00
08_家庭收支調查,家庭收支調查_家庭戶數按所得總額組別及經濟戶長性別分_民國110年,,行政院主計總處,每年,08_家庭收支調查/家庭收支調查_家庭戶數按所得總額組別及經濟戶長性別分_民國110年.ods,https://ws.dgbas.gov.tw/001/Upload/463/relfile/11530/230826/87.ods,200,10579,91c64b4a2f8ee64b5e6d41c483b653c648e40772c8d3289687cd77f8a38cdfce,2026-08-18T06:25:17+00:00
08_家庭收支調查,家庭收支調查_家庭住宅及主要設備概況按區域別分_民國110年,,行政院主計總處,每年,08_家庭收支調查/家庭收支調查_家庭住宅及主要設備概況按區域別分_民國110年.ods,https://ws.dgbas.gov.tw/001/Upload/463/relfile/11530/230826/89.ods,200,34936,e184c9c0d158c0ac9e0e45357caa978fde8dcd0a7cc8c102a1b92f696f539578,2026-08-18T06:25:18+00:00
08_家庭收支調查,家庭收支調查_家庭住宅及主要設備概況按農家非農家分_民國110年,,行政院主計總處,每年,08_家庭收支調查/家庭收支調查_家庭住宅及主要設備概況按農家非農家分_民國110年.ods,https://ws.dgbas.gov.tw/001/Upload/463/relfile/11530/230826/101.ods,200,16958,9411006f39a812df1841f4967dcbc21b4444d0683ac32011ed0515470117040b,2026-08-18T06:25:19+00:00
08_家庭收支調查,家庭收支調查_家庭住宅及主要設備概況依可支配所得按戶數五等分位分_民國110年,,行政院主計總處,每年,08_家庭收支調查/家庭收支調查_家庭住宅及主要設備概況依可支配所得按戶數五等分位分_民國110年.ods,https://ws.dgbas.gov.tw/001/Upload/463/relfile/11530/230826/105.ods,200,17777,1c88de50f2daa30022c736513f0d86e9bff55a90a9908e0a019d6c445a92482e,2026-08-18T06:25:20+00:00
08_家庭收支調查,家庭收支調查_所得收入者平均每人所得來源按區域別分_民國110年,,行政院主計總處,每年,08_家庭收支調查/家庭收支調查_所得收入者平均每人所得來源按區域別分_民國110年.ods,https://ws.dgbas.gov.tw/001/Upload/463/relfile/11530/230826/111.ods,200,17848,61801206b2bac189928734e54ebe4fa8fe710f5ce69a4c2c549e9ca6b74dbd35,2026-08-18T06:25:21+00:00
08_家庭收支調查,家庭收支調查_所得收入者平均每人所得來源按農家非農家分_民國110年,,行政院主計總處,每年,08_家庭收支調查/家庭收支調查_所得收入者平均每人所得來源按農家非農家分_民國110年.ods,https://ws.dgbas.gov.tw/001/Upload/463/relfile/11530/230826/117.ods,200,10462,2dd27e09566c5f726149e0f7e062d649d977f3d1fe891c2f826146cb9d013d18,2026-08-18T06:25:22+00:00
08_家庭收支調查,家庭收支調查_所得收入者平均每人所得來源按職業別分_民國110年,,行政院主計總處,每年,08_家庭收支調查/家庭收支調查_所得收入者平均每人所得來源按職業別分_民國110年.ods,https://ws.dgbas.gov.tw/001/Upload/463/relfile/11530/230826/119.ods,200,13958,9bcc0c49e08eff68fa52001d143a4e03e9c041380a46589d77df0a6cf02a50de,2026-08-18T06:25:22+00:00
08_家庭收支調查,家庭收支調查_所得收入者平均每人所得來源依可支配所得按五等分位分_民國110年,,行政院主計總處,每年,08_家庭收支調查/家庭收支調查_所得收入者平均每人所得來源依可支配所得按五等分位分_民國110年.ods,https://ws.dgbas.gov.tw/001/Upload/463/relfile/11530/230826/123.ods,200,11877,459fb2bb67e0f90605013cda524857cad6c5da56aee16b26ee5f425070b72adc,2026-08-18T06:25:23+00:00
08_家庭收支調查,家庭收支調查_所得收入者平均每人可支配所得按五等分位及性別年齡教育程度分_民國110年,,行政院主計總處,每年,08_家庭收支調查/家庭收支調查_所得收入者平均每人可支配所得按五等分位及性別年齡教育程度分_民國110年.ods,https://ws.dgbas.gov.tw/001/Upload/463/relfile/11530/230826/125.ods,200,15830,cdaa0904846f727d8ea30d1d026c35348460899fe0e97c91e00728e34700dd7d,2026-08-18T06:25:24+00:00
08_家庭收支調查,家庭收支調查_所得收入者人數按性別及可支配所得組別分_民國110年,,行政院主計總處,每年,08_家庭收支調查/家庭收支調查_所得收入者人數按性別及可支配所得組別分_民國110年.ods,https://ws.dgbas.gov.tw/001/Upload/463/relfile/11530/230826/129.ods,200,11582,62fb24897543b8d6e76d323ac355bdd3966964fb6343a0169cc19c05f3a04b6c,2026-08-18T06:25:25+00:00
08_家庭收支調查,家庭收支調查_前言_民國110年,,行政院主計總處,每年,08_家庭收支調查/家庭收支調查_前言_民國110年.odt,https://ws.dgbas.gov.tw/001/Upload/463/relfile/11530/230826/Preface.odt,200,24645,3f87c84f93cea5d2a56707597a73f4e93f8da2273d3e8497b759479edaca4880,2026-08-18T06:25:26+00:00
08_家庭收支調查,家庭收支調查_綜合分析_民國110年,,行政院主計總處,每年,08_家庭收支調查/家庭收支調查_綜合分析_民國110年.odt,https://ws.dgbas.gov.tw/001/Upload/463/relfile/11530/230826/Analysis.odt,200,332151,a48d19e0b4d8977ddca161b74b26860b4988342dd0a8696bb30dee09f4f534da,2026-08-18T06:25:28+00:00
08_家庭收支調查,家庭收支調查_附錄_名詞解釋_民國110年,,行政院主計總處,每年,08_家庭收支調查/家庭收支調查_附錄_名詞解釋_民國110年.odt,https://ws.dgbas.gov.tw/001/Upload/463/relfile/11530/230826/Definec.odt,200,65583,78d17fce48c3c897c7c4ab869f010a6b411fa374c276dd7d381227bd364fa874,2026-08-18T06:25:29+00:00
08_家庭收支調查,家庭收支調查_附錄_調查方法_民國110年,,行政院主計總處,每年,08_家庭收支調查/家庭收支調查_附錄_調查方法_民國110年.odt,https://ws.dgbas.gov.tw/001/Upload/463/relfile/11530/230826/Methodc.odt,200,52256,bf1c023c0490543ee27a28ffeba20a980fcdeb5ee193861daa1ff4e9f6926c94,2026-08-18T06:25:30+00:00
08_家庭收支調查,家庭收支調查_附錄_未刊印之結果表_民國110年,,行政院主計總處,每年,08_家庭收支調查/家庭收支調查_附錄_未刊印之結果表_民國110年.odt,https://ws.dgbas.gov.tw/001/Upload/463/relfile/11530/230826/Appendce.odt,200,18527,8a127ef468a7e71b10bc1e829f0efb51a22b5f27173fdfa4c980271e1060892a,2026-08-18T06:25:31+00:00
08_家庭收支調查,家庭收支調查_附錄_調查表格式_民國110年,,行政院主計總處,每年,08_家庭收支調查/家庭收支調查_附錄_調查表格式_民國110年.odt,https://ws.dgbas.gov.tw/001/Upload/463/relfile/11530/230826/Questc.odt,200,108617,51ae022827baeb7e384785aefe4053210a302c958c93fd0f5cfea74455ee5f6f,2026-08-18T06:25:33+00:00
08_家庭收支調查,家庭收支調查_附錄_高所得者所得占比_民國110年,,行政院主計總處,每年,08_家庭收支調查/家庭收支調查_附錄_高所得者所得占比_民國110年.odt,https://ws.dgbas.gov.tw/001/Upload/463/relfile/11530/230826/appendix5.odt,200,132036,c878db2aea043662a2f74ff49e7edb149ed48fff2ccbed1bfb165d18f9906be1,2026-08-18T06:25:34+00:00
08_家庭收支調查,家庭收支調查_附錄_我國綜合所得稅申報統計_民國110年,,行政院主計總處,每年,08_家庭收支調查/家庭收支調查_附錄_我國綜合所得稅申報統計_民國110年.odt,https://ws.dgbas.gov.tw/001/Upload/463/relfile/11530/230826/appendix6.odt,200,142073,a0064c1f9a006f4c11255e33ec0e5ba8fdb239c85f31ed150a3dfcc15331a487,2026-08-18T06:25:35+00:00
08_家庭收支調查,家庭收支調查_平均每戶家庭收支按戶內人數分_民國109年,,行政院主計總處,每年,08_家庭收支調查/家庭收支調查_平均每戶家庭收支按戶內人數分_民國109年.ods,https://ws.dgbas.gov.tw/001/Upload/463/relfile/11530/235896/45.ods,200,17386,ddaf1b59a1e9e70a2b4395cbb7142c761f403bf00832ad862cab0c663d003f24,2026-08-18T06:25:36+00:00
08_家庭收支調查,家庭收支調查_平均每戶家庭收支按區域別分_民國109年,,行政院主計總處,每年,08_家庭收支調查/家庭收支調查_平均每戶家庭收支按區域別分_民國109年.ods,https://ws.dgbas.gov.tw/001/Upload/463/relfile/11530/235896/49.ods,200,28983,acf4e0a9323d9adce55e3333f4db6e3b71237484c16739baa5d916bf592b8a15,2026-08-18T06:25:37+00:00
08_家庭收支調查,家庭收支調查_平均每戶家庭收支按農家非農家分_民國109年,,行政院主計總處,每年,08_家庭收支調查/家庭收支調查_平均每戶家庭收支按農家非農家分_民國109年.ods,https://ws.dgbas.gov.tw/001/Upload/463/relfile/11530/235896/61.ods,200,13950,ad160519420384e26e1c4e2bd4a0ed7eccf20df81f5eb9b29a6bb0e00e47920b,2026-08-18T06:25:38+00:00
08_家庭收支調查,家庭收支調查_平均每戶家庭收支按經濟戶長職業別分_民國109年,,行政院主計總處,每年,08_家庭收支調查/家庭收支調查_平均每戶家庭收支按經濟戶長職業別分_民國109年.ods,https://ws.dgbas.gov.tw/001/Upload/463/relfile/11530/235896/65.ods,200,20848,960908c60d65f59362c8c74624076f30bf38a3d213f2b175cb33dfc2c42b2b9b,2026-08-18T06:25:39+00:00
08_家庭收支調查,家庭收支調查_平均每戶家庭收支按家庭組織型態別分_民國109年,,行政院主計總處,每年,08_家庭收支調查/家庭收支調查_平均每戶家庭收支按家庭組織型態別分_民國109年.ods,https://ws.dgbas.gov.tw/001/Upload/463/relfile/11530/235896/73.ods,200,19473,59fec9b8fc229146d43c0baffd1bf4b25b8aafe68faca1234a752a4e04ad9275,2026-08-18T06:25:40+00:00
08_家庭收支調查,家庭收支調查_平均每戶家庭收支依可支配所得按戶數五等分位分_民國109年,,行政院主計總處,每年,08_家庭收支調查/家庭收支調查_平均每戶家庭收支依可支配所得按戶數五等分位分_民國109年.ods,https://ws.dgbas.gov.tw/001/Upload/463/relfile/11530/235896/77.ods,200,17685,15f3b3876b1b635d98348689432f4df6b0254dc167f6bca6e89ba993603093cf,2026-08-18T06:25:41+00:00
08_家庭收支調查,家庭收支調查_平均每戶可支配所得及消費支出按五等分位及戶長性別年齡教育程度分_民國109年,,行政院主計總處,每年,08_家庭收支調查/家庭收支調查_平均每戶可支配所得及消費支出按五等分位及戶長性別年齡教育程度分_民國109年.ods,https://ws.dgbas.gov.tw/001/Upload/463/relfile/11530/235896/81.ods,200,16540,dc7b7af3ef8c9e32a73f3cb0e513b99a47f93ec7fece539d009154a52a6dc4b3,2026-08-18T06:25:42+00:00
08_家庭收支調查,家庭收支調查_家庭戶數按所得總額組別及經濟戶長性別分_民國109年,,行政院主計總處,每年,08_家庭收支調查/家庭收支調查_家庭戶數按所得總額組別及經濟戶長性別分_民國109年.ods,https://ws.dgbas.gov.tw/001/Upload/463/relfile/11530/235896/87.ods,200,10547,a482b5c798114ddabc12bc622702d79237cc5cc22627bafdd4b72e6d69c629eb,2026-08-18T06:25:43+00:00
08_家庭收支調查,家庭收支調查_家庭住宅及主要設備概況按區域別分_民國109年,,行政院主計總處,每年,08_家庭收支調查/家庭收支調查_家庭住宅及主要設備概況按區域別分_民國109年.ods,https://ws.dgbas.gov.tw/001/Upload/463/relfile/11530/235896/89.ods,200,34834,f34b84ad3e576ae1ce16de634692d76b7743785ac3848ec3a9ed3ff869ab8b66,2026-08-18T06:25:44+00:00
08_家庭收支調查,家庭收支調查_家庭住宅及主要設備概況按農家非農家分_民國109年,,行政院主計總處,每年,08_家庭收支調查/家庭收支調查_家庭住宅及主要設備概況按農家非農家分_民國109年.ods,https://ws.dgbas.gov.tw/001/Upload/463/relfile/11530/235896/101.ods,200,16874,08c1e89da274df9b740ebfbd18c4b1c006a9fec9aafb09694c0062e362df1a69,2026-08-18T06:25:45+00:00
08_家庭收支調查,家庭收支調查_家庭住宅及主要設備概況依可支配所得按戶數五等分位分_民國109年,,行政院主計總處,每年,08_家庭收支調查/家庭收支調查_家庭住宅及主要設備概況依可支配所得按戶數五等分位分_民國109年.ods,https://ws.dgbas.gov.tw/001/Upload/463/relfile/11530/235896/105.ods,200,17619,9d39b13c2bf1e3f340bf879673ce23745ba97bb5e50cab562ff9327c4ec7c67d,2026-08-18T06:25:46+00:00
08_家庭收支調查,家庭收支調查_所得收入者平均每人所得來源按區域別分_民國109年,,行政院主計總處,每年,08_家庭收支調查/家庭收支調查_所得收入者平均每人所得來源按區域別分_民國109年.ods,https://ws.dgbas.gov.tw/001/Upload/463/relfile/11530/235896/111.ods,200,17821,458382d1acb73eea71eff5a47bb58ec4237c1d5d107c0fce19436d2510c6a4d2,2026-08-18T06:25:47+00:00
08_家庭收支調查,家庭收支調查_所得收入者平均每人所得來源按農家非農家分_民國109年,,行政院主計總處,每年,08_家庭收支調查/家庭收支調查_所得收入者平均每人所得來源按農家非農家分_民國109年.ods,https://ws.dgbas.gov.tw/001/Upload/463/relfile/11530/235896/117.ods,200,10470,80e73458443a873fb495d28e3e13d53137b58341ab3e9848561243d06e985e7c,2026-08-18T06:25:47+00:00
08_家庭收支調查,家庭收支調查_所得收入者平均每人所得來源按職業別分_民國109年,,行政院主計總處,每年,08_家庭收支調查/家庭收支調查_所得收入者平均每人所得來源按職業別分_民國109年.ods,https://ws.dgbas.gov.tw/001/Upload/463/relfile/11530/235896/119.ods,200,14003,6a0076a0612636c5b8c676999e5bbe75641c0d6a22d0d02cae52e158fadb88e4,2026-08-18T06:25:48+00:00
08_家庭收支調查,家庭收支調查_所得收入者平均每人所得來源依可支配所得按五等分位分_民國109年,,行政院主計總處,每年,08_家庭收支調查/家庭收支調查_所得收入者平均每人所得來源依可支配所得按五等分位分_民國109年.ods,https://ws.dgbas.gov.tw/001/Upload/463/relfile/11530/235896/123.ods,200,11894,7b8e54f1c2db6e5b955ca286b3aece0a1ec1cda0cd6492a3e89e833c3f5ac612,2026-08-18T06:25:49+00:00
08_家庭收支調查,家庭收支調查_所得收入者平均每人可支配所得按五等分位及性別年齡教育程度分_民國109年,,行政院主計總處,每年,08_家庭收支調查/家庭收支調查_所得收入者平均每人可支配所得按五等分位及性別年齡教育程度分_民國109年.ods,https://ws.dgbas.gov.tw/001/Upload/463/relfile/11530/235896/125.ods,200,15858,7e43c7f51c3197f434b8806d596062b7cb846ae5a89549cc62bc0cecedf44d70,2026-08-18T06:25:50+00:00
08_家庭收支調查,家庭收支調查_所得收入者人數按性別及可支配所得組別分_民國109年,,行政院主計總處,每年,08_家庭收支調查/家庭收支調查_所得收入者人數按性別及可支配所得組別分_民國109年.ods,https://ws.dgbas.gov.tw/001/Upload/463/relfile/11530/235896/129.ods,200,11533,2ddcb4bd4086fa95c31654dc9752e35d3150864bffc04ad01f91717be7520583,2026-08-18T06:25:51+00:00
08_家庭收支調查,家庭收支調查_前言_民國109年,,行政院主計總處,每年,08_家庭收支調查/家庭收支調查_前言_民國109年.odt,https://ws.dgbas.gov.tw/001/Upload/463/relfile/11530/235896/Preface.odt,200,24613,09860e2040095f1f2cd4ba89164c4d3ebc0e1dc8eee8e2a90cbbcb5a8900b6cf,2026-08-18T06:25:52+00:00
08_家庭收支調查,家庭收支調查_綜合分析_民國109年,,行政院主計總處,每年,08_家庭收支調查/家庭收支調查_綜合分析_民國109年.odt,https://ws.dgbas.gov.tw/001/Upload/463/relfile/11530/235896/Analysis.odt,200,329627,7b32780a4ea63a0e7b1223c8d27202912e8177675cdc42a7d22c10fe6cd4fd79,2026-08-18T06:25:53+00:00
08_家庭收支調查,家庭收支調查_附錄_名詞解釋_民國109年,,行政院主計總處,每年,08_家庭收支調查/家庭收支調查_附錄_名詞解釋_民國109年.odt,https://ws.dgbas.gov.tw/001/Upload/463/relfile/11530/235896/Definec.odt,200,115082,e8c85f28ad6263d8d6834af2e24f402aba2a9b2a675ea29cbdc621a691214061,2026-08-18T06:25:55+00:00
08_家庭收支調查,家庭收支調查_附錄_調查方法_民國109年,,行政院主計總處,每年,08_家庭收支調查/家庭收支調查_附錄_調查方法_民國109年.odt,https://ws.dgbas.gov.tw/001/Upload/463/relfile/11530/235896/Methodc.odt,200,68557,138632d6fc9548e98f3f38fef5a1612cf0d35f0ba3ff49cc919cae94eb0e40aa,2026-08-18T06:25:56+00:00
08_家庭收支調查,家庭收支調查_附錄_未刊印之結果表_民國109年,,行政院主計總處,每年,08_家庭收支調查/家庭收支調查_附錄_未刊印之結果表_民國109年.odt,https://ws.dgbas.gov.tw/001/Upload/463/relfile/11530/235896/Appendce.odt,200,18528,63d98df12f14803644c9feb7a3cac2eaef48fdaf307d0a3ebef7098a28fc958c,2026-08-18T06:25:57+00:00
08_家庭收支調查,家庭收支調查_附錄_調查表格式_民國109年,,行政院主計總處,每年,08_家庭收支調查/家庭收支調查_附錄_調查表格式_民國109年.odt,https://ws.dgbas.gov.tw/001/Upload/463/relfile/11530/235896/Questc.odt,200,50773,c6c633f08d46e66a081eb013763e4ac745847073ceb2c8d5ff8643c386fe7828,2026-08-18T06:25:58+00:00
08_家庭收支調查,家庭收支調查_附錄_高所得者所得占比_民國109年,,行政院主計總處,每年,08_家庭收支調查/家庭收支調查_附錄_高所得者所得占比_民國109年.odt,https://ws.dgbas.gov.tw/001/Upload/463/relfile/11530/235896/appendix5.odt,200,131546,0e854f14d62ade8b7fb8130ed9c59570dcbe284163f67c549461317dd5828704,2026-08-18T06:25:59+00:00
08_家庭收支調查,家庭收支調查_附錄_我國綜合所得稅申報統計_民國109年,,行政院主計總處,每年,08_家庭收支調查/家庭收支調查_附錄_我國綜合所得稅申報統計_民國109年.odt,https://ws.dgbas.gov.tw/001/Upload/463/relfile/11530/235896/appendix6.odt,200,137186,9840b16d493ffc2450736ca3628cecd0fd90728cfb831ed1ec35b06b9da3acde,2026-08-18T06:26:01+00:00
08_家庭收支調查,家庭收支調查_平均每戶家庭收支按戶內人數分_民國108年,,行政院主計總處,每年,08_家庭收支調查/家庭收支調查_平均每戶家庭收支按戶內人數分_民國108年.ods,https://ws.dgbas.gov.tw/win/fies/doc/result/108/a11/45.ods,200,32512,330a66626bd7d62d09ffad86fef22468dc83df406745ccc31a810570be619dd1,2026-08-18T06:26:02+00:00
08_家庭收支調查,家庭收支調查_平均每戶家庭收支按區域別分_民國108年,,行政院主計總處,每年,08_家庭收支調查/家庭收支調查_平均每戶家庭收支按區域別分_民國108年.ods,https://ws.dgbas.gov.tw/win/fies/doc/result/108/a11/49.ods,200,54310,0ef8b547cebb8162ae50fa3a9dc3e94b924c195cb817774195bdb791231967ae,2026-08-18T06:26:03+00:00
08_家庭收支調查,家庭收支調查_平均每戶家庭收支按農家非農家分_民國108年,,行政院主計總處,每年,08_家庭收支調查/家庭收支調查_平均每戶家庭收支按農家非農家分_民國108年.ods,https://ws.dgbas.gov.tw/win/fies/doc/result/108/a11/61.ods,200,26164,5ce1e3c112ff8e9ddcea349b4e5ffd041972d6b5330012f963219c132b7a4a87,2026-08-18T06:26:04+00:00
08_家庭收支調查,家庭收支調查_平均每戶家庭收支按經濟戶長職業別分_民國108年,,行政院主計總處,每年,08_家庭收支調查/家庭收支調查_平均每戶家庭收支按經濟戶長職業別分_民國108年.ods,https://ws.dgbas.gov.tw/win/fies/doc/result/108/a11/65.ods,200,36598,8f57734e6917fe0cc01261cc07730e53c903820a5e9fdf0c0af33ed36dfee33f,2026-08-18T06:26:05+00:00
08_家庭收支調查,家庭收支調查_平均每戶家庭收支按家庭組織型態別分_民國108年,,行政院主計總處,每年,08_家庭收支調查/家庭收支調查_平均每戶家庭收支按家庭組織型態別分_民國108年.ods,https://ws.dgbas.gov.tw/win/fies/doc/result/108/a11/73.ods,200,46065,75d5608383c8b42401f6f412780974adb99d14188952dda9197732b569137dc5,2026-08-18T06:26:06+00:00
08_家庭收支調查,家庭收支調查_平均每戶家庭收支依可支配所得按戶數五等分位分_民國108年,,行政院主計總處,每年,08_家庭收支調查/家庭收支調查_平均每戶家庭收支依可支配所得按戶數五等分位分_民國108年.ods,https://ws.dgbas.gov.tw/win/fies/doc/result/108/a11/77.ods,200,29076,97dca42a0b1c05beb30f226ab450a7718899cf1f79c611a55922ecb55bc3c3cb,2026-08-18T06:26:07+00:00
08_家庭收支調查,家庭收支調查_平均每戶可支配所得及消費支出按五等分位及戶長性別年齡教育程度分_民國108年,,行政院主計總處,每年,08_家庭收支調查/家庭收支調查_平均每戶可支配所得及消費支出按五等分位及戶長性別年齡教育程度分_民國108年.ods,https://ws.dgbas.gov.tw/win/fies/doc/result/108/a11/81.ods,200,32286,5da5fc8f8d8dc444071c7db0ed542682665f3bf12aecbfc140e2f3870094454b,2026-08-18T06:26:08+00:00
08_家庭收支調查,家庭收支調查_家庭戶數按所得總額組別及經濟戶長性別分_民國108年,,行政院主計總處,每年,08_家庭收支調查/家庭收支調查_家庭戶數按所得總額組別及經濟戶長性別分_民國108年.ods,https://ws.dgbas.gov.tw/win/fies/doc/result/108/a11/87.ods,200,25396,cc2d316ba8734d8681372e4d0298eb7aa2a2b6749bbd6970d1facc257e6183ef,2026-08-18T06:26:09+00:00
08_家庭收支調查,家庭收支調查_家庭住宅及主要設備概況按區域別分_民國108年,,行政院主計總處,每年,08_家庭收支調查/家庭收支調查_家庭住宅及主要設備概況按區域別分_民國108年.ods,https://ws.dgbas.gov.tw/win/fies/doc/result/108/a11/89.ods,200,62481,5b26ff9091b3032c149e707fbbe682b3649e53f5a3786fcd91ea69ccdeea157d,2026-08-18T06:26:10+00:00
08_家庭收支調查,家庭收支調查_家庭住宅及主要設備概況按農家非農家分_民國108年,,行政院主計總處,每年,08_家庭收支調查/家庭收支調查_家庭住宅及主要設備概況按農家非農家分_民國108年.ods,https://ws.dgbas.gov.tw/win/fies/doc/result/108/a11/101.ods,200,31377,c5b12e6b3eea2bb094218657671f9136506211cebe4252d0e6883b9f9b53495f,2026-08-18T06:26:11+00:00
08_家庭收支調查,家庭收支調查_家庭住宅及主要設備概況依可支配所得按戶數五等分位分_民國108年,,行政院主計總處,每年,08_家庭收支調查/家庭收支調查_家庭住宅及主要設備概況依可支配所得按戶數五等分位分_民國108年.ods,https://ws.dgbas.gov.tw/win/fies/doc/result/108/a11/105.ods,200,33005,4cef4036bc75236ef6dc0e06ab51b5c2766d54fb71a83739713181df179d0e9b,2026-08-18T06:26:12+00:00
08_家庭收支調查,家庭收支調查_所得收入者平均每人所得來源按區域別分_民國108年,,行政院主計總處,每年,08_家庭收支調查/家庭收支調查_所得收入者平均每人所得來源按區域別分_民國108年.ods,https://ws.dgbas.gov.tw/win/fies/doc/result/108/a11/111.ods,200,37127,b31cf3049695067b6bafeb21bee80109b7bc7ce90ae218f90b8fa16355834ce9,2026-08-18T06:26:13+00:00
08_家庭收支調查,家庭收支調查_所得收入者平均每人所得來源按農家非農家分_民國108年,,行政院主計總處,每年,08_家庭收支調查/家庭收支調查_所得收入者平均每人所得來源按農家非農家分_民國108年.ods,https://ws.dgbas.gov.tw/win/fies/doc/result/108/a11/117.ods,200,23173,46b1cf7349d452dcda139589c49c70c1afc521948f1578c925abca0762aa4ff4,2026-08-18T06:26:14+00:00
08_家庭收支調查,家庭收支調查_所得收入者平均每人所得來源按職業別分_民國108年,,行政院主計總處,每年,08_家庭收支調查/家庭收支調查_所得收入者平均每人所得來源按職業別分_民國108年.ods,https://ws.dgbas.gov.tw/win/fies/doc/result/108/a11/119.ods,200,26563,0d1805d78c0dd61eca40b21e4fed873be9f0c3271832df85ac18af2f6c31a590,2026-08-18T06:26:15+00:00
08_家庭收支調查,家庭收支調查_所得收入者平均每人所得來源依可支配所得按五等分位分_民國108年,,行政院主計總處,每年,08_家庭收支調查/家庭收支調查_所得收入者平均每人所得來源依可支配所得按五等分位分_民國108年.ods,https://ws.dgbas.gov.tw/win/fies/doc/result/108/a11/123.ods,200,23985,3ff8153871d377a2aad234610dd1e83ee2f7c895d949c62d406590bdf9ccc193,2026-08-18T06:26:16+00:00
08_家庭收支調查,家庭收支調查_所得收入者平均每人可支配所得按五等分位及性別年齡教育程度分_民國108年,,行政院主計總處,每年,08_家庭收支調查/家庭收支調查_所得收入者平均每人可支配所得按五等分位及性別年齡教育程度分_民國108年.ods,https://ws.dgbas.gov.tw/win/fies/doc/result/108/a11/125.ods,200,24997,d009228f44d721a531160307caabf031acedbf213c92f289ba9f5624ea07ba16,2026-08-18T06:26:17+00:00
08_家庭收支調查,家庭收支調查_所得收入者人數按性別及可支配所得組別分_民國108年,,行政院主計總處,每年,08_家庭收支調查/家庭收支調查_所得收入者人數按性別及可支配所得組別分_民國108年.ods,https://ws.dgbas.gov.tw/win/fies/doc/result/108/a11/129.ods,200,25631,cb3d09949fac4eb4feb973e959874f76f8c85b56377e9e251fc1989581cf5936,2026-08-18T06:26:18+00:00
08_家庭收支調查,家庭收支調查_前言_民國108年,,行政院主計總處,每年,08_家庭收支調查/家庭收支調查_前言_民國108年.odt,https://ws.dgbas.gov.tw/win/fies/doc/result/108/a11/Preface.odt,200,10060,daeba61e03b3faeaf3e8637749dbcb0158cf521d87bfc14ef83fe28b418d9e02,2026-08-18T06:26:19+00:00
08_家庭收支調查,家庭收支調查_綜合分析_民國108年,,行政院主計總處,每年,08_家庭收支調查/家庭收支調查_綜合分析_民國108年.odt,https://ws.dgbas.gov.tw/001/Upload/463/relfile/11530/210988/Analysis.odt,200,439373,1a1dc042b30ac73aede075de4792b419317fbe931eb8bbcf3f7321f8611cd464,2026-08-18T06:26:20+00:00
08_家庭收支調查,家庭收支調查_附錄_名詞解釋_民國108年,,行政院主計總處,每年,08_家庭收支調查/家庭收支調查_附錄_名詞解釋_民國108年.odt,https://ws.dgbas.gov.tw/win/fies/doc/result/108/a11/Definec.odt,200,55679,c0a42ec23c50b7e1d2904b5f3b3612086baad02d1c0257af4d6837c67ae235f2,2026-08-18T06:26:22+00:00
08_家庭收支調查,家庭收支調查_附錄_調查方法_民國108年,,行政院主計總處,每年,08_家庭收支調查/家庭收支調查_附錄_調查方法_民國108年.odt,https://ws.dgbas.gov.tw/win/fies/doc/result/108/a11/Methodc.odt,200,52077,3432d813dcc9fecaea196401272e725a0b5e834211e9bc68815bd5e712db5a86,2026-08-18T06:26:23+00:00
08_家庭收支調查,家庭收支調查_附錄_未刊印之結果表_民國108年,,行政院主計總處,每年,08_家庭收支調查/家庭收支調查_附錄_未刊印之結果表_民國108年.odt,https://ws.dgbas.gov.tw/win/fies/doc/result/108/a11/Appendce.odt,200,15063,58a8dfc703009ea5e573dc53590b6cfbb6b801feaf194c5a867283771d398e46,2026-08-18T06:26:24+00:00
08_家庭收支調查,家庭收支調查_附錄_調查表格式_民國108年,,行政院主計總處,每年,08_家庭收支調查/家庭收支調查_附錄_調查表格式_民國108年.odt,https://ws.dgbas.gov.tw/win/fies/doc/result/108/a11/Questc.odt,200,108023,3d6475fcfe89a2438efcc63afbdc23c56a59a55d21158c15d2cfd9a594e8fa40,2026-08-18T06:26:25+00:00
08_家庭收支調查,家庭收支調查_附錄_高所得者所得占比_民國108年,,行政院主計總處,每年,08_家庭收支調查/家庭收支調查_附錄_高所得者所得占比_民國108年.odt,https://ws.dgbas.gov.tw/win/fies/doc/result/108/a11/appendix5.odt,200,18148,826496c25e2f21f80bf4523dcdbecbe390c3bc5948154dae419d5d58db9e428d,2026-08-18T06:26:26+00:00
08_家庭收支調查,家庭收支調查_平均每戶家庭收支按戶內人數分_民國107年,,行政院主計總處,每年,08_家庭收支調查/家庭收支調查_平均每戶家庭收支按戶內人數分_民國107年.ods,https://ws.dgbas.gov.tw/001/Upload/463/relfile/11530/210987/45.ods,200,17372,661fb2bcbe6f7134c1726d145eab882e6065755d2c4595a44f9b52ba366415ca,2026-08-18T06:26:27+00:00
08_家庭收支調查,家庭收支調查_平均每戶家庭收支按區域別分_民國107年,,行政院主計總處,每年,08_家庭收支調查/家庭收支調查_平均每戶家庭收支按區域別分_民國107年.ods,https://ws.dgbas.gov.tw/001/Upload/463/relfile/11530/210987/49.ods,200,28963,54e039219403fc0ccd8ae91e9e13ec1fa9ddc1e4516a616d3537180e1d44ff52,2026-08-18T06:26:29+00:00
08_家庭收支調查,家庭收支調查_平均每戶家庭收支按農家非農家分_民國107年,,行政院主計總處,每年,08_家庭收支調查/家庭收支調查_平均每戶家庭收支按農家非農家分_民國107年.ods,https://ws.dgbas.gov.tw/001/Upload/463/relfile/11530/210987/61.ods,200,13960,070b8a667fe9f4c6d62dd87af9d565819bf6572e01730e22f47d71050b504526,2026-08-18T06:26:29+00:00
08_家庭收支調查,家庭收支調查_平均每戶家庭收支按經濟戶長職業別分_民國107年,,行政院主計總處,每年,08_家庭收支調查/家庭收支調查_平均每戶家庭收支按經濟戶長職業別分_民國107年.ods,https://ws.dgbas.gov.tw/001/Upload/463/relfile/11530/210987/65.ods,200,20917,e0bd4433a6f44ee97b5e2bd9408894950c14c7801cbc438c46b9dfe02ee4a51c,2026-08-18T06:26:31+00:00
08_家庭收支調查,家庭收支調查_平均每戶家庭收支按家庭組織型態別分_民國107年,,行政院主計總處,每年,08_家庭收支調查/家庭收支調查_平均每戶家庭收支按家庭組織型態別分_民國107年.ods,https://ws.dgbas.gov.tw/001/Upload/463/relfile/11530/210987/73.ods,200,19370,ab413288d0b4d6e9156026f50339dc06af27e3a8cceeaa455d9b1ae0694edac7,2026-08-18T06:26:31+00:00
08_家庭收支調查,家庭收支調查_平均每戶家庭收支依可支配所得按戶數五等分位分_民國107年,,行政院主計總處,每年,08_家庭收支調查/家庭收支調查_平均每戶家庭收支依可支配所得按戶數五等分位分_民國107年.ods,https://ws.dgbas.gov.tw/001/Upload/463/relfile/11530/210987/77.ods,200,17643,dbfe746f0834bf23b7dd698ce9c84ab99896cde7df342d0203ad2c7295d0ac7d,2026-08-18T06:26:32+00:00
08_家庭收支調查,家庭收支調查_平均每戶可支配所得及消費支出按五等分位及戶長性別年齡教育程度分_民國107年,,行政院主計總處,每年,08_家庭收支調查/家庭收支調查_平均每戶可支配所得及消費支出按五等分位及戶長性別年齡教育程度分_民國107年.ods,https://ws.dgbas.gov.tw/001/Upload/463/relfile/11530/210987/81.ods,200,15906,286f8577a6fcbf6f3c73b579cacea7050405a7dc208a38815ab8c2d96980b458,2026-08-18T06:26:33+00:00
08_家庭收支調查,家庭收支調查_家庭戶數按所得總額組別及經濟戶長性別分_民國107年,,行政院主計總處,每年,08_家庭收支調查/家庭收支調查_家庭戶數按所得總額組別及經濟戶長性別分_民國107年.ods,https://ws.dgbas.gov.tw/001/Upload/463/relfile/11530/210987/87.ods,200,10559,915357a25c18c81f658c6aa34b11e423ce95424b31886158491bcb8ad154d893,2026-08-18T06:26:34+00:00
08_家庭收支調查,家庭收支調查_家庭住宅及主要設備概況按區域別分_民國107年,,行政院主計總處,每年,08_家庭收支調查/家庭收支調查_家庭住宅及主要設備概況按區域別分_民國107年.ods,https://ws.dgbas.gov.tw/001/Upload/463/relfile/11530/210987/89.ods,200,34798,54c890fc550d999f3597ed3ebb0d14de385353d7844e6eb796b4ed0ea7a3fbe0,2026-08-18T06:26:35+00:00
08_家庭收支調查,家庭收支調查_家庭住宅及主要設備概況按農家非農家分_民國107年,,行政院主計總處,每年,08_家庭收支調查/家庭收支調查_家庭住宅及主要設備概況按農家非農家分_民國107年.ods,https://ws.dgbas.gov.tw/001/Upload/463/relfile/11530/210987/101.ods,200,16896,0a33bf63f17453a9a22271630137f99fb5c8cccfd0edcc41bb354006e14f1196,2026-08-18T06:26:36+00:00
08_家庭收支調查,家庭收支調查_家庭住宅及主要設備概況依可支配所得按戶數五等分位分_民國107年,,行政院主計總處,每年,08_家庭收支調查/家庭收支調查_家庭住宅及主要設備概況依可支配所得按戶數五等分位分_民國107年.ods,https://ws.dgbas.gov.tw/001/Upload/463/relfile/11530/210987/105.ods,200,17664,250e0f2b3dc9f872fb9fa1978c5445bb01f2e72c39d13f1b44bcdae9184a4a92,2026-08-18T06:26:37+00:00
08_家庭收支調查,家庭收支調查_所得收入者平均每人所得來源按區域別分_民國107年,,行政院主計總處,每年,08_家庭收支調查/家庭收支調查_所得收入者平均每人所得來源按區域別分_民國107年.ods,https://ws.dgbas.gov.tw/001/Upload/463/relfile/11530/210987/111.ods,200,17780,0e876e78b392bc746814d16dc3058e9995d41f5ecf47e8c5f27edad67068b842,2026-08-18T06:26:38+00:00
08_家庭收支調查,家庭收支調查_所得收入者平均每人所得來源按農家非農家分_民國107年,,行政院主計總處,每年,08_家庭收支調查/家庭收支調查_所得收入者平均每人所得來源按農家非農家分_民國107年.ods,https://ws.dgbas.gov.tw/001/Upload/463/relfile/11530/210987/117.ods,200,10511,30be50bace67dc4a749d4305abc90f358b43cccd26df5643a8e96951f40f6f6c,2026-08-18T06:26:39+00:00
08_家庭收支調查,家庭收支調查_所得收入者平均每人所得來源按職業別分_民國107年,,行政院主計總處,每年,08_家庭收支調查/家庭收支調查_所得收入者平均每人所得來源按職業別分_民國107年.ods,https://ws.dgbas.gov.tw/001/Upload/463/relfile/11530/210987/119.ods,200,14010,65fb6c773ee86e126d074323af5bdb3ec77842babe35fb70ad0db15abae08a87,2026-08-18T06:26:39+00:00
08_家庭收支調查,家庭收支調查_所得收入者平均每人所得來源依可支配所得按五等分位分_民國107年,,行政院主計總處,每年,08_家庭收支調查/家庭收支調查_所得收入者平均每人所得來源依可支配所得按五等分位分_民國107年.ods,https://ws.dgbas.gov.tw/001/Upload/463/relfile/11530/210987/123.ods,200,11901,75728a7bb6a2a926a7561d736f3421df3981799b86bb2ef3adb2439d16ac60d4,2026-08-18T06:26:40+00:00
08_家庭收支調查,家庭收支調查_所得收入者平均每人可支配所得按五等分位及性別年齡教育程度分_民國107年,,行政院主計總處,每年,08_家庭收支調查/家庭收支調查_所得收入者平均每人可支配所得按五等分位及性別年齡教育程度分_民國107年.ods,https://ws.dgbas.gov.tw/001/Upload/463/relfile/11530/210987/125.ods,200,15171,863d4391d5e71b299b9bb95150523fca8af144c70d9786a6fc43946de241a5cd,2026-08-18T06:26:41+00:00
08_家庭收支調查,家庭收支調查_所得收入者人數按性別及可支配所得組別分_民國107年,,行政院主計總處,每年,08_家庭收支調查/家庭收支調查_所得收入者人數按性別及可支配所得組別分_民國107年.ods,https://ws.dgbas.gov.tw/001/Upload/463/relfile/11530/210987/129.ods,200,11564,24bcf500ea57c8534f8341f4c4cdaa310ccf0852bd98d1521ef4e2c99cc74a75,2026-08-18T06:26:42+00:00
08_家庭收支調查,家庭收支調查_前言_民國107年,,行政院主計總處,每年,08_家庭收支調查/家庭收支調查_前言_民國107年.odt,https://ws.dgbas.gov.tw/win/fies/doc/result/107/a11/Preface.odt,200,24633,1587a46d9758876da6362b0bbc540ee3ad8baa3c9c2c83d6ddcaf832d1735e36,2026-08-18T06:26:43+00:00
08_家庭收支調查,家庭收支調查_綜合分析_民國107年,,行政院主計總處,每年,08_家庭收支調查/家庭收支調查_綜合分析_民國107年.odt,https://ws.dgbas.gov.tw/001/Upload/463/relfile/11530/210987/Analysis.odt,200,164278,55f83feb95ee345226af7ad69c4d1ed8820427e004cd74537dae5040e4a7cfc7,2026-08-18T06:26:44+00:00
08_家庭收支調查,家庭收支調查_附錄_名詞解釋_民國107年,,行政院主計總處,每年,08_家庭收支調查/家庭收支調查_附錄_名詞解釋_民國107年.odt,https://ws.dgbas.gov.tw/win/fies/doc/result/107/a11/Definec.odt,200,52691,519af14b4aeda409ea321bf74c85a9f2e9fd905fed1f61b6b194f6bdd3ca2da1,2026-08-18T06:26:45+00:00
08_家庭收支調查,家庭收支調查_附錄_調查方法_民國107年,,行政院主計總處,每年,08_家庭收支調查/家庭收支調查_附錄_調查方法_民國107年.odt,https://ws.dgbas.gov.tw/win/fies/doc/result/107/a11/Methodc.odt,200,60337,9e146a4ac499fe550f4e17632d2d02d14562534c1acef01d17f68855c9a80341,2026-08-18T06:26:47+00:00
08_家庭收支調查,家庭收支調查_附錄_未刊印之結果表_民國107年,,行政院主計總處,每年,08_家庭收支調查/家庭收支調查_附錄_未刊印之結果表_民國107年.odt,https://ws.dgbas.gov.tw/win/fies/doc/result/107/a11/Appendce.odt,200,18547,1eb80738ff75c9b485e99c66160620d28339037652da29b7b7e1576e2feb5400,2026-08-18T06:26:47+00:00
08_家庭收支調查,家庭收支調查_附錄_調查表格式_民國107年,,行政院主計總處,每年,08_家庭收支調查/家庭收支調查_附錄_調查表格式_民國107年.odt,https://ws.dgbas.gov.tw/win/fies/doc/result/107/a11/Questc.odt,200,105904,a5d01a73686b89d60070c6d2d40f900e847d9f818ac969ee9922b4bc83bd205e,2026-08-18T06:26:49+00:00
08_家庭收支調查,家庭收支調查_附錄_高所得者所得占比_民國107年,,行政院主計總處,每年,08_家庭收支調查/家庭收支調查_附錄_高所得者所得占比_民國107年.odt,https://ws.dgbas.gov.tw/win/fies/doc/result/107/a11/appendix5.odt,200,18156,70cccffa01a10ee65de658804f86788b8c724917a68bb4e63928b77f6847781d,2026-08-18T06:26:50+00:00
08_家庭收支調查,家庭收支調查_平均每戶家庭收支按戶內人數分_民國106年,,行政院主計總處,每年,08_家庭收支調查/家庭收支調查_平均每戶家庭收支按戶內人數分_民國106年.ods,https://ws.dgbas.gov.tw/001/Upload/463/relfile/11530/210986/45.ods,200,17498,46574de10a968e8891fcd6d2dfd58026b621909537627d959bfd71852e41a4f9,2026-08-18T06:26:51+00:00
08_家庭收支調查,家庭收支調查_平均每戶家庭收支按區域別分_民國106年,,行政院主計總處,每年,08_家庭收支調查/家庭收支調查_平均每戶家庭收支按區域別分_民國106年.ods,https://ws.dgbas.gov.tw/001/Upload/463/relfile/11530/210986/49.ods,200,28992,e58daeac7e50572eb112cfada1a0f1302bdbe8ef5045eb861b4bcf40ccac49c7,2026-08-18T06:26:52+00:00
08_家庭收支調查,家庭收支調查_平均每戶家庭收支按農家非農家分_民國106年,,行政院主計總處,每年,08_家庭收支調查/家庭收支調查_平均每戶家庭收支按農家非農家分_民國106年.ods,https://ws.dgbas.gov.tw/001/Upload/463/relfile/11530/210986/61.ods,200,12135,0630ef02a5cde6085ba79f008e5bece76e47983db6320a73c9469fea38fcd173,2026-08-18T06:26:53+00:00
08_家庭收支調查,家庭收支調查_平均每戶家庭收支按經濟戶長職業別分_民國106年,,行政院主計總處,每年,08_家庭收支調查/家庭收支調查_平均每戶家庭收支按經濟戶長職業別分_民國106年.ods,https://ws.dgbas.gov.tw/001/Upload/463/relfile/11530/210986/65.ods,200,20816,84a18ec465bae78a314e5bd4a4ceef9d8ab52eedb7e04071f6d9c60c3c49ad60,2026-08-18T06:26:54+00:00
08_家庭收支調查,家庭收支調查_平均每戶家庭收支按家庭組織型態別分_民國106年,,行政院主計總處,每年,08_家庭收支調查/家庭收支調查_平均每戶家庭收支按家庭組織型態別分_民國106年.ods,https://ws.dgbas.gov.tw/001/Upload/463/relfile/11530/210986/73.ods,200,17226,50524057df9a72abe7578abc596f3627364ca34bfbb94d8b9c747146dac67a9e,2026-08-18T06:26:54+00:00
08_家庭收支調查,家庭收支調查_平均每戶家庭收支依可支配所得按戶數五等分位分_民國106年,,行政院主計總處,每年,08_家庭收支調查/家庭收支調查_平均每戶家庭收支依可支配所得按戶數五等分位分_民國106年.ods,https://ws.dgbas.gov.tw/001/Upload/463/relfile/11530/210986/77.ods,200,15824,2b0e61c284c45e14b294f22fff0679c5a9d6a5204834b61235c28e486d934c58,2026-08-18T06:26:55+00:00
08_家庭收支調查,家庭收支調查_平均每戶可支配所得及消費支出按五等分位及戶長性別年齡教育程度分_民國106年,,行政院主計總處,每年,08_家庭收支調查/家庭收支調查_平均每戶可支配所得及消費支出按五等分位及戶長性別年齡教育程度分_民國106年.ods,https://ws.dgbas.gov.tw/001/Upload/463/relfile/11530/210986/81.ods,200,15935,baa72e4d570be230834aec682a2bab609ca0482ccb10e00b71d2abb7ee45740a,2026-08-18T06:26:56+00:00
08_家庭收支調查,家庭收支調查_家庭戶數按所得總額組別及經濟戶長性別分_民國106年,,行政院主計總處,每年,08_家庭收支調查/家庭收支調查_家庭戶數按所得總額組別及經濟戶長性別分_民國106年.ods,https://ws.dgbas.gov.tw/001/Upload/463/relfile/11530/210986/87.ods,200,8207,fa191d65c9c986ac39ce11da4523e3e0fb4444cbe5ea494680581acb76db0751,2026-08-18T06:26:57+00:00
08_家庭收支調查,家庭收支調查_家庭住宅及主要設備概況按區域別分_民國106年,,行政院主計總處,每年,08_家庭收支調查/家庭收支調查_家庭住宅及主要設備概況按區域別分_民國106年.ods,https://ws.dgbas.gov.tw/001/Upload/463/relfile/11530/210986/89.ods,200,34885,3d6b0c8cb94aec8ad6ceb382edfac490cff4497bde1e8918d407eccdee7f8c5e,2026-08-18T06:26:58+00:00
08_家庭收支調查,家庭收支調查_家庭住宅及主要設備概況按農家非農家分_民國106年,,行政院主計總處,每年,08_家庭收支調查/家庭收支調查_家庭住宅及主要設備概況按農家非農家分_民國106年.ods,https://ws.dgbas.gov.tw/001/Upload/463/relfile/11530/210986/101.ods,200,14673,403128f4089bf457b19d72f0ae0548cc2182d7ffdbab3397c999869c77c7831e,2026-08-18T06:26:59+00:00
08_家庭收支調查,家庭收支調查_家庭住宅及主要設備概況依可支配所得按戶數五等分位分_民國106年,,行政院主計總處,每年,08_家庭收支調查/家庭收支調查_家庭住宅及主要設備概況依可支配所得按戶數五等分位分_民國106年.ods,https://ws.dgbas.gov.tw/001/Upload/463/relfile/11530/210986/105.ods,200,17695,8bb47b48d3bb66cfd3bd883bcc512e390d8974208feb2acff73d5aab35186aea,2026-08-18T06:27:00+00:00
08_家庭收支調查,家庭收支調查_所得收入者平均每人所得來源按區域別分_民國106年,,行政院主計總處,每年,08_家庭收支調查/家庭收支調查_所得收入者平均每人所得來源按區域別分_民國106年.ods,https://ws.dgbas.gov.tw/001/Upload/463/relfile/11530/210986/111.ods,200,15903,79d613afac5ca32deb5861db047592b7681b331be5c418fdd7fa4fe6da93e2e2,2026-08-18T06:27:01+00:00
08_家庭收支調查,家庭收支調查_所得收入者平均每人所得來源按農家非農家分_民國106年,,行政院主計總處,每年,08_家庭收支調查/家庭收支調查_所得收入者平均每人所得來源按農家非農家分_民國106年.ods,https://ws.dgbas.gov.tw/001/Upload/463/relfile/11530/210986/117.ods,200,8437,75ba194f3f618ac35e7d8127223a3d48f6b363eb461074be9d9b40814dbf58e8,2026-08-18T06:27:01+00:00
08_家庭收支調查,家庭收支調查_所得收入者平均每人所得來源按職業別分_民國106年,,行政院主計總處,每年,08_家庭收支調查/家庭收支調查_所得收入者平均每人所得來源按職業別分_民國106年.ods,https://ws.dgbas.gov.tw/001/Upload/463/relfile/11530/210986/119.ods,200,12385,a0fe9e8d4a6b300c6b3c0c414475e923ae371edc5c1c7f2a8bfa8123c8899949,2026-08-18T06:27:02+00:00
08_家庭收支調查,家庭收支調查_所得收入者平均每人所得來源依可支配所得按五等分位分_民國106年,,行政院主計總處,每年,08_家庭收支調查/家庭收支調查_所得收入者平均每人所得來源依可支配所得按五等分位分_民國106年.ods,https://ws.dgbas.gov.tw/001/Upload/463/relfile/11530/210986/123.ods,200,9705,1afe5638294a9c8e352adab212e1ff6ef25940d902e9e84b576b44ba9fcf02a5,2026-08-18T06:27:03+00:00
08_家庭收支調查,家庭收支調查_所得收入者平均每人可支配所得按五等分位及性別年齡教育程度分_民國106年,,行政院主計總處,每年,08_家庭收支調查/家庭收支調查_所得收入者平均每人可支配所得按五等分位及性別年齡教育程度分_民國106年.ods,https://ws.dgbas.gov.tw/001/Upload/463/relfile/11530/210986/125.ods,200,13235,623c958646bec2a0e7f9108512614aecbff178786b07e609ffa09cf5fa2eba46,2026-08-18T06:27:04+00:00
08_家庭收支調查,家庭收支調查_所得收入者人數按性別及可支配所得組別分_民國106年,,行政院主計總處,每年,08_家庭收支調查/家庭收支調查_所得收入者人數按性別及可支配所得組別分_民國106年.ods,https://ws.dgbas.gov.tw/001/Upload/463/relfile/11530/210986/129.ods,200,9632,7464abd3ea8b2fa5a2a9b0c63e36a1cc50073fdecc00c4bbb8792e9d70ec4575,2026-08-18T06:27:05+00:00
08_家庭收支調查,家庭收支調查_前言_民國106年,,行政院主計總處,每年,08_家庭收支調查/家庭收支調查_前言_民國106年.odt,https://ws.dgbas.gov.tw/win/fies/doc/result/106/a11/Preface.odt,200,10117,53d1337c88e88a5d805f99059290034ac870697b085bd81394eb69806c878ab3,2026-08-18T06:27:05+00:00
08_家庭收支調查,家庭收支調查_綜合分析_民國106年,,行政院主計總處,每年,08_家庭收支調查/家庭收支調查_綜合分析_民國106年.odt,https://ws.dgbas.gov.tw/win/fies/doc/result/106/a11/Analysis.odt,200,159410,1bfc8848c1e8e714ec9455141f5577a10603c8c802103fbd774ae9b4fd8ca082,2026-08-18T06:27:07+00:00
08_家庭收支調查,家庭收支調查_附錄_名詞解釋_民國106年,,行政院主計總處,每年,08_家庭收支調查/家庭收支調查_附錄_名詞解釋_民國106年.odt,https://ws.dgbas.gov.tw/win/fies/doc/result/106/a11/Definec.odt,200,64447,d25be785ddc5321d10184600b8deb87357c22bf1491af15b0159dcdff5c04362,2026-08-18T06:27:08+00:00
08_家庭收支調查,家庭收支調查_附錄_調查方法_民國106年,,行政院主計總處,每年,08_家庭收支調查/家庭收支調查_附錄_調查方法_民國106年.odt,https://ws.dgbas.gov.tw/win/fies/doc/result/106/a11/Methodc.odt,200,51446,ab46736eab5daeb08c50b55d1cbdaf155a3cc4566f1bb6db2311a76de6f4c182,2026-08-18T06:27:09+00:00
08_家庭收支調查,家庭收支調查_附錄_未刊印之結果表_民國106年,,行政院主計總處,每年,08_家庭收支調查/家庭收支調查_附錄_未刊印之結果表_民國106年.odt,https://ws.dgbas.gov.tw/win/fies/doc/result/106/a11/Appendce.odt,200,15036,cb47623d64013e6c6cf0fd781adc6246157a416705b22463003c45f4cf8ed6bc,2026-08-18T06:27:10+00:00
08_家庭收支調查,家庭收支調查_附錄_調查表格式_民國106年,,行政院主計總處,每年,08_家庭收支調查/家庭收支調查_附錄_調查表格式_民國106年.odt,https://ws.dgbas.gov.tw/win/fies/doc/result/106/a11/Questc.odt,200,109276,bc760960b189f30b2be10993976e6fc05668eca56364457a2c8b0fcb9b094171,2026-08-18T06:27:11+00:00
08_家庭收支調查,家庭收支調查_附錄_高所得者所得占比_民國106年,,行政院主計總處,每年,08_家庭收支調查/家庭收支調查_附錄_高所得者所得占比_民國106年.odt,https://ws.dgbas.gov.tw/win/fies/doc/result/106/a11/appendix5.odt,200,18001,6113d1a809c59d9c08ee8c60458d22c32294894bbbb4cc0bd04e8f33b78f7627,2026-08-18T06:27:13+00:00
08_家庭收支調查,家庭收支調查_平均每戶家庭收支按戶內人數分_民國105年,,行政院主計總處,每年,08_家庭收支調查/家庭收支調查_平均每戶家庭收支按戶內人數分_民國105年.ods,https://ws.dgbas.gov.tw/001/Upload/463/relfile/11530/210985/45.ods,200,17420,1d3508eca5ed882337a3ccbc14e67c51da43ca9bc7f195cf46310effc1aa240a,2026-08-18T06:27:13+00:00
08_家庭收支調查,家庭收支調查_平均每戶家庭收支按區域別分_民國105年,,行政院主計總處,每年,08_家庭收支調查/家庭收支調查_平均每戶家庭收支按區域別分_民國105年.ods,https://ws.dgbas.gov.tw/001/Upload/463/relfile/11530/210985/49.ods,200,28991,46c73e107b6faa765b742023faeaf7fe975de23966e5a2b616282c47c9844f9b,2026-08-18T06:27:14+00:00
08_家庭收支調查,家庭收支調查_平均每戶家庭收支按農家非農家分_民國105年,,行政院主計總處,每年,08_家庭收支調查/家庭收支調查_平均每戶家庭收支按農家非農家分_民國105年.ods,https://ws.dgbas.gov.tw/001/Upload/463/relfile/11530/210985/61.ods,200,12175,bf0233c09bd50ca7ecc4cd5c431bdb269297d6c6f6053710218b256c2349f91c,2026-08-18T06:27:15+00:00
08_家庭收支調查,家庭收支調查_平均每戶家庭收支按經濟戶長職業別分_民國105年,,行政院主計總處,每年,08_家庭收支調查/家庭收支調查_平均每戶家庭收支按經濟戶長職業別分_民國105年.ods,https://ws.dgbas.gov.tw/001/Upload/463/relfile/11530/210985/65.ods,200,20818,6a57d96f55819190a957861808cc0e6af49522a606aac07b1ec2c066081114ce,2026-08-18T06:27:16+00:00
08_家庭收支調查,家庭收支調查_平均每戶家庭收支按家庭組織型態別分_民國105年,,行政院主計總處,每年,08_家庭收支調查/家庭收支調查_平均每戶家庭收支按家庭組織型態別分_民國105年.ods,https://ws.dgbas.gov.tw/001/Upload/463/relfile/11530/210985/73.ods,200,17232,9ff9f76e85a863ab0652933b55d659a5b1c9b01f8a663981a10ccedf2a6ab9cd,2026-08-18T06:27:17+00:00
08_家庭收支調查,家庭收支調查_平均每戶家庭收支依可支配所得按戶數五等分位分_民國105年,,行政院主計總處,每年,08_家庭收支調查/家庭收支調查_平均每戶家庭收支依可支配所得按戶數五等分位分_民國105年.ods,https://ws.dgbas.gov.tw/001/Upload/463/relfile/11530/210985/77.ods,200,15746,51d6613467c35dd6cfb763079e5c7be0889df3fd7db21c957585ee9c8e17eb6d,2026-08-18T06:27:18+00:00
08_家庭收支調查,家庭收支調查_平均每戶可支配所得及消費支出按五等分位及戶長性別年齡教育程度分_民國105年,,行政院主計總處,每年,08_家庭收支調查/家庭收支調查_平均每戶可支配所得及消費支出按五等分位及戶長性別年齡教育程度分_民國105年.ods,https://ws.dgbas.gov.tw/001/Upload/463/relfile/11530/210985/81.ods,200,15932,fd45e8a8e059436a2d0afe846075d73f73ade34af33635853e6b84bceef1434e,2026-08-18T06:27:19+00:00
08_家庭收支調查,家庭收支調查_家庭戶數按所得總額組別及經濟戶長性別分_民國105年,,行政院主計總處,每年,08_家庭收支調查/家庭收支調查_家庭戶數按所得總額組別及經濟戶長性別分_民國105年.ods,https://ws.dgbas.gov.tw/001/Upload/463/relfile/11530/210985/87.ods,200,8225,c8d8e207316c336a8e2237aa0de9ce04d8fb4a8521f3b100d1e58132b162a960,2026-08-18T06:27:20+00:00
08_家庭收支調查,家庭收支調查_家庭住宅及主要設備概況按區域別分_民國105年,,行政院主計總處,每年,08_家庭收支調查/家庭收支調查_家庭住宅及主要設備概況按區域別分_民國105年.ods,https://ws.dgbas.gov.tw/001/Upload/463/relfile/11530/210985/89.ods,200,34923,5e6e3f5c6a1bdc79a390671ccd8f92bf1ce327c44526e21c946966edb50f2cee,2026-08-18T06:27:21+00:00
08_家庭收支調查,家庭收支調查_家庭住宅及主要設備概況按農家非農家分_民國105年,,行政院主計總處,每年,08_家庭收支調查/家庭收支調查_家庭住宅及主要設備概況按農家非農家分_民國105年.ods,https://ws.dgbas.gov.tw/001/Upload/463/relfile/11530/210985/101.ods,200,14700,168edb32a2238a3041d432360051b9d9fccc21fb36918d1e6a2e2b91edf812fe,2026-08-18T06:27:22+00:00
08_家庭收支調查,家庭收支調查_家庭住宅及主要設備概況依可支配所得按戶數五等分位分_民國105年,,行政院主計總處,每年,08_家庭收支調查/家庭收支調查_家庭住宅及主要設備概況依可支配所得按戶數五等分位分_民國105年.ods,https://ws.dgbas.gov.tw/001/Upload/463/relfile/11530/210985/105.ods,200,17682,a67e0948b842c16137a5fd8a4f38fcf79e574d6e782750741609900df2411579,2026-08-18T06:27:23+00:00
08_家庭收支調查,家庭收支調查_所得收入者平均每人所得來源按區域別分_民國105年,,行政院主計總處,每年,08_家庭收支調查/家庭收支調查_所得收入者平均每人所得來源按區域別分_民國105年.ods,https://ws.dgbas.gov.tw/001/Upload/463/relfile/11530/210985/111.ods,200,15867,486839d4359d5aec64550956c1fa8c69c15efad257521cf44d5e88017869ede9,2026-08-18T06:27:24+00:00
08_家庭收支調查,家庭收支調查_所得收入者平均每人所得來源按農家非農家分_民國105年,,行政院主計總處,每年,08_家庭收支調查/家庭收支調查_所得收入者平均每人所得來源按農家非農家分_民國105年.ods,https://ws.dgbas.gov.tw/001/Upload/463/relfile/11530/210985/117.ods,200,8404,5920b6de7659fcb245689dea9dd9ce7f3411b9108b63d286e0edd4b0228b245d,2026-08-18T06:27:24+00:00
08_家庭收支調查,家庭收支調查_所得收入者平均每人所得來源按職業別分_民國105年,,行政院主計總處,每年,08_家庭收支調查/家庭收支調查_所得收入者平均每人所得來源按職業別分_民國105年.ods,https://ws.dgbas.gov.tw/001/Upload/463/relfile/11530/210985/119.ods,200,12325,c5017ce922649df32a1c14b9443c2cdd01c3aa0100ba7bcf063cb8ff344679a2,2026-08-18T06:27:25+00:00
08_家庭收支調查,家庭收支調查_所得收入者平均每人所得來源依可支配所得按五等分位分_民國105年,,行政院主計總處,每年,08_家庭收支調查/家庭收支調查_所得收入者平均每人所得來源依可支配所得按五等分位分_民國105年.ods,https://ws.dgbas.gov.tw/001/Upload/463/relfile/11530/210985/123.ods,200,9708,58fec909b4034a8a7bbf36675efae244983d42638205bc0cbae616abade4e2d5,2026-08-18T06:27:26+00:00
08_家庭收支調查,家庭收支調查_所得收入者平均每人可支配所得按五等分位及性別年齡教育程度分_民國105年,,行政院主計總處,每年,08_家庭收支調查/家庭收支調查_所得收入者平均每人可支配所得按五等分位及性別年齡教育程度分_民國105年.ods,https://ws.dgbas.gov.tw/001/Upload/463/relfile/11530/210985/125.ods,200,13214,d09a31fe5b7d679798336cdc9264167730ef3ada21f95f814b7a3e463c85724e,2026-08-18T06:27:27+00:00
08_家庭收支調查,家庭收支調查_所得收入者人數按性別及可支配所得組別分_民國105年,,行政院主計總處,每年,08_家庭收支調查/家庭收支調查_所得收入者人數按性別及可支配所得組別分_民國105年.ods,https://ws.dgbas.gov.tw/001/Upload/463/relfile/11530/210985/129.ods,200,9593,d5217c77ae92a8a8b431fe2b4b4255b9c51e7cd34c46def563dd6001d1585a72,2026-08-18T06:27:27+00:00
08_家庭收支調查,家庭收支調查_前言_民國105年,,行政院主計總處,每年,08_家庭收支調查/家庭收支調查_前言_民國105年.odt,https://ws.dgbas.gov.tw/win/fies/doc/result/105/a11/Preface.odt,200,22462,749e30df73c0a2e4ef4a62d495b36d92a693236ecb5de67fb26141c197927422,2026-08-18T06:27:28+00:00
08_家庭收支調查,家庭收支調查_綜合分析_民國105年,,行政院主計總處,每年,08_家庭收支調查/家庭收支調查_綜合分析_民國105年.odt,https://ws.dgbas.gov.tw/win/fies/doc/result/105/a11/Analysis.odt,200,155523,6e2addd790aa16e3e056bafe58d0b4cc260eee6062a6e418a1dc82fa72ec39c0,2026-08-18T06:27:30+00:00
08_家庭收支調查,家庭收支調查_附錄_名詞解釋_民國105年,,行政院主計總處,每年,08_家庭收支調查/家庭收支調查_附錄_名詞解釋_民國105年.odt,https://ws.dgbas.gov.tw/win/fies/doc/result/105/a11/Definec.odt,200,49025,2284beb8ec340823968e2df859915ada2d507d2cdc201f6c95e2acdc304ac663,2026-08-18T06:27:31+00:00
08_家庭收支調查,家庭收支調查_附錄_調查方法_民國105年,,行政院主計總處,每年,08_家庭收支調查/家庭收支調查_附錄_調查方法_民國105年.odt,https://ws.dgbas.gov.tw/win/fies/doc/result/105/a11/Methodc.odt,200,51431,697e49f57d94b9d1053e729b0dffe97913d33171faf27cd7c99d511a28e6b174,2026-08-18T06:27:32+00:00
08_家庭收支調查,家庭收支調查_附錄_未刊印之結果表_民國105年,,行政院主計總處,每年,08_家庭收支調查/家庭收支調查_附錄_未刊印之結果表_民國105年.odt,https://ws.dgbas.gov.tw/win/fies/doc/result/105/a11/Appendce.odt,200,15037,49b9bc41f90556475573017f5fbda1565a7972dba82f2e8b2cfc9297e849e177,2026-08-18T06:27:33+00:00
08_家庭收支調查,家庭收支調查_附錄_調查表格式_民國105年,,行政院主計總處,每年,08_家庭收支調查/家庭收支調查_附錄_調查表格式_民國105年.odt,https://ws.dgbas.gov.tw/win/fies/doc/result/105/a11/Questc.odt,200,47133,dd18b82ece3a5b87680910b99ed0660090652b9fea18e9b3ed5ce7fd54b7f83a,2026-08-18T06:27:34+00:00
08_家庭收支調查,家庭收支調查_附錄_高所得者所得占比_民國105年,,行政院主計總處,每年,08_家庭收支調查/家庭收支調查_附錄_高所得者所得占比_民國105年.odt,https://ws.dgbas.gov.tw/win/fies/doc/result/105/a11/appendix5.odt,200,18107,c64f7c9a49c3768888f450f1d71605f740ee22cb770b0cad85c383682952061f,2026-08-18T06:27:35+00:00
08_家庭收支調查,家庭收支調查_平均每戶家庭收支按戶內人數分_民國104年,,行政院主計總處,每年,08_家庭收支調查/家庭收支調查_平均每戶家庭收支按戶內人數分_民國104年.ods,https://ws.dgbas.gov.tw/001/Upload/463/relfile/11530/210984/45.ods,200,17425,b8f6293a95c38dbd3149957010f898249d15a6d38b38f6ec35c83007d2981244,2026-08-18T06:27:36+00:00
08_家庭收支調查,家庭收支調查_平均每戶家庭收支按區域別分_民國104年,,行政院主計總處,每年,08_家庭收支調查/家庭收支調查_平均每戶家庭收支按區域別分_民國104年.ods,https://ws.dgbas.gov.tw/001/Upload/463/relfile/11530/210984/49.ods,200,28944,24b453dbd4f96a4dc0b9d7b2d4ae598952cd055e1bd77b78f170ce1fcdc02b80,2026-08-18T06:27:37+00:00
08_家庭收支調查,家庭收支調查_平均每戶家庭收支按農家非農家分_民國104年,,行政院主計總處,每年,08_家庭收支調查/家庭收支調查_平均每戶家庭收支按農家非農家分_民國104年.ods,https://ws.dgbas.gov.tw/001/Upload/463/relfile/11530/210984/61.ods,200,12119,111ba0d2967b0760cdc8fdb54fad1501bb4d483b6dd794a6b7a34d0d245379d5,2026-08-18T06:27:38+00:00
08_家庭收支調查,家庭收支調查_平均每戶家庭收支按經濟戶長職業別分_民國104年,,行政院主計總處,每年,08_家庭收支調查/家庭收支調查_平均每戶家庭收支按經濟戶長職業別分_民國104年.ods,https://ws.dgbas.gov.tw/001/Upload/463/relfile/11530/210984/65.ods,200,20904,5f285f03dc63f944c41553f6177af66ea5ec9eed1c73ac62f7bc8444460dee63,2026-08-18T06:27:39+00:00
08_家庭收支調查,家庭收支調查_平均每戶家庭收支按家庭組織型態別分_民國104年,,行政院主計總處,每年,08_家庭收支調查/家庭收支調查_平均每戶家庭收支按家庭組織型態別分_民國104年.ods,https://ws.dgbas.gov.tw/001/Upload/463/relfile/11530/210984/73.ods,200,17236,f7c96046b20905b15eb68cd8ee8c54f34642da8a6852348d27195811f26a41fa,2026-08-18T06:27:40+00:00
08_家庭收支調查,家庭收支調查_平均每戶家庭收支依可支配所得按戶數五等分位分_民國104年,,行政院主計總處,每年,08_家庭收支調查/家庭收支調查_平均每戶家庭收支依可支配所得按戶數五等分位分_民國104年.ods,https://ws.dgbas.gov.tw/001/Upload/463/relfile/11530/210984/77.ods,200,15805,6af30a05b7190f33539cf8d4c2806dd55d86c2a146577efa82cd0fab09957503,2026-08-18T06:27:41+00:00
08_家庭收支調查,家庭收支調查_平均每戶可支配所得及消費支出按五等分位及戶長性別年齡教育程度分_民國104年,,行政院主計總處,每年,08_家庭收支調查/家庭收支調查_平均每戶可支配所得及消費支出按五等分位及戶長性別年齡教育程度分_民國104年.ods,https://ws.dgbas.gov.tw/001/Upload/463/relfile/11530/210984/81.ods,200,15965,afdc1cc5b0ea7e46006c8ee7fa23a26d25e208d48cd90b066a94c1435e940ccb,2026-08-18T06:27:42+00:00
08_家庭收支調查,家庭收支調查_家庭戶數按所得總額組別及經濟戶長性別分_民國104年,,行政院主計總處,每年,08_家庭收支調查/家庭收支調查_家庭戶數按所得總額組別及經濟戶長性別分_民國104年.ods,https://ws.dgbas.gov.tw/001/Upload/463/relfile/11530/210984/87.ods,200,8245,a4c24bc82046f51d69022feb5edc328947df3d982f9f4156372f96429ca6b422,2026-08-18T06:27:43+00:00
08_家庭收支調查,家庭收支調查_家庭住宅及主要設備概況按區域別分_民國104年,,行政院主計總處,每年,08_家庭收支調查/家庭收支調查_家庭住宅及主要設備概況按區域別分_民國104年.ods,https://ws.dgbas.gov.tw/001/Upload/463/relfile/11530/210984/89.ods,200,34864,fe98450e75c67547eda6ca0b87e5630d72216ba01b892e9ba7751ad3dadcb04b,2026-08-18T06:27:44+00:00
08_家庭收支調查,家庭收支調查_家庭住宅及主要設備概況按農家非農家分_民國104年,,行政院主計總處,每年,08_家庭收支調查/家庭收支調查_家庭住宅及主要設備概況按農家非農家分_民國104年.ods,https://ws.dgbas.gov.tw/001/Upload/463/relfile/11530/210984/101.ods,200,14673,559c81d7933cf5cf2124bfd21d480087ba1fc512c6e0967141c202360968350c,2026-08-18T06:27:44+00:00
08_家庭收支調查,家庭收支調查_家庭住宅及主要設備概況依可支配所得按戶數五等分位分_民國104年,,行政院主計總處,每年,08_家庭收支調查/家庭收支調查_家庭住宅及主要設備概況依可支配所得按戶數五等分位分_民國104年.ods,https://ws.dgbas.gov.tw/001/Upload/463/relfile/11530/210984/105.ods,200,17706,ea276ea4028ef0066874e3c301a4cbe7b58d0f66d7acb85308f9dfadfc06107b,2026-08-18T06:27:45+00:00
08_家庭收支調查,家庭收支調查_所得收入者平均每人所得來源按區域別分_民國104年,,行政院主計總處,每年,08_家庭收支調查/家庭收支調查_所得收入者平均每人所得來源按區域別分_民國104年.ods,https://ws.dgbas.gov.tw/001/Upload/463/relfile/11530/210984/111.ods,200,15941,0686d869bd8de417c104de9910792b96dc21be152a07588a88bf376a67b8e46b,2026-08-18T06:27:46+00:00
08_家庭收支調查,家庭收支調查_所得收入者平均每人所得來源按農家非農家分_民國104年,,行政院主計總處,每年,08_家庭收支調查/家庭收支調查_所得收入者平均每人所得來源按農家非農家分_民國104年.ods,https://ws.dgbas.gov.tw/001/Upload/463/relfile/11530/210984/117.ods,200,8471,0a710e1b594e4b581ca23ebe97efd4636352890c7a6bc23256e1724ddf3d64ad,2026-08-18T06:27:47+00:00
08_家庭收支調查,家庭收支調查_所得收入者平均每人所得來源按職業別分_民國104年,,行政院主計總處,每年,08_家庭收支調查/家庭收支調查_所得收入者平均每人所得來源按職業別分_民國104年.ods,https://ws.dgbas.gov.tw/001/Upload/463/relfile/11530/210984/119.ods,200,12320,bcfbbc9bb90f622b9998df1ccf89de8cd59cd2ef2d734aa29ff77c71a575b443,2026-08-18T06:27:48+00:00
08_家庭收支調查,家庭收支調查_所得收入者平均每人所得來源依可支配所得按五等分位分_民國104年,,行政院主計總處,每年,08_家庭收支調查/家庭收支調查_所得收入者平均每人所得來源依可支配所得按五等分位分_民國104年.ods,https://ws.dgbas.gov.tw/001/Upload/463/relfile/11530/210984/123.ods,200,9695,4155a5812c66f9a8dc0b8b792f10382962ba6af1c3ce47849ecffd9fb3453db1,2026-08-18T06:27:49+00:00
08_家庭收支調查,家庭收支調查_所得收入者平均每人可支配所得按五等分位及性別年齡教育程度分_民國104年,,行政院主計總處,每年,08_家庭收支調查/家庭收支調查_所得收入者平均每人可支配所得按五等分位及性別年齡教育程度分_民國104年.ods,https://ws.dgbas.gov.tw/001/Upload/463/relfile/11530/210984/125.ods,200,13175,a5aadb0be01cb4132c9d82574140f114d84f405123352d227eaee60a9ac8eebd,2026-08-18T06:27:49+00:00
08_家庭收支調查,家庭收支調查_所得收入者人數按性別及可支配所得組別分_民國104年,,行政院主計總處,每年,08_家庭收支調查/家庭收支調查_所得收入者人數按性別及可支配所得組別分_民國104年.ods,https://ws.dgbas.gov.tw/001/Upload/463/relfile/11530/210984/129.ods,200,9569,071f5a29708e2ed843dec8c7a85187815ad833437780a448d85c97567a87d647,2026-08-18T06:27:50+00:00
08_家庭收支調查,家庭收支調查_前言_民國104年,,行政院主計總處,每年,08_家庭收支調查/家庭收支調查_前言_民國104年.odt,https://ws.dgbas.gov.tw/win/fies/doc/result/104/a11/Preface.odt,200,22449,35a9bf402a52469d923c7839c0afd44ab96966c299590400f59723e12bfc7ee2,2026-08-18T06:27:51+00:00
08_家庭收支調查,家庭收支調查_綜合分析_民國104年,,行政院主計總處,每年,08_家庭收支調查/家庭收支調查_綜合分析_民國104年.odt,https://ws.dgbas.gov.tw/win/fies/doc/result/104/a11/Analysis.odt,200,222793,8388fa554757bcaec142a84a501158232f9a4affb90cf15f65717b211118c162,2026-08-18T06:27:53+00:00
08_家庭收支調查,家庭收支調查_附錄_名詞解釋_民國104年,,行政院主計總處,每年,08_家庭收支調查/家庭收支調查_附錄_名詞解釋_民國104年.odt,https://ws.dgbas.gov.tw/win/fies/doc/result/104/a11/Definec.odt,200,70269,92120e6572958876d3e9760e024280e8e4a32ea6fab68394ac050c471636fbd6,2026-08-18T06:27:54+00:00
08_家庭收支調查,家庭收支調查_附錄_調查方法_民國104年,,行政院主計總處,每年,08_家庭收支調查/家庭收支調查_附錄_調查方法_民國104年.odt,https://ws.dgbas.gov.tw/win/fies/doc/result/104/a11/Methodc.odt,200,55584,4bab5c762ece0df4ee5f51f49e837b93457b452f2ada86773d4978992f01adff,2026-08-18T06:27:55+00:00
08_家庭收支調查,家庭收支調查_附錄_未刊印之結果表_民國104年,,行政院主計總處,每年,08_家庭收支調查/家庭收支調查_附錄_未刊印之結果表_民國104年.odt,https://ws.dgbas.gov.tw/win/fies/doc/result/104/a11/Appendce.odt,200,17262,3397566586d4dfe891a0edb7f54ec539ce7bcc518f503af7a2f6b6a8d1f23b2a,2026-08-18T06:27:56+00:00
08_家庭收支調查,家庭收支調查_附錄_調查表格式_民國104年,,行政院主計總處,每年,08_家庭收支調查/家庭收支調查_附錄_調查表格式_民國104年.odt,https://ws.dgbas.gov.tw/win/fies/doc/result/104/a11/Questc.odt,200,47078,0a11cfbcec759a03eef0d9b700b982c3e2cf5cdba144b9a0892a3049c72bf61f,2026-08-18T06:27:57+00:00
08_家庭收支調查,家庭收支調查_附錄_高所得者所得占比_民國104年,,行政院主計總處,每年,08_家庭收支調查/家庭收支調查_附錄_高所得者所得占比_民國104年.odt,https://ws.dgbas.gov.tw/win/fies/doc/result/104/a11/appendix5.odt,200,33897,343364c51fff8fc3f9a1fa306fc75e691722d82bd18c334644044a36d81bf48c,2026-08-18T06:27:58+00:00
08_家庭收支調查,家庭收支調查_平均每戶家庭收支按戶內人數分_民國103年,,行政院主計總處,每年,08_家庭收支調查/家庭收支調查_平均每戶家庭收支按戶內人數分_民國103年.ods,https://ws.dgbas.gov.tw/001/Upload/463/relfile/11530/210983/45.ods,200,17393,114b3306b5f1fa71f06ccf1390ac9247c8f5f89c8c4b58e48be5bdf770c69ff9,2026-08-18T06:27:59+00:00
08_家庭收支調查,家庭收支調查_平均每戶家庭收支按區域別分_民國103年,,行政院主計總處,每年,08_家庭收支調查/家庭收支調查_平均每戶家庭收支按區域別分_民國103年.ods,https://ws.dgbas.gov.tw/001/Upload/463/relfile/11530/210983/49.ods,200,29008,2aed4b6f7b53d5b0a68f2d544999a816b9ac77d6c268133718794d7666e17423,2026-08-18T06:28:00+00:00
08_家庭收支調查,家庭收支調查_平均每戶家庭收支按農家非農家分_民國103年,,行政院主計總處,每年,08_家庭收支調查/家庭收支調查_平均每戶家庭收支按農家非農家分_民國103年.ods,https://ws.dgbas.gov.tw/001/Upload/463/relfile/11530/210983/61.ods,200,12140,012fda3bb2d40e2eadf9de66062b5089f8bf4720ee257bbc1ecfb67e192b9a62,2026-08-18T06:28:01+00:00
08_家庭收支調查,家庭收支調查_平均每戶家庭收支按經濟戶長職業別分_民國103年,,行政院主計總處,每年,08_家庭收支調查/家庭收支調查_平均每戶家庭收支按經濟戶長職業別分_民國103年.ods,https://ws.dgbas.gov.tw/001/Upload/463/relfile/11530/210983/65.ods,200,20796,c86c08e450ab51a3cec1e2d75136bfeef84d3d82a062246e3a70ce6d33fb00a0,2026-08-18T06:28:02+00:00
08_家庭收支調查,家庭收支調查_平均每戶家庭收支按家庭組織型態別分_民國103年,,行政院主計總處,每年,08_家庭收支調查/家庭收支調查_平均每戶家庭收支按家庭組織型態別分_民國103年.ods,https://ws.dgbas.gov.tw/001/Upload/463/relfile/11530/210983/73.ods,200,17277,184b568367724c09b9b90b2bb14fd97f8c149f4661afa35eb72d5d19319cb0ec,2026-08-18T06:28:03+00:00
08_家庭收支調查,家庭收支調查_平均每戶家庭收支依可支配所得按戶數五等分位分_民國103年,,行政院主計總處,每年,08_家庭收支調查/家庭收支調查_平均每戶家庭收支依可支配所得按戶數五等分位分_民國103年.ods,https://ws.dgbas.gov.tw/001/Upload/463/relfile/11530/210983/77.ods,200,15912,80d6bb1241d4913a9b8b65db0610e81030b38ab71dfff913c1ebc7732ad74380,2026-08-18T06:28:04+00:00
08_家庭收支調查,家庭收支調查_平均每戶可支配所得及消費支出按五等分位及戶長性別年齡教育程度分_民國103年,,行政院主計總處,每年,08_家庭收支調查/家庭收支調查_平均每戶可支配所得及消費支出按五等分位及戶長性別年齡教育程度分_民國103年.ods,https://ws.dgbas.gov.tw/001/Upload/463/relfile/11530/210983/81.ods,200,15887,14954d3e74a51de625199bb9c0e2c1146520a0e38a6018bba517ad41a3b67e14,2026-08-18T06:28:05+00:00
08_家庭收支調查,家庭收支調查_家庭戶數按所得總額組別及經濟戶長性別分_民國103年,,行政院主計總處,每年,08_家庭收支調查/家庭收支調查_家庭戶數按所得總額組別及經濟戶長性別分_民國103年.ods,https://ws.dgbas.gov.tw/001/Upload/463/relfile/11530/210983/87.ods,200,8221,dd0bab321f0ec04b7e3d4d9f1091c701c8ee61f4f8d2a765509c7053fc70cde8,2026-08-18T06:28:05+00:00
08_家庭收支調查,家庭收支調查_家庭住宅及主要設備概況按區域別分_民國103年,,行政院主計總處,每年,08_家庭收支調查/家庭收支調查_家庭住宅及主要設備概況按區域別分_民國103年.ods,https://ws.dgbas.gov.tw/001/Upload/463/relfile/11530/210983/89.ods,200,34953,cbf66b63fd6183701f8824f48cde065cfd37da7f5ca43fcf9a0d0aec459bd352,2026-08-18T06:28:06+00:00
08_家庭收支調查,家庭收支調查_家庭住宅及主要設備概況按農家非農家分_民國103年,,行政院主計總處,每年,08_家庭收支調查/家庭收支調查_家庭住宅及主要設備概況按農家非農家分_民國103年.ods,https://ws.dgbas.gov.tw/001/Upload/463/relfile/11530/210983/101.ods,200,14698,cffb6576e173e9d2d92c59ee6de151d61062a8d60c49529a19db9f6939440ca1,2026-08-18T06:28:07+00:00
08_家庭收支調查,家庭收支調查_家庭住宅及主要設備概況依可支配所得按戶數五等分位分_民國103年,,行政院主計總處,每年,08_家庭收支調查/家庭收支調查_家庭住宅及主要設備概況依可支配所得按戶數五等分位分_民國103年.ods,https://ws.dgbas.gov.tw/001/Upload/463/relfile/11530/210983/105.ods,200,17733,7513311ea784b75496657392ef52052bedb62c0a7f82119af0d17564bf1759c5,2026-08-18T06:28:08+00:00
08_家庭收支調查,家庭收支調查_所得收入者平均每人所得來源按區域別分_民國103年,,行政院主計總處,每年,08_家庭收支調查/家庭收支調查_所得收入者平均每人所得來源按區域別分_民國103年.ods,https://ws.dgbas.gov.tw/001/Upload/463/relfile/11530/210983/111.ods,200,15918,e39d39f0a29ee80f3845ed21535e1a932dec395e17b0c010f9d174ca7b942d10,2026-08-18T06:28:09+00:00
08_家庭收支調查,家庭收支調查_所得收入者平均每人所得來源按農家非農家分_民國103年,,行政院主計總處,每年,08_家庭收支調查/家庭收支調查_所得收入者平均每人所得來源按農家非農家分_民國103年.ods,https://ws.dgbas.gov.tw/001/Upload/463/relfile/11530/210983/117.ods,200,8444,53db5adda98578dbe183181479e226e7be02501aedff3b747b30de68029082c2,2026-08-18T06:28:10+00:00
08_家庭收支調查,家庭收支調查_所得收入者平均每人所得來源按職業別分_民國103年,,行政院主計總處,每年,08_家庭收支調查/家庭收支調查_所得收入者平均每人所得來源按職業別分_民國103年.ods,https://ws.dgbas.gov.tw/001/Upload/463/relfile/11530/210983/119.ods,200,12347,4ac54d3b77c248317597a6a3e8c0782b2670c00b1e6985a74cd1d07a0327ad8e,2026-08-18T06:28:11+00:00
08_家庭收支調查,家庭收支調查_所得收入者平均每人所得來源依可支配所得按五等分位分_民國103年,,行政院主計總處,每年,08_家庭收支調查/家庭收支調查_所得收入者平均每人所得來源依可支配所得按五等分位分_民國103年.ods,https://ws.dgbas.gov.tw/001/Upload/463/relfile/11530/210983/123.ods,200,9756,d92fb39ca2f9689ec9313f224174f596dd3afac8d2d1798bc51c90629a9d492d,2026-08-18T06:28:12+00:00
08_家庭收支調查,家庭收支調查_所得收入者平均每人可支配所得按五等分位及性別年齡教育程度分_民國103年,,行政院主計總處,每年,08_家庭收支調查/家庭收支調查_所得收入者平均每人可支配所得按五等分位及性別年齡教育程度分_民國103年.ods,https://ws.dgbas.gov.tw/001/Upload/463/relfile/11530/210983/125.ods,200,13167,f43d1d7f8dd349a3de14beb597b155a1c2270fefca4b0c882ede0ee5ee04b974,2026-08-18T06:28:13+00:00
08_家庭收支調查,家庭收支調查_所得收入者人數按性別及可支配所得組別分_民國103年,,行政院主計總處,每年,08_家庭收支調查/家庭收支調查_所得收入者人數按性別及可支配所得組別分_民國103年.ods,https://ws.dgbas.gov.tw/001/Upload/463/relfile/11530/210983/129.ods,200,9583,164753e5da38f1ce1dee415590a5ff029f41c55a3c2b16aaae5752e10c1a29cf,2026-08-18T06:28:13+00:00
08_家庭收支調查,家庭收支調查_前言_民國103年,,行政院主計總處,每年,08_家庭收支調查/家庭收支調查_前言_民國103年.odt,https://ws.dgbas.gov.tw/win/fies/doc/result/103/a11/Preface.odt,200,22421,ce09068ff7f716fa13ee011b30d8785f25e607bb900e53be955132f1815ea257,2026-08-18T06:28:14+00:00
08_家庭收支調查,家庭收支調查_綜合分析_民國103年,,行政院主計總處,每年,08_家庭收支調查/家庭收支調查_綜合分析_民國103年.odt,https://ws.dgbas.gov.tw/win/fies/doc/result/103/a11/Analysis.odt,200,100991,67513e0fd9fa3d77e1053cec5be436876bc0b66e1bea84104f3b1adbac8cb820,2026-08-18T06:28:16+00:00
08_家庭收支調查,家庭收支調查_附錄_名詞解釋_民國103年,,行政院主計總處,每年,08_家庭收支調查/家庭收支調查_附錄_名詞解釋_民國103年.odt,https://ws.dgbas.gov.tw/win/fies/doc/result/103/a11/Definec.odt,200,57529,1ee077835a28666259c94e16a01b01546c826ae4afaf2b9b74142a2829bd6e16,2026-08-18T06:28:17+00:00
08_家庭收支調查,家庭收支調查_附錄_調查方法_民國103年,,行政院主計總處,每年,08_家庭收支調查/家庭收支調查_附錄_調查方法_民國103年.odt,https://ws.dgbas.gov.tw/win/fies/doc/result/103/a11/Methodc.odt,200,57767,02209eb33e2dc5834f0a2ec0be683b0f9cb85261b4c0dde2d1f4fe8a80d37cfc,2026-08-18T06:28:18+00:00
08_家庭收支調查,家庭收支調查_附錄_未刊印之結果表_民國103年,,行政院主計總處,每年,08_家庭收支調查/家庭收支調查_附錄_未刊印之結果表_民國103年.odt,https://ws.dgbas.gov.tw/win/fies/doc/result/103/a11/Appendce.odt,200,17271,0531c3d8bcb944777b2f6b82232f549f4ffdb76d0e0dc9aff1f95a6fead79f3e,2026-08-18T06:28:19+00:00
08_家庭收支調查,家庭收支調查_附錄_調查表格式_民國103年,,行政院主計總處,每年,08_家庭收支調查/家庭收支調查_附錄_調查表格式_民國103年.odt,https://ws.dgbas.gov.tw/win/fies/doc/result/103/a11/Questc.odt,200,47165,82efcb9ee284daf40b16c25e7f1121dc8419f7c6687a4a6d2f9cb784e1dcb8f1,2026-08-18T06:28:20+00:00
08_家庭收支調查,家庭收支調查_平均每戶家庭收支按戶內人數分_民國102年,,行政院主計總處,每年,08_家庭收支調查/家庭收支調查_平均每戶家庭收支按戶內人數分_民國102年.ods,https://ws.dgbas.gov.tw/001/Upload/463/relfile/11530/210982/45.ods,200,17377,15d95121dedc94acca51a9c76a24fb7773b21e1e3c846a8f524b94a2d3f4e303,2026-08-18T06:28:21+00:00
08_家庭收支調查,家庭收支調查_平均每戶家庭收支按區域別分_民國102年,,行政院主計總處,每年,08_家庭收支調查/家庭收支調查_平均每戶家庭收支按區域別分_民國102年.ods,https://ws.dgbas.gov.tw/001/Upload/463/relfile/11530/210982/49.ods,200,29020,ffb935fc08d45032949adbf8ae03701dca6ab23ea76cf37c2dcbfbdf890c7ba1,2026-08-18T06:28:22+00:00
08_家庭收支調查,家庭收支調查_平均每戶家庭收支按農家非農家分_民國102年,,行政院主計總處,每年,08_家庭收支調查/家庭收支調查_平均每戶家庭收支按農家非農家分_民國102年.ods,https://ws.dgbas.gov.tw/001/Upload/463/relfile/11530/210982/61.ods,200,13922,d5f168c05aab1af5f6272a9dfcadc16b53927e43f9b65be0db067d1d2fff7bcd,2026-08-18T06:28:23+00:00
08_家庭收支調查,家庭收支調查_平均每戶家庭收支按經濟戶長職業別分_民國102年,,行政院主計總處,每年,08_家庭收支調查/家庭收支調查_平均每戶家庭收支按經濟戶長職業別分_民國102年.ods,https://ws.dgbas.gov.tw/001/Upload/463/relfile/11530/210982/65.ods,200,20826,880d80db3b3ba1d7170ac36f50d29432c1b13bcdfd0d92d603f860706426d874,2026-08-18T06:28:24+00:00
08_家庭收支調查,家庭收支調查_平均每戶家庭收支按家庭組織型態別分_民國102年,,行政院主計總處,每年,08_家庭收支調查/家庭收支調查_平均每戶家庭收支按家庭組織型態別分_民國102年.ods,https://ws.dgbas.gov.tw/001/Upload/463/relfile/11530/210982/73.ods,200,19451,c196bf6f239a356f70ec2cde1df8258cc95f3e945c969a756d40c5f5ca576312,2026-08-18T06:28:25+00:00
08_家庭收支調查,家庭收支調查_平均每戶家庭收支依可支配所得按戶數五等分位分_民國102年,,行政院主計總處,每年,08_家庭收支調查/家庭收支調查_平均每戶家庭收支依可支配所得按戶數五等分位分_民國102年.ods,https://ws.dgbas.gov.tw/001/Upload/463/relfile/11530/210982/77.ods,200,17641,b595374d6a4c6fc6939dfc492c3d54e9241e23f56300625b2d29778e9a080782,2026-08-18T06:28:25+00:00
08_家庭收支調查,家庭收支調查_平均每戶可支配所得及消費支出按五等分位及戶長性別年齡教育程度分_民國102年,,行政院主計總處,每年,08_家庭收支調查/家庭收支調查_平均每戶可支配所得及消費支出按五等分位及戶長性別年齡教育程度分_民國102年.ods,https://ws.dgbas.gov.tw/001/Upload/463/relfile/11530/210982/81.ods,200,15936,2aa009fb77b2fa28abafef8750180189539cdfa7ed7b6a3bb51c879b0fd372ca,2026-08-18T06:28:26+00:00
08_家庭收支調查,家庭收支調查_家庭戶數按所得總額組別及經濟戶長性別分_民國102年,,行政院主計總處,每年,08_家庭收支調查/家庭收支調查_家庭戶數按所得總額組別及經濟戶長性別分_民國102年.ods,https://ws.dgbas.gov.tw/001/Upload/463/relfile/11530/210982/87.ods,200,10543,ebe77c76dbb3bed3c2656951623e0d9850f9eadbb1972a9ea94357e5089e8d79,2026-08-18T06:28:27+00:00
08_家庭收支調查,家庭收支調查_家庭住宅及主要設備概況按區域別分_民國102年,,行政院主計總處,每年,08_家庭收支調查/家庭收支調查_家庭住宅及主要設備概況按區域別分_民國102年.ods,https://ws.dgbas.gov.tw/001/Upload/463/relfile/11530/210982/89.ods,200,34797,69c2bbafae94e48f8456ad5f4065cf0fa7efe8b6fed23f5788a27758a4ac4688,2026-08-18T06:28:28+00:00
08_家庭收支調查,家庭收支調查_家庭住宅及主要設備概況按農家非農家分_民國102年,,行政院主計總處,每年,08_家庭收支調查/家庭收支調查_家庭住宅及主要設備概況按農家非農家分_民國102年.ods,https://ws.dgbas.gov.tw/001/Upload/463/relfile/11530/210982/101.ods,200,16827,850a8baeb269b2c8c1f6398b750b29af75313880ba7e7a480960be21b8cbd19e,2026-08-18T06:28:29+00:00
08_家庭收支調查,家庭收支調查_家庭住宅及主要設備概況依可支配所得按戶數五等分位分_民國102年,,行政院主計總處,每年,08_家庭收支調查/家庭收支調查_家庭住宅及主要設備概況依可支配所得按戶數五等分位分_民國102年.ods,https://ws.dgbas.gov.tw/001/Upload/463/relfile/11530/210982/105.ods,200,17731,4d6c58d27ad84864e8ffcce0a48b040f0154989c58d923a5bb75ef80d72f4624,2026-08-18T06:28:30+00:00
08_家庭收支調查,家庭收支調查_所得收入者平均每人所得來源按區域別分_民國102年,,行政院主計總處,每年,08_家庭收支調查/家庭收支調查_所得收入者平均每人所得來源按區域別分_民國102年.ods,https://ws.dgbas.gov.tw/001/Upload/463/relfile/11530/210982/111.ods,200,17756,ea9a7a99bc52a44d919cc08d127e677b41e105a4f8f38f840b98f1d088dc4f44,2026-08-18T06:28:31+00:00
08_家庭收支調查,家庭收支調查_所得收入者平均每人所得來源按農家非農家分_民國102年,,行政院主計總處,每年,08_家庭收支調查/家庭收支調查_所得收入者平均每人所得來源按農家非農家分_民國102年.ods,https://ws.dgbas.gov.tw/001/Upload/463/relfile/11530/210982/117.ods,200,10473,816aa1553a9785515db6b06fcf5b664b1a9c658615101bd5b9f11c869bbcdab9,2026-08-18T06:28:32+00:00
08_家庭收支調查,家庭收支調查_所得收入者平均每人所得來源按職業別分_民國102年,,行政院主計總處,每年,08_家庭收支調查/家庭收支調查_所得收入者平均每人所得來源按職業別分_民國102年.ods,https://ws.dgbas.gov.tw/001/Upload/463/relfile/11530/210982/119.ods,200,13953,961538d7625c102d3ae3fed2be0091b51e8022d743287e53e1486976b22c2744,2026-08-18T06:28:33+00:00
08_家庭收支調查,家庭收支調查_所得收入者平均每人所得來源依可支配所得按五等分位分_民國102年,,行政院主計總處,每年,08_家庭收支調查/家庭收支調查_所得收入者平均每人所得來源依可支配所得按五等分位分_民國102年.ods,https://ws.dgbas.gov.tw/001/Upload/463/relfile/11530/210982/123.ods,200,11917,83c6cce8a74342325a829474b17cd97c43729cd865b7986930bb607a38b00765,2026-08-18T06:28:34+00:00
08_家庭收支調查,家庭收支調查_所得收入者平均每人可支配所得按五等分位及性別年齡教育程度分_民國102年,,行政院主計總處,每年,08_家庭收支調查/家庭收支調查_所得收入者平均每人可支配所得按五等分位及性別年齡教育程度分_民國102年.ods,https://ws.dgbas.gov.tw/001/Upload/463/relfile/11530/210982/125.ods,200,15114,d2bd9bbc51b78fb18786d7fbd4c4295b2ae3055e6fa79ca9add8eba882044e67,2026-08-18T06:28:35+00:00
08_家庭收支調查,家庭收支調查_所得收入者人數按性別及可支配所得組別分_民國102年,,行政院主計總處,每年,08_家庭收支調查/家庭收支調查_所得收入者人數按性別及可支配所得組別分_民國102年.ods,https://ws.dgbas.gov.tw/001/Upload/463/relfile/11530/210982/129.ods,200,11515,9039ca69a28532382aadc98e5ceb6fed139358e4cc8a7fb3fb58bb9f2626424f,2026-08-18T06:28:35+00:00
08_家庭收支調查,家庭收支調查_前言_民國102年,,行政院主計總處,每年,08_家庭收支調查/家庭收支調查_前言_民國102年.odt,https://ws.dgbas.gov.tw/win/fies/doc/result/102/a11/Preface.odt,200,22393,c25c3d43f78d9c075a6cd8394e5ca3bbd4e0ad6845dcc6b717d2f01e2c9c1521,2026-08-18T06:28:36+00:00
08_家庭收支調查,家庭收支調查_綜合分析_民國102年,,行政院主計總處,每年,08_家庭收支調查/家庭收支調查_綜合分析_民國102年.odt,https://ws.dgbas.gov.tw/win/fies/doc/result/102/a11/Analysis.odt,200,101495,3f7dc64d85d5964fbde87ca3d94663cfa6ad177cf6c64fccd166128363be9679,2026-08-18T06:28:37+00:00
08_家庭收支調查,家庭收支調查_附錄_名詞解釋_民國102年,,行政院主計總處,每年,08_家庭收支調查/家庭收支調查_附錄_名詞解釋_民國102年.odt,https://ws.dgbas.gov.tw/win/fies/doc/result/102/a11/Definec.odt,200,50145,0b26b6e61e04aec619b87018fc461c44b57cdf89c177dc4329706582d92b8378,2026-08-18T06:28:39+00:00
08_家庭收支調查,家庭收支調查_附錄_調查方法_民國102年,,行政院主計總處,每年,08_家庭收支調查/家庭收支調查_附錄_調查方法_民國102年.odt,https://ws.dgbas.gov.tw/win/fies/doc/result/102/a11/Methodc.odt,200,57707,3ebea530ad5c30bff974d7169a88d45e0f85e3f52ec049bdb3c24657c781a402,2026-08-18T06:28:40+00:00
08_家庭收支調查,家庭收支調查_附錄_未刊印之結果表_民國102年,,行政院主計總處,每年,08_家庭收支調查/家庭收支調查_附錄_未刊印之結果表_民國102年.odt,https://ws.dgbas.gov.tw/win/fies/doc/result/102/a11/Appendce.odt,200,17117,7b5b5f242b48ab99ea2e5fdd7202d9c7ef88378c49f8784c1644d033ea7493ac,2026-08-18T06:28:41+00:00
08_家庭收支調查,家庭收支調查_附錄_調查表格式_民國102年,,行政院主計總處,每年,08_家庭收支調查/家庭收支調查_附錄_調查表格式_民國102年.odt,https://ws.dgbas.gov.tw/win/fies/doc/result/102/a11/Questc.odt,200,47948,53b1a3160a38cf61ca74cc7d404f5692d5b381b52e569fa1f0c93fd1d1267c6f,2026-08-18T06:28:42+00:00
08_家庭收支調查,家庭收支調查_平均每戶家庭收支按戶內人數分_民國101年,,行政院主計總處,每年,08_家庭收支調查/家庭收支調查_平均每戶家庭收支按戶內人數分_民國101年.ods,https://ws.dgbas.gov.tw/001/Upload/463/relfile/11530/210981/45.ods,200,17446,70166c8eadccf1b54b4f3092f9f62c0307c938f256b2b8bf1c0e0a90e07a36f8,2026-08-18T06:28:43+00:00
08_家庭收支調查,家庭收支調查_平均每戶家庭收支按區域別分_民國101年,,行政院主計總處,每年,08_家庭收支調查/家庭收支調查_平均每戶家庭收支按區域別分_民國101年.ods,https://ws.dgbas.gov.tw/001/Upload/463/relfile/11530/210981/49.ods,200,29079,4b1c99a3773abeabd0722617c6029c7e400dc69f7abca0b240548a311cfb7e91,2026-08-18T06:28:44+00:00
08_家庭收支調查,家庭收支調查_平均每戶家庭收支按農家非農家分_民國101年,,行政院主計總處,每年,08_家庭收支調查/家庭收支調查_平均每戶家庭收支按農家非農家分_民國101年.ods,https://ws.dgbas.gov.tw/001/Upload/463/relfile/11530/210981/61.ods,200,12141,7f466dab196a92a81609b75594450ac51ac18c8358a7526b678d790c286c1a84,2026-08-18T06:28:45+00:00
08_家庭收支調查,家庭收支調查_平均每戶家庭收支按經濟戶長職業別分_民國101年,,行政院主計總處,每年,08_家庭收支調查/家庭收支調查_平均每戶家庭收支按經濟戶長職業別分_民國101年.ods,https://ws.dgbas.gov.tw/001/Upload/463/relfile/11530/210981/65.ods,200,20734,910ba1bf46d0154743716edd052d76dae3f5c2f13e24666b319c02461fd72c19,2026-08-18T06:28:46+00:00
08_家庭收支調查,家庭收支調查_平均每戶家庭收支按家庭組織型態別分_民國101年,,行政院主計總處,每年,08_家庭收支調查/家庭收支調查_平均每戶家庭收支按家庭組織型態別分_民國101年.ods,https://ws.dgbas.gov.tw/001/Upload/463/relfile/11530/210981/73.ods,200,17202,feb2ae691305715e2b8bd634fff50d9ef1a348443538cede5f167636e0e5ec87,2026-08-18T06:28:47+00:00
08_家庭收支調查,家庭收支調查_平均每戶家庭收支依可支配所得按戶數五等分位分_民國101年,,行政院主計總處,每年,08_家庭收支調查/家庭收支調查_平均每戶家庭收支依可支配所得按戶數五等分位分_民國101年.ods,https://ws.dgbas.gov.tw/001/Upload/463/relfile/11530/210981/77.ods,200,15800,857452b011e7b6a8035b0dbe717b28e1c8cdb0a004fc16fd66303dd2f0abef94,2026-08-18T06:28:48+00:00
08_家庭收支調查,家庭收支調查_平均每戶可支配所得及消費支出按五等分位及戶長性別年齡教育程度分_民國101年,,行政院主計總處,每年,08_家庭收支調查/家庭收支調查_平均每戶可支配所得及消費支出按五等分位及戶長性別年齡教育程度分_民國101年.ods,https://ws.dgbas.gov.tw/001/Upload/463/relfile/11530/210981/81.ods,200,15942,a9ff52d2401630bf5163f96067cc988bf95d2104f99be991d819a135c37baf22,2026-08-18T06:28:49+00:00
08_家庭收支調查,家庭收支調查_家庭戶數按所得總額組別及經濟戶長性別分_民國101年,,行政院主計總處,每年,08_家庭收支調查/家庭收支調查_家庭戶數按所得總額組別及經濟戶長性別分_民國101年.ods,https://ws.dgbas.gov.tw/001/Upload/463/relfile/11530/210981/87.ods,200,8230,5c3f20d00c7c275c1edceb052c5cd14e927d440028fe8171d35a6f6479bacbaf,2026-08-18T06:28:49+00:00
08_家庭收支調查,家庭收支調查_家庭住宅及主要設備概況按區域別分_民國101年,,行政院主計總處,每年,08_家庭收支調查/家庭收支調查_家庭住宅及主要設備概況按區域別分_民國101年.ods,https://ws.dgbas.gov.tw/001/Upload/463/relfile/11530/210981/89.ods,200,34702,abf26ffe2612cfb255ee6fb7021db325268b5836c7ca00de9dc9b16e90a86b18,2026-08-18T06:28:50+00:00
08_家庭收支調查,家庭收支調查_家庭住宅及主要設備概況按農家非農家分_民國101年,,行政院主計總處,每年,08_家庭收支調查/家庭收支調查_家庭住宅及主要設備概況按農家非農家分_民國101年.ods,https://ws.dgbas.gov.tw/001/Upload/463/relfile/11530/210981/101.ods,200,14701,f1eab839e2819ca62a2434515eb1d9452fef58d0f78971fb292bb0c030ee7eb4,2026-08-18T06:28:51+00:00
08_家庭收支調查,家庭收支調查_家庭住宅及主要設備概況依可支配所得按戶數五等分位分_民國101年,,行政院主計總處,每年,08_家庭收支調查/家庭收支調查_家庭住宅及主要設備概況依可支配所得按戶數五等分位分_民國101年.ods,https://ws.dgbas.gov.tw/001/Upload/463/relfile/11530/210981/105.ods,200,17719,fac864955bdd9abba57d2f4e67564b7c85beb8b3e2355c6d56c84c502821bf01,2026-08-18T06:28:52+00:00
08_家庭收支調查,家庭收支調查_所得收入者平均每人所得來源按區域別分_民國101年,,行政院主計總處,每年,08_家庭收支調查/家庭收支調查_所得收入者平均每人所得來源按區域別分_民國101年.ods,https://ws.dgbas.gov.tw/001/Upload/463/relfile/11530/210981/111.ods,200,15904,c0ca684a455f7cc174d9f1d5a4ddc4c115f19d2a9f2e46d77a47ba71b31cf244,2026-08-18T06:28:53+00:00
08_家庭收支調查,家庭收支調查_所得收入者平均每人所得來源按農家非農家分_民國101年,,行政院主計總處,每年,08_家庭收支調查/家庭收支調查_所得收入者平均每人所得來源按農家非農家分_民國101年.ods,https://ws.dgbas.gov.tw/001/Upload/463/relfile/11530/210981/117.ods,200,8430,1aad728f6261bae5e37233cc69d1403f24c04503118f22cba5e1031e50aab52e,2026-08-18T06:28:54+00:00
08_家庭收支調查,家庭收支調查_所得收入者平均每人所得來源按職業別分_民國101年,,行政院主計總處,每年,08_家庭收支調查/家庭收支調查_所得收入者平均每人所得來源按職業別分_民國101年.ods,https://ws.dgbas.gov.tw/001/Upload/463/relfile/11530/210981/119.ods,200,12321,46db125619510906e0e0c1603b10ca7052ec1a28ba54592e5f58c764ec08ae2d,2026-08-18T06:28:55+00:00
08_家庭收支調查,家庭收支調查_所得收入者平均每人所得來源依可支配所得按五等分位分_民國101年,,行政院主計總處,每年,08_家庭收支調查/家庭收支調查_所得收入者平均每人所得來源依可支配所得按五等分位分_民國101年.ods,https://ws.dgbas.gov.tw/001/Upload/463/relfile/11530/210981/123.ods,200,9740,1a220788c389bd9938dca3c040f7eaa5aee0c17d60b5816ee8abcc0a7bf944c0,2026-08-18T06:28:55+00:00
08_家庭收支調查,家庭收支調查_所得收入者平均每人可支配所得按五等分位及性別年齡教育程度分_民國101年,,行政院主計總處,每年,08_家庭收支調查/家庭收支調查_所得收入者平均每人可支配所得按五等分位及性別年齡教育程度分_民國101年.ods,https://ws.dgbas.gov.tw/001/Upload/463/relfile/11530/210981/125.ods,200,13234,fdc91ed3e065c01d522c1850f2d17be33acdd9cd0e7c22739f460ce16fdcfef5,2026-08-18T06:28:56+00:00
08_家庭收支調查,家庭收支調查_所得收入者人數按性別及可支配所得組別分_民國101年,,行政院主計總處,每年,08_家庭收支調查/家庭收支調查_所得收入者人數按性別及可支配所得組別分_民國101年.ods,https://ws.dgbas.gov.tw/001/Upload/463/relfile/11530/210981/129.ods,200,9588,4aa4a0439f38915e86335b7001c4aadd5a3711869550b76b691216b228746c2e,2026-08-18T06:28:57+00:00
08_家庭收支調查,家庭收支調查_前言_民國101年,,行政院主計總處,每年,08_家庭收支調查/家庭收支調查_前言_民國101年.odt,https://ws.dgbas.gov.tw/win/fies/doc/result/101/a11/Preface.odt,200,22361,9b9fca7202e692a7e90d57b71d974e6f4a0eb5a13b0c746ac28ad5a6c1206eea,2026-08-18T06:28:58+00:00
08_家庭收支調查,家庭收支調查_綜合分析_民國101年,,行政院主計總處,每年,08_家庭收支調查/家庭收支調查_綜合分析_民國101年.odt,https://ws.dgbas.gov.tw/win/fies/doc/result/101/a11/Analysis.odt,200,100903,5c81c2db51788eb72c7f59c8b3333666bf993ac764f20551997163c550a5c263,2026-08-18T06:28:59+00:00
08_家庭收支調查,家庭收支調查_附錄_名詞解釋_民國101年,,行政院主計總處,每年,08_家庭收支調查/家庭收支調查_附錄_名詞解釋_民國101年.odt,https://ws.dgbas.gov.tw/win/fies/doc/result/101/a11/Definec.odt,200,50456,e1bc3fce746089aa87aa133beef2caac237f2c07018f5a378e9894e23b903a37,2026-08-18T06:29:00+00:00
08_家庭收支調查,家庭收支調查_附錄_調查方法_民國101年,,行政院主計總處,每年,08_家庭收支調查/家庭收支調查_附錄_調查方法_民國101年.odt,https://ws.dgbas.gov.tw/win/fies/doc/result/101/a11/Methodc.odt,200,57557,7955307c99e57d267a0e75bf960d28384218c1e8b74e22aa3440356595c2f170,2026-08-18T06:29:01+00:00
08_家庭收支調查,家庭收支調查_附錄_未刊印之結果表_民國101年,,行政院主計總處,每年,08_家庭收支調查/家庭收支調查_附錄_未刊印之結果表_民國101年.odt,https://ws.dgbas.gov.tw/win/fies/doc/result/101/a11/Appendce.odt,200,17117,fdf65866b0afd8c8c71e65125cf4a03e8002fa5749f328875274a117662acfc8,2026-08-18T06:29:02+00:00
08_家庭收支調查,家庭收支調查_附錄_調查表格式_民國101年,,行政院主計總處,每年,08_家庭收支調查/家庭收支調查_附錄_調查表格式_民國101年.odt,https://ws.dgbas.gov.tw/win/fies/doc/result/101/a11/Questc.odt,200,47671,9003f82eba13a13a85a5e8b6ef12429ed423cf2e7517c9bff2e2061d00b6bc87,2026-08-18T06:29:03+00:00
08_家庭收支調查,家庭收支調查_平均每戶家庭收支按戶內人數分_民國100年,,行政院主計總處,每年,08_家庭收支調查/家庭收支調查_平均每戶家庭收支按戶內人數分_民國100年.ods,https://ws.dgbas.gov.tw/001/Upload/463/relfile/11530/210980/45.ods,200,17354,d9e799fb9988b74154838f108a4ced6ca7c84d0133975e008b845cd81cc06112,2026-08-18T06:29:04+00:00
08_家庭收支調查,家庭收支調查_平均每戶家庭收支按區域別分_民國100年,,行政院主計總處,每年,08_家庭收支調查/家庭收支調查_平均每戶家庭收支按區域別分_民國100年.ods,https://ws.dgbas.gov.tw/001/Upload/463/relfile/11530/210980/49.ods,200,29054,c93e1a63f2ea40f5cc5bc702f7c71a4c38dde41f7484a51505f0e6efd7aade08,2026-08-18T06:29:05+00:00
08_家庭收支調查,家庭收支調查_平均每戶家庭收支按農家非農家分_民國100年,,行政院主計總處,每年,08_家庭收支調查/家庭收支調查_平均每戶家庭收支按農家非農家分_民國100年.ods,https://ws.dgbas.gov.tw/001/Upload/463/relfile/11530/210980/61.ods,200,12149,764aa7725bd14933ca1b94630dce1356b1a358e1b66b4a88e79af64c190273b4,2026-08-18T06:29:06+00:00
08_家庭收支調查,家庭收支調查_平均每戶家庭收支按經濟戶長職業別分_民國100年,,行政院主計總處,每年,08_家庭收支調查/家庭收支調查_平均每戶家庭收支按經濟戶長職業別分_民國100年.ods,https://ws.dgbas.gov.tw/001/Upload/463/relfile/11530/210980/65.ods,200,20792,d6ef4b1d4b133183315d52bff9a59e1d9c61b4b48c30403cac4f5142590b8cc3,2026-08-18T06:29:07+00:00
08_家庭收支調查,家庭收支調查_平均每戶家庭收支按家庭組織型態別分_民國100年,,行政院主計總處,每年,08_家庭收支調查/家庭收支調查_平均每戶家庭收支按家庭組織型態別分_民國100年.ods,https://ws.dgbas.gov.tw/001/Upload/463/relfile/11530/210980/73.ods,200,17171,ecda651c796914913ae8db803788f560ca584001902d48802488baec57cd095b,2026-08-18T06:29:08+00:00
08_家庭收支調查,家庭收支調查_平均每戶家庭收支依可支配所得按戶數五等分位分_民國100年,,行政院主計總處,每年,08_家庭收支調查/家庭收支調查_平均每戶家庭收支依可支配所得按戶數五等分位分_民國100年.ods,https://ws.dgbas.gov.tw/001/Upload/463/relfile/11530/210980/77.ods,200,15792,c4a545c427a05b6a671a0b450b2dbd9f484dabb50d0b0423a5f33b0607d47557,2026-08-18T06:29:09+00:00
08_家庭收支調查,家庭收支調查_平均每戶可支配所得及消費支出按五等分位及戶長性別年齡教育程度分_民國100年,,行政院主計總處,每年,08_家庭收支調查/家庭收支調查_平均每戶可支配所得及消費支出按五等分位及戶長性別年齡教育程度分_民國100年.ods,https://ws.dgbas.gov.tw/001/Upload/463/relfile/11530/210980/81.ods,200,15956,1653dc932bdcfb7fa073813796f05c1d532852361973b4e25d68b4596c662e00,2026-08-18T06:29:10+00:00
08_家庭收支調查,家庭收支調查_家庭戶數按所得總額組別及經濟戶長性別分_民國100年,,行政院主計總處,每年,08_家庭收支調查/家庭收支調查_家庭戶數按所得總額組別及經濟戶長性別分_民國100年.ods,https://ws.dgbas.gov.tw/001/Upload/463/relfile/11530/210980/87.ods,200,8210,ae4cd2f8f286d78960e3bd2e34440ff437debd3f8dacf15c61610a44035df7f6,2026-08-18T06:29:11+00:00
08_家庭收支調查,家庭收支調查_家庭住宅及主要設備概況按區域別分_民國100年,,行政院主計總處,每年,08_家庭收支調查/家庭收支調查_家庭住宅及主要設備概況按區域別分_民國100年.ods,https://ws.dgbas.gov.tw/001/Upload/463/relfile/11530/210980/89.ods,200,34851,c7f76b416cf1251611ee3b8fc9b328fc024d6ee61ed6d2b1058a496295030072,2026-08-18T06:29:12+00:00
08_家庭收支調查,家庭收支調查_家庭住宅及主要設備概況按農家非農家分_民國100年,,行政院主計總處,每年,08_家庭收支調查/家庭收支調查_家庭住宅及主要設備概況按農家非農家分_民國100年.ods,https://ws.dgbas.gov.tw/001/Upload/463/relfile/11530/210980/101.ods,200,14690,5cf529a8cbfbe38d0f7eb76d90fc19370efde90de9d75f702d7a90cdf9b193d8,2026-08-18T06:29:13+00:00
08_家庭收支調查,家庭收支調查_家庭住宅及主要設備概況依可支配所得按戶數五等分位分_民國100年,,行政院主計總處,每年,08_家庭收支調查/家庭收支調查_家庭住宅及主要設備概況依可支配所得按戶數五等分位分_民國100年.ods,https://ws.dgbas.gov.tw/001/Upload/463/relfile/11530/210980/105.ods,200,17765,20868eee4cd00dabea08614f559352f9b1d97a47b8910cb811d970588d65dc8f,2026-08-18T06:29:14+00:00
08_家庭收支調查,家庭收支調查_所得收入者平均每人所得來源按區域別分_民國100年,,行政院主計總處,每年,08_家庭收支調查/家庭收支調查_所得收入者平均每人所得來源按區域別分_民國100年.ods,https://ws.dgbas.gov.tw/001/Upload/463/relfile/11530/210980/111.ods,200,15865,0b19c2d39ee22e73bb4988bb06b978813edd4f51d2793cc407b9dcee1947d584,2026-08-18T06:29:15+00:00
08_家庭收支調查,家庭收支調查_所得收入者平均每人所得來源按農家非農家分_民國100年,,行政院主計總處,每年,08_家庭收支調查/家庭收支調查_所得收入者平均每人所得來源按農家非農家分_民國100年.ods,https://ws.dgbas.gov.tw/001/Upload/463/relfile/11530/210980/117.ods,200,8450,45ab1572ec90392885c46088b05e81584c97195cf9db8e27f4b5606396cc82cf,2026-08-18T06:29:16+00:00
08_家庭收支調查,家庭收支調查_所得收入者平均每人所得來源按職業別分_民國100年,,行政院主計總處,每年,08_家庭收支調查/家庭收支調查_所得收入者平均每人所得來源按職業別分_民國100年.ods,https://ws.dgbas.gov.tw/001/Upload/463/relfile/11530/210980/119.ods,200,12358,bc4efaba7ef255d674c7a0abe49e85d920e60d977f399ab5c3a2d42b897fe5ba,2026-08-18T06:29:16+00:00
08_家庭收支調查,家庭收支調查_所得收入者平均每人所得來源依可支配所得按五等分位分_民國100年,,行政院主計總處,每年,08_家庭收支調查/家庭收支調查_所得收入者平均每人所得來源依可支配所得按五等分位分_民國100年.ods,https://ws.dgbas.gov.tw/001/Upload/463/relfile/11530/210980/123.ods,200,9722,c658d22a46ac59f89d52467d763536f52afac5e976a7c0491d99bdcb84c213d7,2026-08-18T06:29:17+00:00
08_家庭收支調查,家庭收支調查_所得收入者平均每人可支配所得按五等分位及性別年齡教育程度分_民國100年,,行政院主計總處,每年,08_家庭收支調查/家庭收支調查_所得收入者平均每人可支配所得按五等分位及性別年齡教育程度分_民國100年.ods,https://ws.dgbas.gov.tw/001/Upload/463/relfile/11530/210980/125.ods,200,13195,b395008f7144a6c141146093bbcf6ecc74b642bd6d10e104d67e110a87f8f4d3,2026-08-18T06:29:18+00:00
08_家庭收支調查,家庭收支調查_所得收入者人數按性別及可支配所得組別分_民國100年,,行政院主計總處,每年,08_家庭收支調查/家庭收支調查_所得收入者人數按性別及可支配所得組別分_民國100年.ods,https://ws.dgbas.gov.tw/001/Upload/463/relfile/11530/210980/129.ods,200,9597,875a5ae3638cfe3b693f06ddcba3ef7f2a28183c9518c7b0103dd3b978771842,2026-08-18T06:29:19+00:00
08_家庭收支調查,家庭收支調查_前言_民國100年,,行政院主計總處,每年,08_家庭收支調查/家庭收支調查_前言_民國100年.odt,https://ws.dgbas.gov.tw/win/fies/doc/result/100/a11/Preface.odt,200,22366,1dc58c7ca6f55277cf3ee1d6c1989663ffe5230e4e828ccc9738029f8bb99fd4,2026-08-18T06:29:20+00:00
08_家庭收支調查,家庭收支調查_綜合分析_民國100年,,行政院主計總處,每年,08_家庭收支調查/家庭收支調查_綜合分析_民國100年.odt,https://ws.dgbas.gov.tw/win/fies/doc/result/100/a11/Analysis.odt,200,107194,3e83ac4f17eb1a1b429d3217551e42b00252ab5156fa600d6254547401de26cc,2026-08-18T06:29:21+00:00
08_家庭收支調查,家庭收支調查_附錄_名詞解釋_民國100年,,行政院主計總處,每年,08_家庭收支調查/家庭收支調查_附錄_名詞解釋_民國100年.odt,https://ws.dgbas.gov.tw/win/fies/doc/result/100/a11/Definec.odt,200,50574,8ee5c01ce20553f31cd326336122d98a82f891153b8ca3758d3bba0840722f0c,2026-08-18T06:29:22+00:00
08_家庭收支調查,家庭收支調查_附錄_調查方法_民國100年,,行政院主計總處,每年,08_家庭收支調查/家庭收支調查_附錄_調查方法_民國100年.odt,https://ws.dgbas.gov.tw/win/fies/doc/result/100/a11/Methodc.odt,200,52679,8ff66ccb0e19bca3a134a279976f513f3e0d2699355cf46ec1132a0bc9d4ebbb,2026-08-18T06:29:24+00:00
08_家庭收支調查,家庭收支調查_附錄_未刊印之結果表_民國100年,,行政院主計總處,每年,08_家庭收支調查/家庭收支調查_附錄_未刊印之結果表_民國100年.odt,https://ws.dgbas.gov.tw/win/fies/doc/result/100/a11/Appendce.odt,200,17903,78990b24af6443e00848373d9a0056c37e5bc06463ba38f2d84edc449d7687b5,2026-08-18T06:29:24+00:00
08_家庭收支調查,家庭收支調查_附錄_調查表格式_民國100年,,行政院主計總處,每年,08_家庭收支調查/家庭收支調查_附錄_調查表格式_民國100年.odt,https://ws.dgbas.gov.tw/win/fies/doc/result/100/a11/Questc.odt,200,47690,e0b9b6cbd3ce9fccf2d162418b5eb77391cb831e11252136082eb13f528cca32,2026-08-18T06:29:25+00:00
08_家庭收支調查,家庭收支調查_平均每戶家庭收支按戶內人數分_民國99年,,行政院主計總處,每年,08_家庭收支調查/家庭收支調查_平均每戶家庭收支按戶內人數分_民國99年.ods,https://ws.dgbas.gov.tw/001/Upload/463/relfile/11530/210979/45.ods,200,17325,26dbf7da14cda3da75ca50c0030519fcd4c967c2953626a1128adcc53ba22538,2026-08-18T06:29:26+00:00
08_家庭收支調查,家庭收支調查_平均每戶家庭收支按區域別分_民國99年,,行政院主計總處,每年,08_家庭收支調查/家庭收支調查_平均每戶家庭收支按區域別分_民國99年.ods,https://ws.dgbas.gov.tw/001/Upload/463/relfile/11530/210979/49.ods,200,28954,4fecd2f811757dfa38353726d6931b9a29d2fa4f030619ba53ee9cd87b34a32c,2026-08-18T06:29:27+00:00
08_家庭收支調查,家庭收支調查_平均每戶家庭收支按農家非農家分_民國99年,,行政院主計總處,每年,08_家庭收支調查/家庭收支調查_平均每戶家庭收支按農家非農家分_民國99年.ods,https://ws.dgbas.gov.tw/001/Upload/463/relfile/11530/210979/61.ods,200,12116,ff655ae1a6d0e6cb70d28b5efa0cc5eb66f52c6d0555d6005d83d05d326f0189,2026-08-18T06:29:28+00:00
08_家庭收支調查,家庭收支調查_平均每戶家庭收支按經濟戶長職業別分_民國99年,,行政院主計總處,每年,08_家庭收支調查/家庭收支調查_平均每戶家庭收支按經濟戶長職業別分_民國99年.ods,https://ws.dgbas.gov.tw/001/Upload/463/relfile/11530/210979/65.ods,200,20802,3e4df8470e922ac57c89878519d25f969964da5a1a880f32f8a54c80baf24ae7,2026-08-18T06:29:29+00:00
08_家庭收支調查,家庭收支調查_平均每戶家庭收支按家庭組織型態別分_民國99年,,行政院主計總處,每年,08_家庭收支調查/家庭收支調查_平均每戶家庭收支按家庭組織型態別分_民國99年.ods,https://ws.dgbas.gov.tw/001/Upload/463/relfile/11530/210979/73.ods,200,17128,9b89a87c5873e8deeec7af8cf3ba4f479f75c2ab0040c5bdbde3bb590d8ed7e6,2026-08-18T06:29:30+00:00
08_家庭收支調查,家庭收支調查_平均每戶家庭收支依可支配所得按戶數五等分位分_民國99年,,行政院主計總處,每年,08_家庭收支調查/家庭收支調查_平均每戶家庭收支依可支配所得按戶數五等分位分_民國99年.ods,https://ws.dgbas.gov.tw/001/Upload/463/relfile/11530/210979/77.ods,200,15748,a28e7a8e93fa36a1c6c75de309075cdf930467303ea8b5a0f81ed7ac586328d3,2026-08-18T06:29:31+00:00
08_家庭收支調查,家庭收支調查_平均每戶可支配所得及消費支出按五等分位及戶長性別年齡教育程度分_民國99年,,行政院主計總處,每年,08_家庭收支調查/家庭收支調查_平均每戶可支配所得及消費支出按五等分位及戶長性別年齡教育程度分_民國99年.ods,https://ws.dgbas.gov.tw/001/Upload/463/relfile/11530/210979/81.ods,200,15946,03113c9a77724a4841f02ee2e18513296388f94b4779503b6b770a72925488ab,2026-08-18T06:29:32+00:00
08_家庭收支調查,家庭收支調查_家庭戶數按所得總額組別及經濟戶長性別分_民國99年,,行政院主計總處,每年,08_家庭收支調查/家庭收支調查_家庭戶數按所得總額組別及經濟戶長性別分_民國99年.ods,https://ws.dgbas.gov.tw/001/Upload/463/relfile/11530/210979/87.ods,200,8196,cb071b8add5fc0d6d9c90b0b367e2518ab98bb16ce5b7d0a0b2815a06d37f7e5,2026-08-18T06:29:33+00:00
08_家庭收支調查,家庭收支調查_家庭住宅及主要設備概況按區域別分_民國99年,,行政院主計總處,每年,08_家庭收支調查/家庭收支調查_家庭住宅及主要設備概況按區域別分_民國99年.ods,https://ws.dgbas.gov.tw/001/Upload/463/relfile/11530/210979/89.ods,200,34786,06d5fa1ba39d7aab9d926535d4e3bce597b2c64646dacf105f199f2c255020e4,2026-08-18T06:29:34+00:00
08_家庭收支調查,家庭收支調查_家庭住宅及主要設備概況按農家非農家分_民國99年,,行政院主計總處,每年,08_家庭收支調查/家庭收支調查_家庭住宅及主要設備概況按農家非農家分_民國99年.ods,https://ws.dgbas.gov.tw/001/Upload/463/relfile/11530/210979/101.ods,200,14704,b9bad96da1d04c09d92720d183173d0c731e46b38f45243eeef3129816433140,2026-08-18T06:29:35+00:00
08_家庭收支調查,家庭收支調查_家庭住宅及主要設備概況依可支配所得按戶數五等分位分_民國99年,,行政院主計總處,每年,08_家庭收支調查/家庭收支調查_家庭住宅及主要設備概況依可支配所得按戶數五等分位分_民國99年.ods,https://ws.dgbas.gov.tw/001/Upload/463/relfile/11530/210979/105.ods,200,17765,da37c8a4187c292150b2be8a1066e2410bcd18803f583eb70b603a339e3afa74,2026-08-18T06:29:36+00:00
08_家庭收支調查,家庭收支調查_所得收入者平均每人所得來源按區域別分_民國99年,,行政院主計總處,每年,08_家庭收支調查/家庭收支調查_所得收入者平均每人所得來源按區域別分_民國99年.ods,https://ws.dgbas.gov.tw/001/Upload/463/relfile/11530/210979/111.ods,200,16156,6390b497e21510799aebb01c99f8db7424836e5a8bfcfb8b519a8a3356711e65,2026-08-18T06:29:37+00:00
08_家庭收支調查,家庭收支調查_所得收入者平均每人所得來源按農家非農家分_民國99年,,行政院主計總處,每年,08_家庭收支調查/家庭收支調查_所得收入者平均每人所得來源按農家非農家分_民國99年.ods,https://ws.dgbas.gov.tw/001/Upload/463/relfile/11530/210979/117.ods,200,8538,f99e357ae65e29a43dcb0441febd5663e413785e1b2c1b325a98c9055c413d74,2026-08-18T06:29:37+00:00
08_家庭收支調查,家庭收支調查_所得收入者平均每人所得來源按職業別分_民國99年,,行政院主計總處,每年,08_家庭收支調查/家庭收支調查_所得收入者平均每人所得來源按職業別分_民國99年.ods,https://ws.dgbas.gov.tw/001/Upload/463/relfile/11530/210979/119.ods,200,12438,ad68e66f86fb7733badf989a488c4035fe6a8854ba14deaa2192652a35205dce,2026-08-18T06:29:38+00:00
08_家庭收支調查,家庭收支調查_所得收入者平均每人所得來源依可支配所得按五等分位分_民國99年,,行政院主計總處,每年,08_家庭收支調查/家庭收支調查_所得收入者平均每人所得來源依可支配所得按五等分位分_民國99年.ods,https://ws.dgbas.gov.tw/001/Upload/463/relfile/11530/210979/123.ods,200,9845,909bfb7e16cb09c946335fd8b8427d08ec5446d95683f4fdb5db1b1020f19502,2026-08-18T06:29:39+00:00
08_家庭收支調查,家庭收支調查_所得收入者平均每人可支配所得按五等分位及性別年齡教育程度分_民國99年,,行政院主計總處,每年,08_家庭收支調查/家庭收支調查_所得收入者平均每人可支配所得按五等分位及性別年齡教育程度分_民國99年.ods,https://ws.dgbas.gov.tw/001/Upload/463/relfile/11530/210979/125.ods,200,13177,fcbe8aaec6f7d1da294fc6e18f6987ae01bcef900c9cdd8fbebac8a8e81e5f58,2026-08-18T06:29:40+00:00
08_家庭收支調查,家庭收支調查_所得收入者人數按性別及可支配所得組別分_民國99年,,行政院主計總處,每年,08_家庭收支調查/家庭收支調查_所得收入者人數按性別及可支配所得組別分_民國99年.ods,https://ws.dgbas.gov.tw/001/Upload/463/relfile/11530/210979/129.ods,200,9585,a629a0e5209c00bef269fa72e113327b8271c20ca417e567234b54197e32af67,2026-08-18T06:29:41+00:00
08_家庭收支調查,家庭收支調查_前言_民國99年,,行政院主計總處,每年,08_家庭收支調查/家庭收支調查_前言_民國99年.odt,https://ws.dgbas.gov.tw/win/fies/doc/result/99/a11/Preface.odt,200,22201,0afafa201e3d62d819e511641982e2e053cae0fafb448d814f9a8a1a9afbaebb,2026-08-18T06:29:42+00:00
08_家庭收支調查,家庭收支調查_綜合分析_民國99年,,行政院主計總處,每年,08_家庭收支調查/家庭收支調查_綜合分析_民國99年.odt,https://ws.dgbas.gov.tw/win/fies/doc/result/99/a11/Analysis.odt,200,67967,3d17f2e1fa68ca8dadf155d05b3d6a614d2c4a1969dfaa0784495ee6ce3ca079,2026-08-18T06:29:43+00:00
08_家庭收支調查,家庭收支調查_附錄_名詞解釋_民國99年,,行政院主計總處,每年,08_家庭收支調查/家庭收支調查_附錄_名詞解釋_民國99年.odt,https://ws.dgbas.gov.tw/win/fies/doc/result/99/a11/Definec.odt,200,46248,9b143c197aafed722bef4ebd2f9ca268df3e9749d177b0eb84c9d265e30db37e,2026-08-18T06:29:44+00:00
08_家庭收支調查,家庭收支調查_附錄_調查方法_民國99年,,行政院主計總處,每年,08_家庭收支調查/家庭收支調查_附錄_調查方法_民國99年.odt,https://ws.dgbas.gov.tw/win/fies/doc/result/99/a11/Methodc.odt,200,52911,3a76c5429ff7f416afd894a5362a07b1c65517b4f32e629a08fc21211fe82280,2026-08-18T06:29:45+00:00
08_家庭收支調查,家庭收支調查_附錄_未刊印之結果表_民國99年,,行政院主計總處,每年,08_家庭收支調查/家庭收支調查_附錄_未刊印之結果表_民國99年.odt,https://ws.dgbas.gov.tw/win/fies/doc/result/99/a11/Appendce.odt,200,17947,704067fe6e20e7ec93c7c11443923e3d1079d74f1ab1cb81d2ae4efe56ac5240,2026-08-18T06:29:46+00:00
08_家庭收支調查,家庭收支調查_附錄_調查表格式_民國99年,,行政院主計總處,每年,08_家庭收支調查/家庭收支調查_附錄_調查表格式_民國99年.odt,https://ws.dgbas.gov.tw/win/fies/doc/result/99/a11/Questc.odt,200,47815,0575b124ace1d8f5ad8208d584fb670126a3b8229c13b263340da1842f5ca3cc,2026-08-18T06:29:47+00:00
08_家庭收支調查,家庭收支調查_平均每戶家庭收支按戶內人數分_民國98年,,行政院主計總處,每年,08_家庭收支調查/家庭收支調查_平均每戶家庭收支按戶內人數分_民國98年.ods,https://ws.dgbas.gov.tw/001/Upload/463/relfile/11530/210978/45.ods,200,17334,2dea5db08e72cbab7c556524181b1fda8f04d936c8bbcbe233b8140547de70a1,2026-08-18T06:29:48+00:00
08_家庭收支調查,家庭收支調查_平均每戶家庭收支按區域別分_民國98年,,行政院主計總處,每年,08_家庭收支調查/家庭收支調查_平均每戶家庭收支按區域別分_民國98年.ods,https://ws.dgbas.gov.tw/001/Upload/463/relfile/11530/210978/49.ods,200,31101,5af6c6f11028f28a26e4569d759341f1999c683390d53f05780dd8cf4f9f8849,2026-08-18T06:29:49+00:00
08_家庭收支調查,家庭收支調查_平均每戶家庭收支按農家非農家分_民國98年,,行政院主計總處,每年,08_家庭收支調查/家庭收支調查_平均每戶家庭收支按農家非農家分_民國98年.ods,https://ws.dgbas.gov.tw/001/Upload/463/relfile/11530/210978/61.ods,200,12148,1ab3ebb70853c861a183bdd9a702b0da32443e1065ff097fe4955917b1ae2812,2026-08-18T06:29:50+00:00
08_家庭收支調查,家庭收支調查_平均每戶家庭收支按經濟戶長職業別分_民國98年,,行政院主計總處,每年,08_家庭收支調查/家庭收支調查_平均每戶家庭收支按經濟戶長職業別分_民國98年.ods,https://ws.dgbas.gov.tw/001/Upload/463/relfile/11530/210978/65.ods,200,21037,7d77846519cebab7a58403cc801684334387d8f4d5233619edf4ebbbaaea43f4,2026-08-18T06:29:51+00:00
08_家庭收支調查,家庭收支調查_平均每戶家庭收支按家庭組織型態別分_民國98年,,行政院主計總處,每年,08_家庭收支調查/家庭收支調查_平均每戶家庭收支按家庭組織型態別分_民國98年.ods,https://ws.dgbas.gov.tw/001/Upload/463/relfile/11530/210978/73.ods,200,16468,534b38d57a6fb9311addcc1cbe3f5d549f40a0aa281350290360ad16b2daf1e7,2026-08-18T06:29:52+00:00
08_家庭收支調查,家庭收支調查_平均每戶家庭收支依可支配所得按戶數五等分位分_民國98年,,行政院主計總處,每年,08_家庭收支調查/家庭收支調查_平均每戶家庭收支依可支配所得按戶數五等分位分_民國98年.ods,https://ws.dgbas.gov.tw/001/Upload/463/relfile/11530/210978/77.ods,200,15854,e1e8ac5d724ee89e4073ed8306f63dd8cf1483764171ca707cea87488de2a81c,2026-08-18T06:29:53+00:00
08_家庭收支調查,家庭收支調查_平均每戶可支配所得及消費支出按五等分位及戶長性別年齡教育程度分_民國98年,,行政院主計總處,每年,08_家庭收支調查/家庭收支調查_平均每戶可支配所得及消費支出按五等分位及戶長性別年齡教育程度分_民國98年.ods,https://ws.dgbas.gov.tw/001/Upload/463/relfile/11530/210978/81.ods,200,15987,411704a046039b067d071890e214d8826968cf08f4a0c744d57dc2dc741c4f5a,2026-08-18T06:29:54+00:00
08_家庭收支調查,家庭收支調查_家庭戶數按所得總額組別及經濟戶長性別分_民國98年,,行政院主計總處,每年,08_家庭收支調查/家庭收支調查_家庭戶數按所得總額組別及經濟戶長性別分_民國98年.ods,https://ws.dgbas.gov.tw/001/Upload/463/relfile/11530/210978/87.ods,200,8251,862b8e4d0a81f00ca71a2cc66d7590458cf617a878cbe94d0c482ef4c84c9982,2026-08-18T06:29:54+00:00
08_家庭收支調查,家庭收支調查_家庭住宅及主要設備概況按區域別分_民國98年,,行政院主計總處,每年,08_家庭收支調查/家庭收支調查_家庭住宅及主要設備概況按區域別分_民國98年.ods,https://ws.dgbas.gov.tw/001/Upload/463/relfile/11530/210978/89.ods,200,36612,6c2775af037ae9fc5f42a051a7eaaafffb2077e4c263285a0e5331b5a414ddf9,2026-08-18T06:29:55+00:00
08_家庭收支調查,家庭收支調查_家庭住宅及主要設備概況按農家非農家分_民國98年,,行政院主計總處,每年,08_家庭收支調查/家庭收支調查_家庭住宅及主要設備概況按農家非農家分_民國98年.ods,https://ws.dgbas.gov.tw/001/Upload/463/relfile/11530/210978/101.ods,200,14610,3cf0d8b9d36f5a5ddc1600f7af982306b9d8ac662b09d23d07cbbb97b0b77255,2026-08-18T06:29:56+00:00
08_家庭收支調查,家庭收支調查_家庭住宅及主要設備概況依可支配所得按戶數五等分位分_民國98年,,行政院主計總處,每年,08_家庭收支調查/家庭收支調查_家庭住宅及主要設備概況依可支配所得按戶數五等分位分_民國98年.ods,https://ws.dgbas.gov.tw/001/Upload/463/relfile/11530/210978/105.ods,200,17563,ae04dbe9f519358b813cb04a479ab7d8f176f96c92efee9049a9dec543300ad8,2026-08-18T06:29:57+00:00
08_家庭收支調查,家庭收支調查_所得收入者平均每人所得來源按區域別分_民國98年,,行政院主計總處,每年,08_家庭收支調查/家庭收支調查_所得收入者平均每人所得來源按區域別分_民國98年.ods,https://ws.dgbas.gov.tw/001/Upload/463/relfile/11530/210978/111.ods,200,17388,82bca31741c3063ebd52d2575861ae8e3181defda6c2df9f8c41e1a20f7a3f07,2026-08-18T06:29:58+00:00
08_家庭收支調查,家庭收支調查_所得收入者平均每人所得來源按農家非農家分_民國98年,,行政院主計總處,每年,08_家庭收支調查/家庭收支調查_所得收入者平均每人所得來源按農家非農家分_民國98年.ods,https://ws.dgbas.gov.tw/001/Upload/463/relfile/11530/210978/117.ods,200,8543,614613f4f0d72158e16f23bd4c2667eccc4ee2bb2788c9b773c1d77f9f2a8983,2026-08-18T06:29:59+00:00
08_家庭收支調查,家庭收支調查_所得收入者平均每人所得來源按職業別分_民國98年,,行政院主計總處,每年,08_家庭收支調查/家庭收支調查_所得收入者平均每人所得來源按職業別分_民國98年.ods,https://ws.dgbas.gov.tw/001/Upload/463/relfile/11530/210978/119.ods,200,12632,f39a31896367a2850ff17015f886d0b5b848f5130a077af1ce95b9687e2a820d,2026-08-18T06:30:00+00:00
08_家庭收支調查,家庭收支調查_所得收入者平均每人所得來源依可支配所得按五等分位分_民國98年,,行政院主計總處,每年,08_家庭收支調查/家庭收支調查_所得收入者平均每人所得來源依可支配所得按五等分位分_民國98年.ods,https://ws.dgbas.gov.tw/001/Upload/463/relfile/11530/210978/123.ods,200,9844,57c6e2b7774f98dd49240ab4c578bbe4aec2bc8a0ddada81ee24c42d88189345,2026-08-18T06:30:01+00:00
08_家庭收支調查,家庭收支調查_所得收入者平均每人可支配所得按五等分位及性別年齡教育程度分_民國98年,,行政院主計總處,每年,08_家庭收支調查/家庭收支調查_所得收入者平均每人可支配所得按五等分位及性別年齡教育程度分_民國98年.ods,https://ws.dgbas.gov.tw/001/Upload/463/relfile/11530/210978/125.ods,200,13234,2d33a5656b95adb46f4f77a5a6fede898546587b0a692e91ed7ca83e078b7927,2026-08-18T06:30:01+00:00
08_家庭收支調查,家庭收支調查_所得收入者人數按性別及可支配所得組別分_民國98年,,行政院主計總處,每年,08_家庭收支調查/家庭收支調查_所得收入者人數按性別及可支配所得組別分_民國98年.ods,https://ws.dgbas.gov.tw/001/Upload/463/relfile/11530/210978/129.ods,200,9626,20fd079d0f2434fcc449cfc61b13e02aa0e351d40fe73d42bc4d202f654d44c9,2026-08-18T06:30:02+00:00
08_家庭收支調查,家庭收支調查_前言_民國98年,,行政院主計總處,每年,08_家庭收支調查/家庭收支調查_前言_民國98年.odt,https://ws.dgbas.gov.tw/win/fies/doc/result/98/a11/Preface.odt,200,22154,a34662176f61cec81581d10b504c2ab59b6ed16a82b4d1086d248e3a68316901,2026-08-18T06:30:03+00:00
08_家庭收支調查,家庭收支調查_綜合分析_民國98年,,行政院主計總處,每年,08_家庭收支調查/家庭收支調查_綜合分析_民國98年.odt,https://ws.dgbas.gov.tw/win/fies/doc/result/98/a11/Analysis.odt,200,64461,92ea49388c91fa6084252ab9403edbba946f2eecb168d5e09e1e8e3d9242275c,2026-08-18T06:30:04+00:00
08_家庭收支調查,家庭收支調查_附錄_名詞解釋_民國98年,,行政院主計總處,每年,08_家庭收支調查/家庭收支調查_附錄_名詞解釋_民國98年.odt,https://ws.dgbas.gov.tw/win/fies/doc/result/98/a11/Definec.odt,200,45990,e27a914931d8fa6b0207307129a22b0ca79956f273660cbe768f318ce279185f,2026-08-18T06:30:05+00:00
08_家庭收支調查,家庭收支調查_附錄_調查方法_民國98年,,行政院主計總處,每年,08_家庭收支調查/家庭收支調查_附錄_調查方法_民國98年.odt,https://ws.dgbas.gov.tw/win/fies/doc/result/98/a11/Methodc.odt,200,53101,7d06c705e69191d9fcb4ed94d951bc34c93a833706c1a0497f76cb6f13a83995,2026-08-18T06:30:06+00:00
08_家庭收支調查,家庭收支調查_附錄_未刊印之結果表_民國98年,,行政院主計總處,每年,08_家庭收支調查/家庭收支調查_附錄_未刊印之結果表_民國98年.odt,https://ws.dgbas.gov.tw/win/fies/doc/result/98/a11/Appendce.odt,200,18019,9150f74ebf487fe2514091fc49721a5128db4b33d7d6b35838d7ee33f1c6a66b,2026-08-18T06:30:07+00:00
08_家庭收支調查,家庭收支調查_附錄_調查表格式_民國98年,,行政院主計總處,每年,08_家庭收支調查/家庭收支調查_附錄_調查表格式_民國98年.odt,https://ws.dgbas.gov.tw/win/fies/doc/result/98/a11/Questc.odt,200,47680,5e7209a3a78cf13bca009b0aa80fbf0ca7755d1f261ee978bd080743416fe668,2026-08-18T06:30:09+00:00
08_家庭收支調查,家庭收支調查_平均每戶家庭收支按戶內人數分_民國97年,,行政院主計總處,每年,08_家庭收支調查/家庭收支調查_平均每戶家庭收支按戶內人數分_民國97年.ods,https://ws.dgbas.gov.tw/001/Upload/463/relfile/11530/210977/45.ods,200,17352,94940c40145b387e3ae3b8168f45dfb073a6f873e7447f55921e6178021fb7a0,2026-08-18T06:30:09+00:00
08_家庭收支調查,家庭收支調查_平均每戶家庭收支按區域別分_民國97年,,行政院主計總處,每年,08_家庭收支調查/家庭收支調查_平均每戶家庭收支按區域別分_民國97年.ods,https://ws.dgbas.gov.tw/001/Upload/463/relfile/11530/210977/49.ods,200,31023,fad660d007a6a041a64cd3edebed3e1665a9a893359f816e65d93ad111448c07,2026-08-18T06:30:10+00:00
08_家庭收支調查,家庭收支調查_平均每戶家庭收支按農家非農家分_民國97年,,行政院主計總處,每年,08_家庭收支調查/家庭收支調查_平均每戶家庭收支按農家非農家分_民國97年.ods,https://ws.dgbas.gov.tw/001/Upload/463/relfile/11530/210977/61.ods,200,12116,f5432e15a62e562718454b423b46862a8d233e45be31f5f6d88e8dee5e28de6c,2026-08-18T06:30:11+00:00
08_家庭收支調查,家庭收支調查_平均每戶家庭收支按經濟戶長職業別分_民國97年,,行政院主計總處,每年,08_家庭收支調查/家庭收支調查_平均每戶家庭收支按經濟戶長職業別分_民國97年.ods,https://ws.dgbas.gov.tw/001/Upload/463/relfile/11530/210977/65.ods,200,21124,7adbe1ef04da2ed41ba2f5e5ae2dd2cbde792bd96212e4b088d532e4cfe19759,2026-08-18T06:30:12+00:00
08_家庭收支調查,家庭收支調查_平均每戶家庭收支按家庭組織型態別分_民國97年,,行政院主計總處,每年,08_家庭收支調查/家庭收支調查_平均每戶家庭收支按家庭組織型態別分_民國97年.ods,https://ws.dgbas.gov.tw/001/Upload/463/relfile/11530/210977/73.ods,200,16571,3d5aed4755b503abb22b75f0010effb9dd4e7f1dd74333b95f9d7fd68d7cd1a5,2026-08-18T06:30:13+00:00
08_家庭收支調查,家庭收支調查_平均每戶家庭收支依可支配所得按戶數五等分位分_民國97年,,行政院主計總處,每年,08_家庭收支調查/家庭收支調查_平均每戶家庭收支依可支配所得按戶數五等分位分_民國97年.ods,https://ws.dgbas.gov.tw/001/Upload/463/relfile/11530/210977/77.ods,200,15854,4189767319c6a970c30886a029794c58658beef3c952d07e7dddded953dbdcdb,2026-08-18T06:30:14+00:00
08_家庭收支調查,家庭收支調查_平均每戶可支配所得及消費支出按五等分位及戶長性別年齡教育程度分_民國97年,,行政院主計總處,每年,08_家庭收支調查/家庭收支調查_平均每戶可支配所得及消費支出按五等分位及戶長性別年齡教育程度分_民國97年.ods,https://ws.dgbas.gov.tw/001/Upload/463/relfile/11530/210977/81.ods,200,15905,e5ba6df418aeab55bfdb750c72805d76fadd4242e794a5c77dfed0d50cf610e0,2026-08-18T06:30:15+00:00
08_家庭收支調查,家庭收支調查_家庭戶數按所得總額組別及經濟戶長性別分_民國97年,,行政院主計總處,每年,08_家庭收支調查/家庭收支調查_家庭戶數按所得總額組別及經濟戶長性別分_民國97年.ods,https://ws.dgbas.gov.tw/001/Upload/463/relfile/11530/210977/87.ods,200,8216,98d3de37a681f2fd443354325dad73c0a54a68ec732c281676a8e3b573b5e90e,2026-08-18T06:30:16+00:00
08_家庭收支調查,家庭收支調查_家庭住宅及主要設備概況按區域別分_民國97年,,行政院主計總處,每年,08_家庭收支調查/家庭收支調查_家庭住宅及主要設備概況按區域別分_民國97年.ods,https://ws.dgbas.gov.tw/001/Upload/463/relfile/11530/210977/89.ods,200,36571,2ef8eac73376bb68dc576a5eeeca2e80430aa3d9b391e4509e00cb44a8b0d8a2,2026-08-18T06:30:17+00:00
08_家庭收支調查,家庭收支調查_家庭住宅及主要設備概況按農家非農家分_民國97年,,行政院主計總處,每年,08_家庭收支調查/家庭收支調查_家庭住宅及主要設備概況按農家非農家分_民國97年.ods,https://ws.dgbas.gov.tw/001/Upload/463/relfile/11530/210977/101.ods,200,14552,e04a3cd887e04f9bb975daf4ff7797ec545b9854ac1d35f16128339f90a2c3e9,2026-08-18T06:30:18+00:00
08_家庭收支調查,家庭收支調查_家庭住宅及主要設備概況依可支配所得按戶數五等分位分_民國97年,,行政院主計總處,每年,08_家庭收支調查/家庭收支調查_家庭住宅及主要設備概況依可支配所得按戶數五等分位分_民國97年.ods,https://ws.dgbas.gov.tw/001/Upload/463/relfile/11530/210977/105.ods,200,17586,17da80095f343b6e292bf1ee14c49f15d27cd17616d4c47f553d31871e4dfe96,2026-08-18T06:30:19+00:00
08_家庭收支調查,家庭收支調查_所得收入者平均每人所得來源按區域別分_民國97年,,行政院主計總處,每年,08_家庭收支調查/家庭收支調查_所得收入者平均每人所得來源按區域別分_民國97年.ods,https://ws.dgbas.gov.tw/001/Upload/463/relfile/11530/210977/111.ods,200,17368,e31777dcfaa5b7342becf3edc2effa62eb8c6642e73ee2242fd48af01964f50b,2026-08-18T06:30:20+00:00
08_家庭收支調查,家庭收支調查_所得收入者平均每人所得來源按農家非農家分_民國97年,,行政院主計總處,每年,08_家庭收支調查/家庭收支調查_所得收入者平均每人所得來源按農家非農家分_民國97年.ods,https://ws.dgbas.gov.tw/001/Upload/463/relfile/11530/210977/117.ods,200,8523,4d2a713c2229b202b53ff63760d08ab76b948b9707351e93fc05b0d81fe0c329,2026-08-18T06:30:21+00:00
08_家庭收支調查,家庭收支調查_所得收入者平均每人所得來源按職業別分_民國97年,,行政院主計總處,每年,08_家庭收支調查/家庭收支調查_所得收入者平均每人所得來源按職業別分_民國97年.ods,https://ws.dgbas.gov.tw/001/Upload/463/relfile/11530/210977/119.ods,200,12642,7d376da4fed28cde21f722f86342a1f1a2450085175d78c6059331f6666932af,2026-08-18T06:30:21+00:00
08_家庭收支調查,家庭收支調查_所得收入者平均每人所得來源依可支配所得按五等分位分_民國97年,,行政院主計總處,每年,08_家庭收支調查/家庭收支調查_所得收入者平均每人所得來源依可支配所得按五等分位分_民國97年.ods,https://ws.dgbas.gov.tw/001/Upload/463/relfile/11530/210977/123.ods,200,9853,9935303ac35bd5e984e3bd14a433702a73b711846748908a2dc5ed70f9e85865,2026-08-18T06:30:22+00:00
08_家庭收支調查,家庭收支調查_所得收入者平均每人可支配所得按五等分位及性別年齡教育程度分_民國97年,,行政院主計總處,每年,08_家庭收支調查/家庭收支調查_所得收入者平均每人可支配所得按五等分位及性別年齡教育程度分_民國97年.ods,https://ws.dgbas.gov.tw/001/Upload/463/relfile/11530/210977/125.ods,200,13162,d4c9d15a23de5c74b46710979e196d9d76321d093ebe0e093763f99c9eabd3c5,2026-08-18T06:30:23+00:00
08_家庭收支調查,家庭收支調查_所得收入者人數按性別及可支配所得組別分_民國97年,,行政院主計總處,每年,08_家庭收支調查/家庭收支調查_所得收入者人數按性別及可支配所得組別分_民國97年.ods,https://ws.dgbas.gov.tw/001/Upload/463/relfile/11530/210977/129.ods,200,9556,0c63cdb97a7dbdac37e197241d28980b8cd9b6afdd1306ab40769f3a24f4deb4,2026-08-18T06:30:24+00:00
08_家庭收支調查,家庭收支調查_前言_民國97年,,行政院主計總處,每年,08_家庭收支調查/家庭收支調查_前言_民國97年.odt,https://ws.dgbas.gov.tw/001/Upload/463/relfile/11530/210977/Preface.odt,200,10222,34c921f41db15da5bd53e32d6e63ebd79c0e0880ddf521cb1ec38a7be9b2a288,2026-08-18T06:30:25+00:00
08_家庭收支調查,家庭收支調查_綜合分析_民國97年,,行政院主計總處,每年,08_家庭收支調查/家庭收支調查_綜合分析_民國97年.odt,https://ws.dgbas.gov.tw/win/fies/doc/result/97/a11/Analysis.odt,200,389298,29a12776b263fee9361b813831f0654987aa763e75f82a3d739391753fa3de7a,2026-08-18T06:30:26+00:00
08_家庭收支調查,家庭收支調查_附錄_名詞解釋_民國97年,,行政院主計總處,每年,08_家庭收支調查/家庭收支調查_附錄_名詞解釋_民國97年.odt,https://ws.dgbas.gov.tw/win/fies/doc/result/97/a11/Definec.odt,200,52479,3bc10dc95b6686cd62081845d1eea1b718419bcb3f0474293379ef193960b36f,2026-08-18T06:30:27+00:00
08_家庭收支調查,家庭收支調查_附錄_調查方法_民國97年,,行政院主計總處,每年,08_家庭收支調查/家庭收支調查_附錄_調查方法_民國97年.odt,https://ws.dgbas.gov.tw/001/Upload/463/relfile/11530/210977/methodc.odt,200,53001,6726d30ddcb7b6f7c4dd083e9fb5e040da0996cde0de11ff0b5781ad6e39fdda,2026-08-18T06:30:29+00:00
08_家庭收支調查,家庭收支調查_附錄_未刊印之結果表_民國97年,,行政院主計總處,每年,08_家庭收支調查/家庭收支調查_附錄_未刊印之結果表_民國97年.odt,https://ws.dgbas.gov.tw/win/fies/doc/result/97/a11/Appendce.odt,200,18005,eeacca1b2118383132259cf0809808e346f75f2cb35f58e22c81255160076826,2026-08-18T06:30:30+00:00
08_家庭收支調查,家庭收支調查_附錄_調查表格式_民國97年,,行政院主計總處,每年,08_家庭收支調查/家庭收支調查_附錄_調查表格式_民國97年.odt,https://ws.dgbas.gov.tw/win/fies/doc/result/97/a11/Questc.odt,200,46757,602ae121c4d167dbc3d48bbbdd3a4b419d1a17185d73e9151671492d100ee581,2026-08-18T06:30:31+00:00
08_家庭收支調查,家庭收支調查_平均每戶家庭收支按戶內人數分_民國96年,,行政院主計總處,每年,08_家庭收支調查/家庭收支調查_平均每戶家庭收支按戶內人數分_民國96年.ods,https://ws.dgbas.gov.tw/001/Upload/463/relfile/11530/210976/45.ods,200,17382,8466bc6d4438b85f0504b4f7233963d6cee89cdb2515579f6c1c55c90df8acdb,2026-08-18T06:30:31+00:00
08_家庭收支調查,家庭收支調查_平均每戶家庭收支按區域別分_民國96年,,行政院主計總處,每年,08_家庭收支調查/家庭收支調查_平均每戶家庭收支按區域別分_民國96年.ods,https://ws.dgbas.gov.tw/001/Upload/463/relfile/11530/210976/49.ods,200,30999,90b77f54dc6f7db4b756ec602d61b32e36baa261a5f81351ec80d67eafcae60e,2026-08-18T06:30:32+00:00
08_家庭收支調查,家庭收支調查_平均每戶家庭收支按農家非農家分_民國96年,,行政院主計總處,每年,08_家庭收支調查/家庭收支調查_平均每戶家庭收支按農家非農家分_民國96年.ods,https://ws.dgbas.gov.tw/001/Upload/463/relfile/11530/210976/61.ods,200,16767,f5072431bf98f06312f2b102f60158155da3d911449b724dd0133e515642dab0,2026-08-18T06:30:33+00:00
08_家庭收支調查,家庭收支調查_平均每戶家庭收支按經濟戶長職業別分_民國96年,,行政院主計總處,每年,08_家庭收支調查/家庭收支調查_平均每戶家庭收支按經濟戶長職業別分_民國96年.ods,https://ws.dgbas.gov.tw/001/Upload/463/relfile/11530/210976/65.ods,200,21053,9bc43b76b763c4c98d27413474faa617603028f329c2d1fb7b04254383b2f2b3,2026-08-18T06:30:34+00:00
08_家庭收支調查,家庭收支調查_平均每戶家庭收支按家庭組織型態別分_民國96年,,行政院主計總處,每年,08_家庭收支調查/家庭收支調查_平均每戶家庭收支按家庭組織型態別分_民國96年.ods,https://ws.dgbas.gov.tw/001/Upload/463/relfile/11530/210976/73.ods,200,18677,408f2cd7e74e299917118c7768bb6743bbdb78a48805f1b37aa6d8d21e121ab2,2026-08-18T06:30:35+00:00
08_家庭收支調查,家庭收支調查_平均每戶家庭收支依可支配所得按戶數五等分位分_民國96年,,行政院主計總處,每年,08_家庭收支調查/家庭收支調查_平均每戶家庭收支依可支配所得按戶數五等分位分_民國96年.ods,https://ws.dgbas.gov.tw/001/Upload/463/relfile/11530/210976/77.ods,200,17718,7a868c12a2dc0404517b57bd52438cb1edafb5d4143f229e29f712b078b55b29,2026-08-18T06:30:36+00:00
08_家庭收支調查,家庭收支調查_平均每戶可支配所得及消費支出按五等分位及戶長性別年齡教育程度分_民國96年,,行政院主計總處,每年,08_家庭收支調查/家庭收支調查_平均每戶可支配所得及消費支出按五等分位及戶長性別年齡教育程度分_民國96年.ods,https://ws.dgbas.gov.tw/001/Upload/463/relfile/11530/210976/81.ods,200,16011,78ddafd08abb1b3086f4cfd53cac899858f1de8c140ad8babd510a1e625ce822,2026-08-18T06:30:37+00:00
08_家庭收支調查,家庭收支調查_家庭戶數按所得總額組別及經濟戶長性別分_民國96年,,行政院主計總處,每年,08_家庭收支調查/家庭收支調查_家庭戶數按所得總額組別及經濟戶長性別分_民國96年.ods,https://ws.dgbas.gov.tw/001/Upload/463/relfile/11530/210976/87.ods,200,10499,3031b5aa1a234406eb6dca5cc23b86aa475e2a946842af1964d1d080f84eb2c1,2026-08-18T06:30:38+00:00
08_家庭收支調查,家庭收支調查_家庭住宅及主要設備概況按區域別分_民國96年,,行政院主計總處,每年,08_家庭收支調查/家庭收支調查_家庭住宅及主要設備概況按區域別分_民國96年.ods,https://ws.dgbas.gov.tw/001/Upload/463/relfile/11530/210976/89.ods,200,35531,195911579db018cec89d39944fb5660383c91ff883afb37fea625417edd2c780,2026-08-18T06:30:39+00:00
08_家庭收支調查,家庭收支調查_家庭住宅及主要設備概況按農家非農家分_民國96年,,行政院主計總處,每年,08_家庭收支調查/家庭收支調查_家庭住宅及主要設備概況按農家非農家分_民國96年.ods,https://ws.dgbas.gov.tw/001/Upload/463/relfile/11530/210976/101.ods,200,19758,27ca81daac0b3b855260099a64fe32655a9c3fa9bd0465be8f0eb8e3bc47d0b7,2026-08-18T06:30:40+00:00
08_家庭收支調查,家庭收支調查_家庭住宅及主要設備概況依可支配所得按戶數五等分位分_民國96年,,行政院主計總處,每年,08_家庭收支調查/家庭收支調查_家庭住宅及主要設備概況依可支配所得按戶數五等分位分_民國96年.ods,https://ws.dgbas.gov.tw/001/Upload/463/relfile/11530/210976/105.ods,200,17067,ee8f4c3bb2fe3225526fc73a0c89908d266530cdb66df33b09d7641760699352,2026-08-18T06:30:41+00:00
08_家庭收支調查,家庭收支調查_所得收入者平均每人所得來源按區域別分_民國96年,,行政院主計總處,每年,08_家庭收支調查/家庭收支調查_所得收入者平均每人所得來源按區域別分_民國96年.ods,https://ws.dgbas.gov.tw/001/Upload/463/relfile/11530/210976/111.ods,200,19351,e2213ef1bc708d3cac1caea2a1d1824dc48fad8811025545a5768a383763b0ae,2026-08-18T06:30:42+00:00
08_家庭收支調查,家庭收支調查_所得收入者平均每人所得來源按農家非農家分_民國96年,,行政院主計總處,每年,08_家庭收支調查/家庭收支調查_所得收入者平均每人所得來源按農家非農家分_民國96年.ods,https://ws.dgbas.gov.tw/001/Upload/463/relfile/11530/210976/117.ods,200,12122,cba27039d8a41a4a578ff1c9e24c1b50ebf4291a071cea9296397c6eb5f2cefc,2026-08-18T06:30:43+00:00
08_家庭收支調查,家庭收支調查_所得收入者平均每人所得來源按職業別分_民國96年,,行政院主計總處,每年,08_家庭收支調查/家庭收支調查_所得收入者平均每人所得來源按職業別分_民國96年.ods,https://ws.dgbas.gov.tw/001/Upload/463/relfile/11530/210976/119.ods,200,14357,71aa0540971f5d5bd7e40ebc150049d88820e2754ce4ea02e8ec859ca86f82e6,2026-08-18T06:30:44+00:00
08_家庭收支調查,家庭收支調查_所得收入者平均每人所得來源依可支配所得按五等分位分_民國96年,,行政院主計總處,每年,08_家庭收支調查/家庭收支調查_所得收入者平均每人所得來源依可支配所得按五等分位分_民國96年.ods,https://ws.dgbas.gov.tw/001/Upload/463/relfile/11530/210976/123.ods,200,12008,7c626c14f2749cb85dff8689f64adc0116a7a823f1693085020cc866da594e35,2026-08-18T06:30:45+00:00
08_家庭收支調查,家庭收支調查_所得收入者平均每人可支配所得按五等分位及性別年齡教育程度分_民國96年,,行政院主計總處,每年,08_家庭收支調查/家庭收支調查_所得收入者平均每人可支配所得按五等分位及性別年齡教育程度分_民國96年.ods,https://ws.dgbas.gov.tw/001/Upload/463/relfile/11530/210976/125.ods,200,15098,18f2d08b63d4db9fb3ca830cbd7414e8771459426f5c6e3c006ab67bed7d4ba2,2026-08-18T06:30:45+00:00
08_家庭收支調查,家庭收支調查_所得收入者人數按性別及可支配所得組別分_民國96年,,行政院主計總處,每年,08_家庭收支調查/家庭收支調查_所得收入者人數按性別及可支配所得組別分_民國96年.ods,https://ws.dgbas.gov.tw/001/Upload/463/relfile/11530/210976/129.ods,200,11532,739a67e491a73f4c4e5769ea03b1c7dbceb9ce30c484db4ae4c2c556ee4da963,2026-08-18T06:30:46+00:00
08_家庭收支調查,家庭收支調查_前言_民國96年,,行政院主計總處,每年,08_家庭收支調查/家庭收支調查_前言_民國96年.odt,https://ws.dgbas.gov.tw/001/Upload/463/relfile/11530/210976/preface.odt,200,10254,50b24926506f4051ceec818d089a78b5a75ae0c356a1efbf802770cf5bc3f4a8,2026-08-18T06:30:47+00:00
08_家庭收支調查,家庭收支調查_綜合分析_民國96年,,行政院主計總處,每年,08_家庭收支調查/家庭收支調查_綜合分析_民國96年.odt,https://ws.dgbas.gov.tw/win/fies/doc/result/96/a11/Analysis.odt,200,66394,8d004f773ff22bca673c8821b8534249f325b035a8720c07184be607d3fdd35d,2026-08-18T06:30:48+00:00
08_家庭收支調查,家庭收支調查_附錄_名詞解釋_民國96年,,行政院主計總處,每年,08_家庭收支調查/家庭收支調查_附錄_名詞解釋_民國96年.odt,https://ws.dgbas.gov.tw/win/fies/doc/result/96/a11/Definec.odt,200,47245,b73950c89791ac66a0dccf90e415075449238787bfe5a5c6e7c1ce4a7d13ccab,2026-08-18T06:30:49+00:00
08_家庭收支調查,家庭收支調查_附錄_調查方法_民國96年,,行政院主計總處,每年,08_家庭收支調查/家庭收支調查_附錄_調查方法_民國96年.odt,https://ws.dgbas.gov.tw/win/fies/doc/result/96/a11/Methodc.odt,200,53690,1fb12de2a186be57ea3982959132bc63d6e9879c2ef890e08aafead327a0148d,2026-08-18T06:30:50+00:00
08_家庭收支調查,家庭收支調查_附錄_未刊印之結果表_民國96年,,行政院主計總處,每年,08_家庭收支調查/家庭收支調查_附錄_未刊印之結果表_民國96年.odt,https://ws.dgbas.gov.tw/win/fies/doc/result/96/a11/Appendce.odt,200,18039,c289de45b2696cb48712975fe9a8611864c959d4eed7f12b85d4300fb07c58da,2026-08-18T06:30:51+00:00
08_家庭收支調查,家庭收支調查_附錄_調查表格式_民國96年,,行政院主計總處,每年,08_家庭收支調查/家庭收支調查_附錄_調查表格式_民國96年.odt,https://ws.dgbas.gov.tw/win/fies/doc/result/96/a11/Questc.odt,200,44546,a63de446608e6cb3505459e399951f4b7f48a01d02b2ab8774134d3a517cd103,2026-08-18T06:30:52+00:00
08_家庭收支調查,家庭收支調查_平均每戶家庭收支按戶內人數分_民國95年,,行政院主計總處,每年,08_家庭收支調查/家庭收支調查_平均每戶家庭收支按戶內人數分_民國95年.ods,https://ws.dgbas.gov.tw/001/Upload/463/relfile/11530/210975/45.ods,200,17379,3e0960219870d68e3efda333519dbd7d8529d64f18fd542dce5519790e99f027,2026-08-18T06:30:53+00:00
08_家庭收支調查,家庭收支調查_平均每戶家庭收支按區域別分_民國95年,,行政院主計總處,每年,08_家庭收支調查/家庭收支調查_平均每戶家庭收支按區域別分_民國95年.ods,https://ws.dgbas.gov.tw/001/Upload/463/relfile/11530/210975/49.ods,200,30963,132b415f4a193df9cd755229210b06a05e54478bda2e85deacb4d488e1c59436,2026-08-18T06:30:54+00:00
08_家庭收支調查,家庭收支調查_平均每戶家庭收支按農家非農家分_民國95年,,行政院主計總處,每年,08_家庭收支調查/家庭收支調查_平均每戶家庭收支按農家非農家分_民國95年.ods,https://ws.dgbas.gov.tw/001/Upload/463/relfile/11530/210975/61.ods,200,15181,245e5c013d509c94b2d11561a578c13e146b2dfb7745651276d5f767fb0844c1,2026-08-18T06:30:55+00:00
08_家庭收支調查,家庭收支調查_平均每戶家庭收支按經濟戶長職業別分_民國95年,,行政院主計總處,每年,08_家庭收支調查/家庭收支調查_平均每戶家庭收支按經濟戶長職業別分_民國95年.ods,https://ws.dgbas.gov.tw/001/Upload/463/relfile/11530/210975/65.ods,200,21073,593fb5d00ed0be6d3c49d171034094d93a3701182fe0731ce381b82160dc509f,2026-08-18T06:30:56+00:00
08_家庭收支調查,家庭收支調查_平均每戶家庭收支按家庭組織型態別分_民國95年,,行政院主計總處,每年,08_家庭收支調查/家庭收支調查_平均每戶家庭收支按家庭組織型態別分_民國95年.ods,https://ws.dgbas.gov.tw/001/Upload/463/relfile/11530/210975/73.ods,200,16592,8dab175665024032106df0992b761198ed49cff2d1a86c381bf47fe7316a9f13,2026-08-18T06:30:57+00:00
08_家庭收支調查,家庭收支調查_平均每戶家庭收支依可支配所得按戶數五等分位分_民國95年,,行政院主計總處,每年,08_家庭收支調查/家庭收支調查_平均每戶家庭收支依可支配所得按戶數五等分位分_民國95年.ods,https://ws.dgbas.gov.tw/001/Upload/463/relfile/11530/210975/77.ods,200,15791,020e2101913963d91ea0f06532137aec5eb10f4437b0cde8107277d2191b62ba,2026-08-18T06:30:58+00:00
08_家庭收支調查,家庭收支調查_平均每戶可支配所得及消費支出按五等分位及戶長性別年齡教育程度分_民國95年,,行政院主計總處,每年,08_家庭收支調查/家庭收支調查_平均每戶可支配所得及消費支出按五等分位及戶長性別年齡教育程度分_民國95年.ods,https://ws.dgbas.gov.tw/001/Upload/463/relfile/11530/210975/81.ods,200,15908,af1a52cf19e27617cd3265c0f90f3177dcfe2e537537c7776c0c2a579f5f3df4,2026-08-18T06:30:59+00:00
08_家庭收支調查,家庭收支調查_家庭戶數按所得總額組別及經濟戶長性別分_民國95年,,行政院主計總處,每年,08_家庭收支調查/家庭收支調查_家庭戶數按所得總額組別及經濟戶長性別分_民國95年.ods,https://ws.dgbas.gov.tw/001/Upload/463/relfile/11530/210975/87.ods,200,8206,bd4cb8fdffe5db13a158244b3c1b73c8c29b4afc1c07b3b8bf0dc3dd63004bc7,2026-08-18T06:31:00+00:00
08_家庭收支調查,家庭收支調查_家庭住宅及主要設備概況按區域別分_民國95年,,行政院主計總處,每年,08_家庭收支調查/家庭收支調查_家庭住宅及主要設備概況按區域別分_民國95年.ods,https://ws.dgbas.gov.tw/001/Upload/463/relfile/11530/210975/89.ods,200,35532,6af8e860bbde6f12cca7f24778eefc17c8b0e15bc4b7e6a60e2ef4073b9dd839,2026-08-18T06:31:01+00:00
08_家庭收支調查,家庭收支調查_家庭住宅及主要設備概況按農家非農家分_民國95年,,行政院主計總處,每年,08_家庭收支調查/家庭收支調查_家庭住宅及主要設備概況按農家非農家分_民國95年.ods,https://ws.dgbas.gov.tw/001/Upload/463/relfile/11530/210975/101.ods,200,17453,e776b257429ee4c9c33b68b00195feed254e0681ca510a557e9e724e2fdbfc09,2026-08-18T06:31:02+00:00
08_家庭收支調查,家庭收支調查_家庭住宅及主要設備概況依可支配所得按戶數五等分位分_民國95年,,行政院主計總處,每年,08_家庭收支調查/家庭收支調查_家庭住宅及主要設備概況依可支配所得按戶數五等分位分_民國95年.ods,https://ws.dgbas.gov.tw/001/Upload/463/relfile/11530/210975/105.ods,200,17033,3ff8b71887fa35a03b9323c3132efae63d1ab54a0b0d23ca760d987df5c87b76,2026-08-18T06:31:03+00:00
08_家庭收支調查,家庭收支調查_所得收入者平均每人所得來源按區域別分_民國95年,,行政院主計總處,每年,08_家庭收支調查/家庭收支調查_所得收入者平均每人所得來源按區域別分_民國95年.ods,https://ws.dgbas.gov.tw/001/Upload/463/relfile/11530/210975/111.ods,200,17360,84757d62eea780c6aa6ce9709bcdae57f57a61873d05a1186e7e8532c9c75107,2026-08-18T06:31:04+00:00
08_家庭收支調查,家庭收支調查_所得收入者平均每人所得來源按農家非農家分_民國95年,,行政院主計總處,每年,08_家庭收支調查/家庭收支調查_所得收入者平均每人所得來源按農家非農家分_民國95年.ods,https://ws.dgbas.gov.tw/001/Upload/463/relfile/11530/210975/117.ods,200,10204,d576b6157f9594de9009045c3c1ec8bb6f03b033be607634c95e63cc65c724ab,2026-08-18T06:31:04+00:00
08_家庭收支調查,家庭收支調查_所得收入者平均每人所得來源按職業別分_民國95年,,行政院主計總處,每年,08_家庭收支調查/家庭收支調查_所得收入者平均每人所得來源按職業別分_民國95年.ods,https://ws.dgbas.gov.tw/001/Upload/463/relfile/11530/210975/119.ods,200,12735,53c67579c0458e392a03e7fe637669d75ac1d5a5e47d757a6ed4bd519f622fe6,2026-08-18T06:31:06+00:00
08_家庭收支調查,家庭收支調查_所得收入者平均每人所得來源依可支配所得按五等分位分_民國95年,,行政院主計總處,每年,08_家庭收支調查/家庭收支調查_所得收入者平均每人所得來源依可支配所得按五等分位分_民國95年.ods,https://ws.dgbas.gov.tw/001/Upload/463/relfile/11530/210975/123.ods,200,9907,3a9f303580419742d57ae652ff3d6d501a0f73a1dc0ca0d07957d2d9ec91a9ef,2026-08-18T06:31:10+00:00
08_家庭收支調查,家庭收支調查_所得收入者平均每人可支配所得按五等分位及性別年齡教育程度分_民國95年,,行政院主計總處,每年,08_家庭收支調查/家庭收支調查_所得收入者平均每人可支配所得按五等分位及性別年齡教育程度分_民國95年.ods,https://ws.dgbas.gov.tw/001/Upload/463/relfile/11530/210975/125.ods,200,13147,29d62ff9caaba1ba6d94af54f50fc7efb644c13598d982dbda4a3e9737e4497a,2026-08-18T06:31:10+00:00
08_家庭收支調查,家庭收支調查_所得收入者人數按性別及可支配所得組別分_民國95年,,行政院主計總處,每年,08_家庭收支調查/家庭收支調查_所得收入者人數按性別及可支配所得組別分_民國95年.ods,https://ws.dgbas.gov.tw/001/Upload/463/relfile/11530/210975/129.ods,200,9576,092e446d87318a98f82dc7c6f05c0d83fbeebf2b569c7ca1acf30f33a16f2904,2026-08-18T06:31:11+00:00
08_家庭收支調查,家庭收支調查_前言_民國95年,,行政院主計總處,每年,08_家庭收支調查/家庭收支調查_前言_民國95年.odt,https://ws.dgbas.gov.tw/win/fies/doc/result/95/a11/Preface.odt,200,22166,a641386ee1186b19cd64737a903ef4b0fe9ac2c7858faac525ee13bd7eaf77f8,2026-08-18T06:31:12+00:00
08_家庭收支調查,家庭收支調查_綜合分析_民國95年,,行政院主計總處,每年,08_家庭收支調查/家庭收支調查_綜合分析_民國95年.odt,https://ws.dgbas.gov.tw/win/fies/doc/result/95/a11/Analysis.odt,200,102892,f8f411631b8d88849cff2dedbcb159f736610a3e06f9041215391b1ea561c9f0,2026-08-18T06:31:13+00:00
08_家庭收支調查,家庭收支調查_附錄_名詞解釋_民國95年,,行政院主計總處,每年,08_家庭收支調查/家庭收支調查_附錄_名詞解釋_民國95年.odt,https://ws.dgbas.gov.tw/win/fies/doc/result/95/a11/Definec.odt,200,26596,d4725f082cfa77853c15d6a7cd53b78c31ceebca63eade86e409dedbb77f3602,2026-08-18T06:31:14+00:00
08_家庭收支調查,家庭收支調查_附錄_調查方法_民國95年,,行政院主計總處,每年,08_家庭收支調查/家庭收支調查_附錄_調查方法_民國95年.odt,https://ws.dgbas.gov.tw/win/fies/doc/result/95/a11/Methodc.odt,200,53676,0b7618430e1fc4c69b36bb9c315485141d662e050ddb32f600c9c510ad893ea8,2026-08-18T06:31:16+00:00
08_家庭收支調查,家庭收支調查_附錄_未刊印之結果表_民國95年,,行政院主計總處,每年,08_家庭收支調查/家庭收支調查_附錄_未刊印之結果表_民國95年.odt,https://ws.dgbas.gov.tw/win/fies/doc/result/95/a11/Appendce.odt,200,17957,db1c7e09930264a552945c2cd06b3ff8277a1e801acbafff208eb84b02bb942b,2026-08-18T06:31:17+00:00
08_家庭收支調查,家庭收支調查_附錄_調查表格式_民國95年,,行政院主計總處,每年,08_家庭收支調查/家庭收支調查_附錄_調查表格式_民國95年.odt,https://ws.dgbas.gov.tw/win/fies/doc/result/95/a11/Questc.odt,200,43750,bc2c18fe585e2b6d14c52eac1c8094084654d4046333f26819524b9adb2f396e,2026-08-18T06:31:18+00:00
08_家庭收支調查,家庭收支調查_平均每戶家庭收支按戶內人數分_民國94年,,行政院主計總處,每年,08_家庭收支調查/家庭收支調查_平均每戶家庭收支按戶內人數分_民國94年.ods,https://ws.dgbas.gov.tw/001/Upload/463/relfile/11530/210974/45.ods,200,17330,f9242e3f0fc596995bb1294b2ef3280f4a9f4d323cdb19379c17826d3dfa2973,2026-08-18T06:31:19+00:00
08_家庭收支調查,家庭收支調查_平均每戶家庭收支按區域別分_民國94年,,行政院主計總處,每年,08_家庭收支調查/家庭收支調查_平均每戶家庭收支按區域別分_民國94年.ods,https://ws.dgbas.gov.tw/001/Upload/463/relfile/11530/210974/49.ods,200,30521,28ce22d3ab979a817f7f2c92d1d1d8aff1d7436cbadc2b25373d71f5f61b7b87,2026-08-18T06:31:20+00:00
08_家庭收支調查,家庭收支調查_平均每戶家庭收支按農家非農家分_民國94年,,行政院主計總處,每年,08_家庭收支調查/家庭收支調查_平均每戶家庭收支按農家非農家分_民國94年.ods,https://ws.dgbas.gov.tw/001/Upload/463/relfile/11530/210974/61.ods,200,15099,03c9d98e90b18136db9e0dea52d122901313e8aa27d9efc6785f3cb319184008,2026-08-18T06:31:20+00:00
08_家庭收支調查,家庭收支調查_平均每戶家庭收支按經濟戶長職業別分_民國94年,,行政院主計總處,每年,08_家庭收支調查/家庭收支調查_平均每戶家庭收支按經濟戶長職業別分_民國94年.ods,https://ws.dgbas.gov.tw/001/Upload/463/relfile/11530/210974/65.ods,200,21118,ec732216c6f5249ace3af1a0c7805563a8c87cd8e9b5ad1306b3bae27832e98c,2026-08-18T06:31:21+00:00
08_家庭收支調查,家庭收支調查_平均每戶家庭收支按家庭組織型態別分_民國94年,,行政院主計總處,每年,08_家庭收支調查/家庭收支調查_平均每戶家庭收支按家庭組織型態別分_民國94年.ods,https://ws.dgbas.gov.tw/001/Upload/463/relfile/11530/210974/73.ods,200,16521,b216233f04e4c85bcc6c8468491b67b0a22477ba912ce9a4006309e26061f397,2026-08-18T06:31:22+00:00
08_家庭收支調查,家庭收支調查_平均每戶家庭收支依可支配所得按戶數五等分位分_民國94年,,行政院主計總處,每年,08_家庭收支調查/家庭收支調查_平均每戶家庭收支依可支配所得按戶數五等分位分_民國94年.ods,https://ws.dgbas.gov.tw/001/Upload/463/relfile/11530/210974/77.ods,200,15747,a12c2bd83940004374a650259f87c006cb0aae82143be031fd8a238cdc2d65c6,2026-08-18T06:31:23+00:00
08_家庭收支調查,家庭收支調查_平均每戶可支配所得及消費支出按五等分位及戶長性別年齡教育程度分_民國94年,,行政院主計總處,每年,08_家庭收支調查/家庭收支調查_平均每戶可支配所得及消費支出按五等分位及戶長性別年齡教育程度分_民國94年.ods,https://ws.dgbas.gov.tw/001/Upload/463/relfile/11530/210974/81.ods,200,16029,fe856489cae63aaeb1b135ee876c1a35e4eeadd1d09084cf2ae2d2646a8161f3,2026-08-18T06:31:24+00:00
08_家庭收支調查,家庭收支調查_家庭戶數按所得總額組別及經濟戶長性別分_民國94年,,行政院主計總處,每年,08_家庭收支調查/家庭收支調查_家庭戶數按所得總額組別及經濟戶長性別分_民國94年.ods,https://ws.dgbas.gov.tw/001/Upload/463/relfile/11530/210974/87.ods,200,8216,d6a7c39783b5c628e254f0790c06b3ae8a59dd61d56c7528f237afb2aa6982d8,2026-08-18T06:31:27+00:00
08_家庭收支調查,家庭收支調查_家庭住宅及主要設備概況按區域別分_民國94年,,行政院主計總處,每年,08_家庭收支調查/家庭收支調查_家庭住宅及主要設備概況按區域別分_民國94年.ods,https://ws.dgbas.gov.tw/001/Upload/463/relfile/11530/210974/89.ods,200,35824,0a13fe903854475785a500594a790daa6d88d628c087a6623bf652d6edd0bf28,2026-08-18T06:31:28+00:00
08_家庭收支調查,家庭收支調查_家庭住宅及主要設備概況按農家非農家分_民國94年,,行政院主計總處,每年,08_家庭收支調查/家庭收支調查_家庭住宅及主要設備概況按農家非農家分_民國94年.ods,https://ws.dgbas.gov.tw/001/Upload/463/relfile/11530/210974/101.ods,200,17522,e2569ab1638738c7b1b8ddfdd0833728d8398c0a09c5bbfb28da9249710fd11a,2026-08-18T06:31:28+00:00
08_家庭收支調查,家庭收支調查_家庭住宅及主要設備概況依可支配所得按戶數五等分位分_民國94年,,行政院主計總處,每年,08_家庭收支調查/家庭收支調查_家庭住宅及主要設備概況依可支配所得按戶數五等分位分_民國94年.ods,https://ws.dgbas.gov.tw/001/Upload/463/relfile/11530/210974/105.ods,200,17076,cb9735d3822758592fd22e9161a15e5889ad8ff294976a336f63558330044e46,2026-08-18T06:31:29+00:00
08_家庭收支調查,家庭收支調查_所得收入者平均每人所得來源按區域別分_民國94年,,行政院主計總處,每年,08_家庭收支調查/家庭收支調查_所得收入者平均每人所得來源按區域別分_民國94年.ods,https://ws.dgbas.gov.tw/001/Upload/463/relfile/11530/210974/111.ods,200,17361,bd8db1cc4ace2345d1ba2da5b8326c4da46d91cc38c9d87a49a21e18ab1b8846,2026-08-18T06:31:30+00:00
08_家庭收支調查,家庭收支調查_所得收入者平均每人所得來源按農家非農家分_民國94年,,行政院主計總處,每年,08_家庭收支調查/家庭收支調查_所得收入者平均每人所得來源按農家非農家分_民國94年.ods,https://ws.dgbas.gov.tw/001/Upload/463/relfile/11530/210974/117.ods,200,10137,ced77a7e3e685cf7c37cd2c8171873b9f4d6e93e60b442b3832f535286eb75fc,2026-08-18T06:31:31+00:00
08_家庭收支調查,家庭收支調查_所得收入者平均每人所得來源按職業別分_民國94年,,行政院主計總處,每年,08_家庭收支調查/家庭收支調查_所得收入者平均每人所得來源按職業別分_民國94年.ods,https://ws.dgbas.gov.tw/001/Upload/463/relfile/11530/210974/119.ods,200,12723,bf9a5a4b51e6e0082c22aecf4096b3858daa53b421ae91a514550b71ff4cea1a,2026-08-18T06:31:32+00:00
08_家庭收支調查,家庭收支調查_所得收入者平均每人所得來源依可支配所得按五等分位分_民國94年,,行政院主計總處,每年,08_家庭收支調查/家庭收支調查_所得收入者平均每人所得來源依可支配所得按五等分位分_民國94年.ods,https://ws.dgbas.gov.tw/001/Upload/463/relfile/11530/210974/123.ods,200,9843,c7ec28a29f34ceff27aaaafd81eb6acd2340ed0c2f6100d388f5a93a7d88432f,2026-08-18T06:31:33+00:00
08_家庭收支調查,家庭收支調查_所得收入者平均每人可支配所得按五等分位及性別年齡教育程度分_民國94年,,行政院主計總處,每年,08_家庭收支調查/家庭收支調查_所得收入者平均每人可支配所得按五等分位及性別年齡教育程度分_民國94年.ods,https://ws.dgbas.gov.tw/001/Upload/463/relfile/11530/210974/125.ods,200,13184,345ae48569636a8ac6e73f00583d1a92882863726204985e8020a5edb20e228b,2026-08-18T06:31:34+00:00
08_家庭收支調查,家庭收支調查_所得收入者人數按性別及可支配所得組別分_民國94年,,行政院主計總處,每年,08_家庭收支調查/家庭收支調查_所得收入者人數按性別及可支配所得組別分_民國94年.ods,https://ws.dgbas.gov.tw/001/Upload/463/relfile/11530/210974/129.ods,200,9604,0c8b4c1e49a0349a2fafad11b887faf6b2b876f68b851ef5c9598bc568dc5823,2026-08-18T06:31:34+00:00
08_家庭收支調查,家庭收支調查_前言_民國94年,,行政院主計總處,每年,08_家庭收支調查/家庭收支調查_前言_民國94年.odt,https://ws.dgbas.gov.tw/win/fies/doc/result/94/a11/Preface.odt,200,21948,01c502dc7c18adfd7923b61072e53e078fba8b10f0a0f816e773f62ff931ae18,2026-08-18T06:31:35+00:00
08_家庭收支調查,家庭收支調查_綜合分析_民國94年,,行政院主計總處,每年,08_家庭收支調查/家庭收支調查_綜合分析_民國94年.odt,https://ws.dgbas.gov.tw/win/fies/doc/result/94/a11/Analysis.odt,200,44494,f55c2ea83ee4312dbd270c6bfd64cb948309f3ea4ccb8c23295fa2b0bf686a1a,2026-08-18T06:31:36+00:00
08_家庭收支調查,家庭收支調查_附錄_名詞解釋_民國94年,,行政院主計總處,每年,08_家庭收支調查/家庭收支調查_附錄_名詞解釋_民國94年.odt,https://ws.dgbas.gov.tw/win/fies/doc/result/94/a11/Definec.odt,200,26331,689b92b1a97294c613a5bf5f839b62d88a82141d4151c1df561ee73346313cf2,2026-08-18T06:31:37+00:00
08_家庭收支調查,家庭收支調查_附錄_調查方法_民國94年,,行政院主計總處,每年,08_家庭收支調查/家庭收支調查_附錄_調查方法_民國94年.odt,https://ws.dgbas.gov.tw/win/fies/doc/result/94/a11/Methodc.odt,200,53734,fe4e3a1a9cd88c3364249d54ecf47a03d43e0e55ee4fb96043aca06d1ddf8a0f,2026-08-18T06:31:39+00:00
08_家庭收支調查,家庭收支調查_附錄_未刊印之結果表_民國94年,,行政院主計總處,每年,08_家庭收支調查/家庭收支調查_附錄_未刊印之結果表_民國94年.odt,https://ws.dgbas.gov.tw/win/fies/doc/result/94/a11/Appendce.odt,200,17963,73b3546478db7a3c12c300b5679176c1b5c1a0d9c83a0ea185e6f3adc547f394,2026-08-18T06:31:40+00:00
08_家庭收支調查,家庭收支調查_附錄_調查表格式_民國94年,,行政院主計總處,每年,08_家庭收支調查/家庭收支調查_附錄_調查表格式_民國94年.odt,https://ws.dgbas.gov.tw/win/fies/doc/result/94/a11/Questc.odt,200,43744,40a7fb2b44665d920ec234a6687437e01013a447b35e4a4790a6a375d4439644,2026-08-18T06:31:41+00:00
08_家庭收支調查,家庭收支調查_平均每戶家庭收支按戶內人數分_民國93年,,行政院主計總處,每年,08_家庭收支調查/家庭收支調查_平均每戶家庭收支按戶內人數分_民國93年.ods,https://ws.dgbas.gov.tw/001/Upload/463/relfile/11530/210973/45.ods,200,17350,0447feffb75af45dbbcb87be178a55ccd27ffb8ab9eebfd8a13641c12ce3a655,2026-08-18T06:31:42+00:00
08_家庭收支調查,家庭收支調查_平均每戶家庭收支按區域別分_民國93年,,行政院主計總處,每年,08_家庭收支調查/家庭收支調查_平均每戶家庭收支按區域別分_民國93年.ods,https://ws.dgbas.gov.tw/001/Upload/463/relfile/11530/210973/49.ods,200,30586,fc2b7ffd8b93032a373fee54f0a76c306d6fe007e71d423aa58017d34b989f2c,2026-08-18T06:31:43+00:00
08_家庭收支調查,家庭收支調查_平均每戶家庭收支按農家非農家分_民國93年,,行政院主計總處,每年,08_家庭收支調查/家庭收支調查_平均每戶家庭收支按農家非農家分_民國93年.ods,https://ws.dgbas.gov.tw/001/Upload/463/relfile/11530/210973/61.ods,200,15019,83f5e9ed7bf63fd5d5932290a43afd44c7752c02dda0a71d9bf3191fc60db647,2026-08-18T06:31:44+00:00
08_家庭收支調查,家庭收支調查_平均每戶家庭收支按經濟戶長職業別分_民國93年,,行政院主計總處,每年,08_家庭收支調查/家庭收支調查_平均每戶家庭收支按經濟戶長職業別分_民國93年.ods,https://ws.dgbas.gov.tw/001/Upload/463/relfile/11530/210973/65.ods,200,21015,fb822c8b29b03653c6f4d803e707b0ee78ac6044fbcd61bf496a0342975ca524,2026-08-18T06:31:45+00:00
08_家庭收支調查,家庭收支調查_平均每戶家庭收支按家庭組織型態別分_民國93年,,行政院主計總處,每年,08_家庭收支調查/家庭收支調查_平均每戶家庭收支按家庭組織型態別分_民國93年.ods,https://ws.dgbas.gov.tw/001/Upload/463/relfile/11530/210973/73.ods,200,16538,70a029c994ebc67c56e8a27f8091006c57a9a893b2a60aac29c1ac26ac4dfc3d,2026-08-18T06:31:46+00:00
08_家庭收支調查,家庭收支調查_平均每戶家庭收支依可支配所得按戶數五等分位分_民國93年,,行政院主計總處,每年,08_家庭收支調查/家庭收支調查_平均每戶家庭收支依可支配所得按戶數五等分位分_民國93年.ods,https://ws.dgbas.gov.tw/001/Upload/463/relfile/11530/210973/77.ods,200,15822,218e500a935506cf6768534d08d3d9a40991db3d4edeba4146116f51daefb7da,2026-08-18T06:31:46+00:00
08_家庭收支調查,家庭收支調查_平均每戶可支配所得及消費支出按五等分位及戶長性別年齡教育程度分_民國93年,,行政院主計總處,每年,08_家庭收支調查/家庭收支調查_平均每戶可支配所得及消費支出按五等分位及戶長性別年齡教育程度分_民國93年.ods,https://ws.dgbas.gov.tw/001/Upload/463/relfile/11530/210973/81.ods,200,16019,60247b1607f2abad7f971f3f8c3e1ca7b12e35186c692d78bbba2d4c85afffe0,2026-08-18T06:31:48+00:00
08_家庭收支調查,家庭收支調查_家庭戶數按所得總額組別及經濟戶長性別分_民國93年,,行政院主計總處,每年,08_家庭收支調查/家庭收支調查_家庭戶數按所得總額組別及經濟戶長性別分_民國93年.ods,https://ws.dgbas.gov.tw/001/Upload/463/relfile/11530/210973/87.ods,200,8229,0d6a55b6994ecd6432b001c058779c9b443221cb9049e25a2feef9134ed8edca,2026-08-18T06:31:48+00:00
08_家庭收支調查,家庭收支調查_家庭住宅及主要設備概況按區域別分_民國93年,,行政院主計總處,每年,08_家庭收支調查/家庭收支調查_家庭住宅及主要設備概況按區域別分_民國93年.ods,https://ws.dgbas.gov.tw/001/Upload/463/relfile/11530/210973/89.ods,200,35743,0f14606038fa5c331ff36b29749f3c926cf9b4be7a41e671395b3a36645ab080,2026-08-18T06:31:49+00:00
08_家庭收支調查,家庭收支調查_家庭住宅及主要設備概況按農家非農家分_民國93年,,行政院主計總處,每年,08_家庭收支調查/家庭收支調查_家庭住宅及主要設備概況按農家非農家分_民國93年.ods,https://ws.dgbas.gov.tw/001/Upload/463/relfile/11530/210973/101.ods,200,17579,10f313556b1848629124f946d1d450e50fc1ee8464865ba4699097d467866f96,2026-08-18T06:31:50+00:00
08_家庭收支調查,家庭收支調查_家庭住宅及主要設備概況依可支配所得按戶數五等分位分_民國93年,,行政院主計總處,每年,08_家庭收支調查/家庭收支調查_家庭住宅及主要設備概況依可支配所得按戶數五等分位分_民國93年.ods,https://ws.dgbas.gov.tw/001/Upload/463/relfile/11530/210973/105.ods,200,17111,073c5af2bbd1118f4712384801439db78f18b82dec64317510ac32982bf2ff67,2026-08-18T06:31:51+00:00
08_家庭收支調查,家庭收支調查_所得收入者平均每人所得來源按區域別分_民國93年,,行政院主計總處,每年,08_家庭收支調查/家庭收支調查_所得收入者平均每人所得來源按區域別分_民國93年.ods,https://ws.dgbas.gov.tw/001/Upload/463/relfile/11530/210973/111.ods,200,17365,377bb3cf18867aa78e7ee108a7e67c1588e59df4906525990bcd046e978de444,2026-08-18T06:31:52+00:00
08_家庭收支調查,家庭收支調查_所得收入者平均每人所得來源按農家非農家分_民國93年,,行政院主計總處,每年,08_家庭收支調查/家庭收支調查_所得收入者平均每人所得來源按農家非農家分_民國93年.ods,https://ws.dgbas.gov.tw/001/Upload/463/relfile/11530/210973/117.ods,200,10192,6d7cae1f824a70ecdf4f2205d03bcca774abd781e220ec27ac62b666ab614612,2026-08-18T06:31:53+00:00
08_家庭收支調查,家庭收支調查_所得收入者平均每人所得來源按職業別分_民國93年,,行政院主計總處,每年,08_家庭收支調查/家庭收支調查_所得收入者平均每人所得來源按職業別分_民國93年.ods,https://ws.dgbas.gov.tw/001/Upload/463/relfile/11530/210973/119.ods,200,12706,63709b312601c4f4f00fb85dd61f6b4e88ffddeee5b568c10bb9ce2bca44858f,2026-08-18T06:31:54+00:00
08_家庭收支調查,家庭收支調查_所得收入者平均每人所得來源依可支配所得按五等分位分_民國93年,,行政院主計總處,每年,08_家庭收支調查/家庭收支調查_所得收入者平均每人所得來源依可支配所得按五等分位分_民國93年.ods,https://ws.dgbas.gov.tw/001/Upload/463/relfile/11530/210973/123.ods,200,9855,e3fc09bae7c5514820e357d33bc1a32e5c9d3d171576531a51df2039e56efaab,2026-08-18T06:31:55+00:00
08_家庭收支調查,家庭收支調查_所得收入者平均每人可支配所得按五等分位及性別年齡教育程度分_民國93年,,行政院主計總處,每年,08_家庭收支調查/家庭收支調查_所得收入者平均每人可支配所得按五等分位及性別年齡教育程度分_民國93年.ods,https://ws.dgbas.gov.tw/001/Upload/463/relfile/11530/210973/125.ods,200,13185,0c2e8f5b12eec6508c53fb9999572776eff84d35c0e27ef2d907a373ba63b959,2026-08-18T06:31:55+00:00
08_家庭收支調查,家庭收支調查_所得收入者人數按性別及可支配所得組別分_民國93年,,行政院主計總處,每年,08_家庭收支調查/家庭收支調查_所得收入者人數按性別及可支配所得組別分_民國93年.ods,https://ws.dgbas.gov.tw/001/Upload/463/relfile/11530/210973/129.ods,200,9561,97cdfd624a8e1828d07a0b744bcf223a75376b5eefb344d39b6b71de7b1a7907,2026-08-18T06:31:56+00:00
08_家庭收支調查,家庭收支調查_前言_民國93年,,行政院主計總處,每年,08_家庭收支調查/家庭收支調查_前言_民國93年.odt,https://ws.dgbas.gov.tw/win/fies/doc/result/93/a11/Preface.odt,200,21938,2ca712f70497de404eefe899af98d61bb91a166cce2ab811ffc2d1f596d94b63,2026-08-18T06:31:57+00:00
08_家庭收支調查,家庭收支調查_綜合分析_民國93年,,行政院主計總處,每年,08_家庭收支調查/家庭收支調查_綜合分析_民國93年.odt,https://ws.dgbas.gov.tw/win/fies/doc/result/93/a11/Analysis.odt,200,45064,50caefeacfcd526653887de1ae3738d87b293e4dae04f61149de4d82c47fb6a1,2026-08-18T06:31:58+00:00
08_家庭收支調查,家庭收支調查_附錄_名詞解釋_民國93年,,行政院主計總處,每年,08_家庭收支調查/家庭收支調查_附錄_名詞解釋_民國93年.odt,https://ws.dgbas.gov.tw/win/fies/doc/result/93/a11/Definec.odt,200,26248,e1b561d65010dd0f2dbabd3f840431806b8bc35f212503c95e29039247362a76,2026-08-18T06:31:59+00:00
08_家庭收支調查,家庭收支調查_附錄_調查方法_民國93年,,行政院主計總處,每年,08_家庭收支調查/家庭收支調查_附錄_調查方法_民國93年.odt,https://ws.dgbas.gov.tw/win/fies/doc/result/93/a11/Methodc.odt,200,53732,075bfc41face4d0224fd3a173bb5fd6dc91040c670e61532b8eb5eb567a5c2bf,2026-08-18T06:32:00+00:00
08_家庭收支調查,家庭收支調查_附錄_未刊印之結果表_民國93年,,行政院主計總處,每年,08_家庭收支調查/家庭收支調查_附錄_未刊印之結果表_民國93年.odt,https://ws.dgbas.gov.tw/win/fies/doc/result/93/a11/Appendce.odt,200,17942,ebc654b6d31958a34bd59bea582fad68837439cd6be72709a7b0de79b14e2b20,2026-08-18T06:32:01+00:00
08_家庭收支調查,家庭收支調查_附錄_調查表格式_民國93年,,行政院主計總處,每年,08_家庭收支調查/家庭收支調查_附錄_調查表格式_民國93年.odt,https://ws.dgbas.gov.tw/win/fies/doc/result/93/a11/Questc.odt,200,43743,f78bb7962f89ceaad2a7f646c382e27a172af7de15cee382dc1ffbaa84b605db,2026-08-18T06:32:02+00:00
08_家庭收支調查,家庭收支調查_平均每戶家庭收支按戶內人數分_民國92年,,行政院主計總處,每年,08_家庭收支調查/家庭收支調查_平均每戶家庭收支按戶內人數分_民國92年.ods,https://ws.dgbas.gov.tw/001/Upload/463/relfile/11530/210972/45.ods,200,17356,922667e7789ec558fe00659bfcfde1f0621b36bf9fd3949aac87f4cbec1d2091,2026-08-18T06:32:03+00:00
08_家庭收支調查,家庭收支調查_平均每戶家庭收支按區域別分_民國92年,,行政院主計總處,每年,08_家庭收支調查/家庭收支調查_平均每戶家庭收支按區域別分_民國92年.ods,https://ws.dgbas.gov.tw/001/Upload/463/relfile/11530/210972/49.ods,200,30425,12e5b19f07ffff258843dd25a0d4fcb9ab6683a62b43d22b32fb22070cd5b249,2026-08-18T06:32:04+00:00
08_家庭收支調查,家庭收支調查_平均每戶家庭收支按農家非農家分_民國92年,,行政院主計總處,每年,08_家庭收支調查/家庭收支調查_平均每戶家庭收支按農家非農家分_民國92年.ods,https://ws.dgbas.gov.tw/001/Upload/463/relfile/11530/210972/61.ods,200,15016,2e6000bdb11633d8c8ad47a12a315cb7ef8b8e1bcca465e91c6bc7144e322cd4,2026-08-18T06:32:05+00:00
08_家庭收支調查,家庭收支調查_平均每戶家庭收支按經濟戶長職業別分_民國92年,,行政院主計總處,每年,08_家庭收支調查/家庭收支調查_平均每戶家庭收支按經濟戶長職業別分_民國92年.ods,https://ws.dgbas.gov.tw/001/Upload/463/relfile/11530/210972/65.ods,200,21041,4381aabff65fbb3c25b69a12148a350666c6532c68a3e08f525b35844d75d0db,2026-08-18T06:32:06+00:00
08_家庭收支調查,家庭收支調查_平均每戶家庭收支按家庭組織型態別分_民國92年,,行政院主計總處,每年,08_家庭收支調查/家庭收支調查_平均每戶家庭收支按家庭組織型態別分_民國92年.ods,https://ws.dgbas.gov.tw/001/Upload/463/relfile/11530/210972/73.ods,200,16562,6fb6d452013bdc1e66e17dca4b83246ab87520d4e1d5390ef9e73861136292f8,2026-08-18T06:32:07+00:00
08_家庭收支調查,家庭收支調查_平均每戶家庭收支依可支配所得按戶數五等分位分_民國92年,,行政院主計總處,每年,08_家庭收支調查/家庭收支調查_平均每戶家庭收支依可支配所得按戶數五等分位分_民國92年.ods,https://ws.dgbas.gov.tw/001/Upload/463/relfile/11530/210972/77.ods,200,15812,fc9da72f6e3e1f31c67cc5ede1aa67ed0d94bd7142a0dbe4f3fa299daadb2135,2026-08-18T06:32:08+00:00
08_家庭收支調查,家庭收支調查_平均每戶可支配所得及消費支出按五等分位及戶長性別年齡教育程度分_民國92年,,行政院主計總處,每年,08_家庭收支調查/家庭收支調查_平均每戶可支配所得及消費支出按五等分位及戶長性別年齡教育程度分_民國92年.ods,https://ws.dgbas.gov.tw/001/Upload/463/relfile/11530/210972/81.ods,200,15884,ab2885b7f43c7ed027dd2d291341bb66b8122a51f5ffd2216461a45d34d2d35b,2026-08-18T06:32:09+00:00
08_家庭收支調查,家庭收支調查_家庭戶數按所得總額組別及經濟戶長性別分_民國92年,,行政院主計總處,每年,08_家庭收支調查/家庭收支調查_家庭戶數按所得總額組別及經濟戶長性別分_民國92年.ods,https://ws.dgbas.gov.tw/001/Upload/463/relfile/11530/210972/87.ods,200,8206,2c30f50cb4b2d01f07c1175c046c5c40fcfa0d4d879628753a5b69ae868339b0,2026-08-18T06:32:10+00:00
08_家庭收支調查,家庭收支調查_家庭住宅及主要設備概況按區域別分_民國92年,,行政院主計總處,每年,08_家庭收支調查/家庭收支調查_家庭住宅及主要設備概況按區域別分_民國92年.ods,https://ws.dgbas.gov.tw/001/Upload/463/relfile/11530/210972/89.ods,200,36971,190768f0df69c8c2f729e6da8caf56b7de289e50adf36d9fcf96f8283506567f,2026-08-18T06:32:11+00:00
08_家庭收支調查,家庭收支調查_家庭住宅及主要設備概況按農家非農家分_民國92年,,行政院主計總處,每年,08_家庭收支調查/家庭收支調查_家庭住宅及主要設備概況按農家非農家分_民國92年.ods,https://ws.dgbas.gov.tw/001/Upload/463/relfile/11530/210972/101.ods,200,17896,71d3107abd8b9fbbcf99b5ae355846d108e6a65b6964fc5ce50d77ddfece117f,2026-08-18T06:32:12+00:00
08_家庭收支調查,家庭收支調查_家庭住宅及主要設備概況依可支配所得按戶數五等分位分_民國92年,,行政院主計總處,每年,08_家庭收支調查/家庭收支調查_家庭住宅及主要設備概況依可支配所得按戶數五等分位分_民國92年.ods,https://ws.dgbas.gov.tw/001/Upload/463/relfile/11530/210972/105.ods,200,17568,e3a64bd2a9e934717b803cc8b0ccffdb0344bf5833e39cefca0d559e3135ce3a,2026-08-18T06:32:13+00:00
08_家庭收支調查,家庭收支調查_所得收入者平均每人所得來源按區域別分_民國92年,,行政院主計總處,每年,08_家庭收支調查/家庭收支調查_所得收入者平均每人所得來源按區域別分_民國92年.ods,https://ws.dgbas.gov.tw/001/Upload/463/relfile/11530/210972/111.ods,200,17276,32aae19beb38add49cad498993cc046f70c03cd37b59133003ad23c295f534ce,2026-08-18T06:32:14+00:00
08_家庭收支調查,家庭收支調查_所得收入者平均每人所得來源按農家非農家分_民國92年,,行政院主計總處,每年,08_家庭收支調查/家庭收支調查_所得收入者平均每人所得來源按農家非農家分_民國92年.ods,https://ws.dgbas.gov.tw/001/Upload/463/relfile/11530/210972/117.ods,200,10195,a404392bc4ef3e8b9b9c20ba895f424059b916a7a6dd5352c5b2af1b9a1f7fad,2026-08-18T06:32:15+00:00
08_家庭收支調查,家庭收支調查_所得收入者平均每人所得來源按職業別分_民國92年,,行政院主計總處,每年,08_家庭收支調查/家庭收支調查_所得收入者平均每人所得來源按職業別分_民國92年.ods,https://ws.dgbas.gov.tw/001/Upload/463/relfile/11530/210972/119.ods,200,12733,c8d4abdcf76032d986d443a3d79ebfa5e1f22eeb5ed70f0842b3ebbee119e846,2026-08-18T06:32:16+00:00
08_家庭收支調查,家庭收支調查_所得收入者平均每人所得來源依可支配所得按五等分位分_民國92年,,行政院主計總處,每年,08_家庭收支調查/家庭收支調查_所得收入者平均每人所得來源依可支配所得按五等分位分_民國92年.ods,https://ws.dgbas.gov.tw/001/Upload/463/relfile/11530/210972/123.ods,200,9830,4438aaa286b9aa86d0415f1f92cec68880005b678fed3c32e5970d0334bf53c0,2026-08-18T06:32:16+00:00
08_家庭收支調查,家庭收支調查_所得收入者平均每人可支配所得按五等分位及性別年齡教育程度分_民國92年,,行政院主計總處,每年,08_家庭收支調查/家庭收支調查_所得收入者平均每人可支配所得按五等分位及性別年齡教育程度分_民國92年.ods,https://ws.dgbas.gov.tw/001/Upload/463/relfile/11530/210972/125.ods,200,13141,f8921cfbae7af4321f39ceebf5ea7b5963c039b2dcd94cb482ce85ce3e90a531,2026-08-18T06:32:17+00:00
08_家庭收支調查,家庭收支調查_所得收入者人數按性別及可支配所得組別分_民國92年,,行政院主計總處,每年,08_家庭收支調查/家庭收支調查_所得收入者人數按性別及可支配所得組別分_民國92年.ods,https://ws.dgbas.gov.tw/001/Upload/463/relfile/11530/210972/129.ods,200,9581,fedd042c47a4c1cf1dc205eb1d5b0f2aebfbabce2ab82f35eeb24db2c65d95a9,2026-08-18T06:32:18+00:00
08_家庭收支調查,家庭收支調查_前言_民國92年,,行政院主計總處,每年,08_家庭收支調查/家庭收支調查_前言_民國92年.odt,https://ws.dgbas.gov.tw/win/fies/doc/result/92/a11/Preface.odt,200,22330,96b8ff0c8ac9e9ede0cba5e177765ec06f5342accf50df01a387683768757bba,2026-08-18T06:32:19+00:00
08_家庭收支調查,家庭收支調查_綜合分析_民國92年,,行政院主計總處,每年,08_家庭收支調查/家庭收支調查_綜合分析_民國92年.odt,https://ws.dgbas.gov.tw/win/fies/doc/result/92/a11/Analysis.odt,200,58673,23f294a5e104acfa41448fd644c3962619a94d6b5c3e2c4ac0a93d42c529f93f,2026-08-18T06:32:20+00:00
08_家庭收支調查,家庭收支調查_附錄_名詞解釋_民國92年,,行政院主計總處,每年,08_家庭收支調查/家庭收支調查_附錄_名詞解釋_民國92年.odt,https://ws.dgbas.gov.tw/win/fies/doc/result/92/a11/Definec.odt,200,31977,25035a2bc22bf37260ca15852ad747dcdaa95beed5178adb5db49600ca9bd1ba,2026-08-18T06:32:21+00:00
08_家庭收支調查,家庭收支調查_附錄_調查方法_民國92年,,行政院主計總處,每年,08_家庭收支調查/家庭收支調查_附錄_調查方法_民國92年.odt,https://ws.dgbas.gov.tw/win/fies/doc/result/92/a11/Methodc.odt,200,53638,8f74e884c224252093970dc0b8777d26871ecbe83c58b6a222a0aba9b726957c,2026-08-18T06:32:22+00:00
08_家庭收支調查,家庭收支調查_附錄_未刊印之結果表_民國92年,,行政院主計總處,每年,08_家庭收支調查/家庭收支調查_附錄_未刊印之結果表_民國92年.odt,https://ws.dgbas.gov.tw/win/fies/doc/result/92/a11/Appendce.odt,200,17945,a4c29b3f6299a483f5aa51bc5f0d8256fdd64c558937e1f979fd8bd594946978,2026-08-18T06:32:24+00:00
08_家庭收支調查,家庭收支調查_附錄_調查表格式_民國92年,,行政院主計總處,每年,08_家庭收支調查/家庭收支調查_附錄_調查表格式_民國92年.odt,https://ws.dgbas.gov.tw/win/fies/doc/result/92/a11/Questc.odt,200,44385,cf27d31f6ed85595620ef569a7d6403e0a5468160d93770d4297fc5fb29454bd,2026-08-18T06:32:25+00:00
08_家庭收支調查,家庭收支調查_平均每戶家庭收支按戶內人數分_民國91年,,行政院主計總處,每年,08_家庭收支調查/家庭收支調查_平均每戶家庭收支按戶內人數分_民國91年.ods,https://ws.dgbas.gov.tw/001/Upload/463/relfile/11530/210971/45.ods,200,17338,f85ac9aa758dcf2dd96ab78efbe5580a83655996b9bd42f5daf1b03b610ff3e0,2026-08-18T06:32:25+00:00
08_家庭收支調查,家庭收支調查_平均每戶家庭收支按區域別分_民國91年,,行政院主計總處,每年,08_家庭收支調查/家庭收支調查_平均每戶家庭收支按區域別分_民國91年.ods,https://ws.dgbas.gov.tw/001/Upload/463/relfile/11530/210971/49.ods,200,30489,59b0ba377f79863a2f7c7f46ddacfc5798fba664c259808d9168d45f12d87821,2026-08-18T06:32:26+00:00
08_家庭收支調查,家庭收支調查_平均每戶家庭收支按農家非農家分_民國91年,,行政院主計總處,每年,08_家庭收支調查/家庭收支調查_平均每戶家庭收支按農家非農家分_民國91年.ods,https://ws.dgbas.gov.tw/001/Upload/463/relfile/11530/210971/61.ods,200,16839,e2ffa153def4b5f3cb919c9b8444f1dba0904b55bcde1d3e3cab2a52f96fca02,2026-08-18T06:32:27+00:00
08_家庭收支調查,家庭收支調查_平均每戶家庭收支按經濟戶長職業別分_民國91年,,行政院主計總處,每年,08_家庭收支調查/家庭收支調查_平均每戶家庭收支按經濟戶長職業別分_民國91年.ods,https://ws.dgbas.gov.tw/001/Upload/463/relfile/11530/210971/65.ods,200,21099,de5a284c8e0cdfb7c927e8358652b9321af0b06b7cb0667a90dbadd28f4dea3f,2026-08-18T06:32:28+00:00
08_家庭收支調查,家庭收支調查_平均每戶家庭收支按家庭組織型態別分_民國91年,,行政院主計總處,每年,08_家庭收支調查/家庭收支調查_平均每戶家庭收支按家庭組織型態別分_民國91年.ods,https://ws.dgbas.gov.tw/001/Upload/463/relfile/11530/210971/73.ods,200,18717,10655becf13b6156ba360bfcc5517b42fe23deb6ad92a935cfceae257245ec17,2026-08-18T06:32:30+00:00
08_家庭收支調查,家庭收支調查_平均每戶家庭收支依可支配所得按戶數五等分位分_民國91年,,行政院主計總處,每年,08_家庭收支調查/家庭收支調查_平均每戶家庭收支依可支配所得按戶數五等分位分_民國91年.ods,https://ws.dgbas.gov.tw/001/Upload/463/relfile/11530/210971/77.ods,200,17666,3b8088a7b06482c7703939ea204b126afa948ce85f2c0ab11fcf2f70d3ff9c50,2026-08-18T06:32:30+00:00
08_家庭收支調查,家庭收支調查_平均每戶可支配所得及消費支出按五等分位及戶長性別年齡教育程度分_民國91年,,行政院主計總處,每年,08_家庭收支調查/家庭收支調查_平均每戶可支配所得及消費支出按五等分位及戶長性別年齡教育程度分_民國91年.ods,https://ws.dgbas.gov.tw/001/Upload/463/relfile/11530/210971/81.ods,200,15897,35fc4bf9ed7167e453071850a45e74b7f4bb81547c2998663ebb0859c6d585d5,2026-08-18T06:32:31+00:00
08_家庭收支調查,家庭收支調查_家庭戶數按所得總額組別及經濟戶長性別分_民國91年,,行政院主計總處,每年,08_家庭收支調查/家庭收支調查_家庭戶數按所得總額組別及經濟戶長性別分_民國91年.ods,https://ws.dgbas.gov.tw/001/Upload/463/relfile/11530/210971/87.ods,200,10490,b66df010f59902a84ef818807a11d9001725cfd240783da11358794af1db9040,2026-08-18T06:32:32+00:00
08_家庭收支調查,家庭收支調查_家庭住宅及主要設備概況按區域別分_民國91年,,行政院主計總處,每年,08_家庭收支調查/家庭收支調查_家庭住宅及主要設備概況按區域別分_民國91年.ods,https://ws.dgbas.gov.tw/001/Upload/463/relfile/11530/210971/89.ods,200,36889,197edcd2d0be208b50111cc26c4c4fd8d139ae190d4ca2dad77944be4d86ea10,2026-08-18T06:32:33+00:00
08_家庭收支調查,家庭收支調查_家庭住宅及主要設備概況按農家非農家分_民國91年,,行政院主計總處,每年,08_家庭收支調查/家庭收支調查_家庭住宅及主要設備概況按農家非農家分_民國91年.ods,https://ws.dgbas.gov.tw/001/Upload/463/relfile/11530/210971/101.ods,200,20093,690f45deccda5267665485efb2b39412f8395dd16aa41f5ab0681f6340143603,2026-08-18T06:32:34+00:00
08_家庭收支調查,家庭收支調查_家庭住宅及主要設備概況依可支配所得按戶數五等分位分_民國91年,,行政院主計總處,每年,08_家庭收支調查/家庭收支調查_家庭住宅及主要設備概況依可支配所得按戶數五等分位分_民國91年.ods,https://ws.dgbas.gov.tw/001/Upload/463/relfile/11530/210971/105.ods,200,17569,34e1650640f5d1ba6522f0ca9c860fc9e5e34e8cca3cca49fd4c93f6812defe9,2026-08-18T06:32:35+00:00
08_家庭收支調查,家庭收支調查_所得收入者平均每人所得來源按區域別分_民國91年,,行政院主計總處,每年,08_家庭收支調查/家庭收支調查_所得收入者平均每人所得來源按區域別分_民國91年.ods,https://ws.dgbas.gov.tw/001/Upload/463/relfile/11530/210971/111.ods,200,19295,1d39506535bc2119a5283f1c950e63efa29ca162072554a3a738b2b214bf6b99,2026-08-18T06:32:36+00:00
08_家庭收支調查,家庭收支調查_所得收入者平均每人所得來源按農家非農家分_民國91年,,行政院主計總處,每年,08_家庭收支調查/家庭收支調查_所得收入者平均每人所得來源按農家非農家分_民國91年.ods,https://ws.dgbas.gov.tw/001/Upload/463/relfile/11530/210971/117.ods,200,12137,109155b40ca8165c182bbd50f675db40970ce9002f85774d2a5b6fa7df75901e,2026-08-18T06:32:37+00:00
08_家庭收支調查,家庭收支調查_所得收入者平均每人所得來源按職業別分_民國91年,,行政院主計總處,每年,08_家庭收支調查/家庭收支調查_所得收入者平均每人所得來源按職業別分_民國91年.ods,https://ws.dgbas.gov.tw/001/Upload/463/relfile/11530/210971/119.ods,200,14345,235422c317b9997e70f14c3d87033ffa011987042c0d465978072b6d0aab0817,2026-08-18T06:32:38+00:00
08_家庭收支調查,家庭收支調查_所得收入者平均每人所得來源依可支配所得按五等分位分_民國91年,,行政院主計總處,每年,08_家庭收支調查/家庭收支調查_所得收入者平均每人所得來源依可支配所得按五等分位分_民國91年.ods,https://ws.dgbas.gov.tw/001/Upload/463/relfile/11530/210971/123.ods,200,12006,0942c757f6b2f95ae2cbb86eb97df67540b86586de39f40b0117d7d3ce7fe9b0,2026-08-18T06:32:38+00:00
08_家庭收支調查,家庭收支調查_所得收入者平均每人可支配所得按五等分位及性別年齡教育程度分_民國91年,,行政院主計總處,每年,08_家庭收支調查/家庭收支調查_所得收入者平均每人可支配所得按五等分位及性別年齡教育程度分_民國91年.ods,https://ws.dgbas.gov.tw/001/Upload/463/relfile/11530/210971/125.ods,200,15112,78476b0547e55f5394f508a7d401b31456f3afa6027a1292b237e6194085ceb8,2026-08-18T06:32:39+00:00
08_家庭收支調查,家庭收支調查_所得收入者人數按性別及可支配所得組別分_民國91年,,行政院主計總處,每年,08_家庭收支調查/家庭收支調查_所得收入者人數按性別及可支配所得組別分_民國91年.ods,https://ws.dgbas.gov.tw/001/Upload/463/relfile/11530/210971/129.ods,200,11467,fe8ff263a092073812dba718ef55b98181e930cf552043f6b453a99a357f6df4,2026-08-18T06:32:40+00:00
08_家庭收支調查,家庭收支調查_前言_民國91年,,行政院主計總處,每年,08_家庭收支調查/家庭收支調查_前言_民國91年.odt,https://ws.dgbas.gov.tw/win/fies/doc/result/91/a11/Preface.odt,200,22317,104502be9eddc68cd08cbe0c3ff62c6cc74f48bcdf4367bc3ea03a7a47f6b326,2026-08-18T06:32:41+00:00
08_家庭收支調查,家庭收支調查_綜合分析_民國91年,,行政院主計總處,每年,08_家庭收支調查/家庭收支調查_綜合分析_民國91年.odt,https://ws.dgbas.gov.tw/win/fies/doc/result/91/a11/Analysis.odt,200,66577,c5ef406e9ce01241c7fbf12192243d4231c0e682b0c870426a4a9210a7f60b18,2026-08-18T06:32:42+00:00
08_家庭收支調查,家庭收支調查_附錄_名詞解釋_民國91年,,行政院主計總處,每年,08_家庭收支調查/家庭收支調查_附錄_名詞解釋_民國91年.odt,https://ws.dgbas.gov.tw/win/fies/doc/result/91/a11/Definec.odt,200,31921,a9401219e4e496cdb74d58a91035f446cf1152a0c9c4b1a3ef4a0108b30f40d5,2026-08-18T06:32:43+00:00
08_家庭收支調查,家庭收支調查_附錄_調查方法_民國91年,,行政院主計總處,每年,08_家庭收支調查/家庭收支調查_附錄_調查方法_民國91年.odt,https://ws.dgbas.gov.tw/win/fies/doc/result/91/a11/Methodc.odt,200,53765,91b4948e590a9fc3777857c0511c476b0aa6a63fa2e76a113017f55264358881,2026-08-18T06:32:45+00:00
08_家庭收支調查,家庭收支調查_附錄_未刊印之結果表_民國91年,,行政院主計總處,每年,08_家庭收支調查/家庭收支調查_附錄_未刊印之結果表_民國91年.odt,https://ws.dgbas.gov.tw/win/fies/doc/result/91/a11/Appendce.odt,200,17948,abca9ff78ed2efefd074a8851daa831a1f31b0974405539eebd03c1e47b8adfb,2026-08-18T06:32:46+00:00
08_家庭收支調查,家庭收支調查_附錄_調查表格式_民國91年,,行政院主計總處,每年,08_家庭收支調查/家庭收支調查_附錄_調查表格式_民國91年.odt,https://ws.dgbas.gov.tw/win/fies/doc/result/91/a11/Questc.odt,200,44531,35e534c335e262a1042e4b5f6cc21366d950f90176a0275086f0addeb307d06b,2026-08-18T06:32:47+00:00
08_家庭收支調查,家庭收支調查_平均每戶家庭收支按戶內人數分_民國90年,,行政院主計總處,每年,08_家庭收支調查/家庭收支調查_平均每戶家庭收支按戶內人數分_民國90年.ods,https://ws.dgbas.gov.tw/001/Upload/463/relfile/11530/210970/45.ods,200,17316,c6edd674c7d35e31d311dfc22dd2bb3e4553f9716285d17f286aaf2e41cbe8f6,2026-08-18T06:32:47+00:00
08_家庭收支調查,家庭收支調查_平均每戶家庭收支按區域別分_民國90年,,行政院主計總處,每年,08_家庭收支調查/家庭收支調查_平均每戶家庭收支按區域別分_民國90年.ods,https://ws.dgbas.gov.tw/001/Upload/463/relfile/11530/210970/49.ods,200,30326,47a5401f3a7c4a3f3d0aca8399586a1ff8cec3724b8e67fa7760a282283e67d7,2026-08-18T06:32:49+00:00
08_家庭收支調查,家庭收支調查_平均每戶家庭收支按農家非農家分_民國90年,,行政院主計總處,每年,08_家庭收支調查/家庭收支調查_平均每戶家庭收支按農家非農家分_民國90年.ods,https://ws.dgbas.gov.tw/001/Upload/463/relfile/11530/210970/61.ods,200,15008,b602cf278d9e0143952e95a92e39165dc90add143e54613a10fa1e36ae410ed5,2026-08-18T06:32:50+00:00
08_家庭收支調查,家庭收支調查_平均每戶家庭收支按經濟戶長職業別分_民國90年,,行政院主計總處,每年,08_家庭收支調查/家庭收支調查_平均每戶家庭收支按經濟戶長職業別分_民國90年.ods,https://ws.dgbas.gov.tw/001/Upload/463/relfile/11530/210970/65.ods,200,21065,a11081d7b6ce32c4c3255c21d86b6e318592fce17dee258cf95acd845af1fd0e,2026-08-18T06:32:51+00:00
08_家庭收支調查,家庭收支調查_平均每戶家庭收支按家庭組織型態別分_民國90年,,行政院主計總處,每年,08_家庭收支調查/家庭收支調查_平均每戶家庭收支按家庭組織型態別分_民國90年.ods,https://ws.dgbas.gov.tw/001/Upload/463/relfile/11530/210970/73.ods,200,16555,396bf5f0d3538799fb6cbe7debe74a56e7879623da7951a8a7191c77ba08fec6,2026-08-18T06:32:52+00:00
08_家庭收支調查,家庭收支調查_平均每戶家庭收支依可支配所得按戶數五等分位分_民國90年,,行政院主計總處,每年,08_家庭收支調查/家庭收支調查_平均每戶家庭收支依可支配所得按戶數五等分位分_民國90年.ods,https://ws.dgbas.gov.tw/001/Upload/463/relfile/11530/210970/77.ods,200,15777,d97722061caa45307e31c6f24374920ef7316a5a17d641eb9f5edd003662cf77,2026-08-18T06:32:53+00:00
08_家庭收支調查,家庭收支調查_平均每戶可支配所得及消費支出按五等分位及戶長性別年齡教育程度分_民國90年,,行政院主計總處,每年,08_家庭收支調查/家庭收支調查_平均每戶可支配所得及消費支出按五等分位及戶長性別年齡教育程度分_民國90年.ods,https://ws.dgbas.gov.tw/001/Upload/463/relfile/11530/210970/81.ods,200,15969,9a9dec4dc07145c21c0d6548c1031c6c3352f3911fd915a375acd9bbe1c12922,2026-08-18T06:32:53+00:00
08_家庭收支調查,家庭收支調查_家庭戶數按所得總額組別及經濟戶長性別分_民國90年,,行政院主計總處,每年,08_家庭收支調查/家庭收支調查_家庭戶數按所得總額組別及經濟戶長性別分_民國90年.ods,https://ws.dgbas.gov.tw/001/Upload/463/relfile/11530/210970/87.ods,200,8214,de580ddbc58f5ed176f48fa9102bbf7737c5d9a89a6e4849f2a812a2733e7ba9,2026-08-18T06:32:54+00:00
08_家庭收支調查,家庭收支調查_家庭住宅及主要設備概況按區域別分_民國90年,,行政院主計總處,每年,08_家庭收支調查/家庭收支調查_家庭住宅及主要設備概況按區域別分_民國90年.ods,https://ws.dgbas.gov.tw/001/Upload/463/relfile/11530/210970/89.ods,200,36813,ac38fd37c00a461c1d09056677db5dfa0f5d4ae4e9bd38812cbe72838d6959c0,2026-08-18T06:32:55+00:00
08_家庭收支調查,家庭收支調查_家庭住宅及主要設備概況按農家非農家分_民國90年,,行政院主計總處,每年,08_家庭收支調查/家庭收支調查_家庭住宅及主要設備概況按農家非農家分_民國90年.ods,https://ws.dgbas.gov.tw/001/Upload/463/relfile/11530/210970/101.ods,200,18011,38d74ba2b904dad925a040da53bb6d78d4f77b1c8609ac683c1acbd11a7c0274,2026-08-18T06:32:56+00:00
08_家庭收支調查,家庭收支調查_家庭住宅及主要設備概況依可支配所得按戶數五等分位分_民國90年,,行政院主計總處,每年,08_家庭收支調查/家庭收支調查_家庭住宅及主要設備概況依可支配所得按戶數五等分位分_民國90年.ods,https://ws.dgbas.gov.tw/001/Upload/463/relfile/11530/210970/105.ods,200,17654,e71d7da19198e60401811804862b1da58c3620c0c9c60bd06534a8b30f9b9a36,2026-08-18T06:32:57+00:00
08_家庭收支調查,家庭收支調查_所得收入者平均每人所得來源按區域別分_民國90年,,行政院主計總處,每年,08_家庭收支調查/家庭收支調查_所得收入者平均每人所得來源按區域別分_民國90年.ods,https://ws.dgbas.gov.tw/001/Upload/463/relfile/11530/210970/111.ods,200,17379,374790367bd3809937bdc2f688f1d71395b9fe8cf39adaa478ccba71493a8857,2026-08-18T06:32:58+00:00
08_家庭收支調查,家庭收支調查_所得收入者平均每人所得來源按農家非農家分_民國90年,,行政院主計總處,每年,08_家庭收支調查/家庭收支調查_所得收入者平均每人所得來源按農家非農家分_民國90年.ods,https://ws.dgbas.gov.tw/001/Upload/463/relfile/11530/210970/117.ods,200,10169,ed879f743933316c9e8b6b368aefad1699803bdc008a5c9aca7a3d1eb8d59fc9,2026-08-18T06:32:59+00:00
08_家庭收支調查,家庭收支調查_所得收入者平均每人所得來源按職業別分_民國90年,,行政院主計總處,每年,08_家庭收支調查/家庭收支調查_所得收入者平均每人所得來源按職業別分_民國90年.ods,https://ws.dgbas.gov.tw/001/Upload/463/relfile/11530/210970/119.ods,200,12739,06fcc648afb42722d80953144d6ee5f9987c05606a12e1c1a60e2370b97b3a8e,2026-08-18T06:33:00+00:00
08_家庭收支調查,家庭收支調查_所得收入者平均每人所得來源依可支配所得按五等分位分_民國90年,,行政院主計總處,每年,08_家庭收支調查/家庭收支調查_所得收入者平均每人所得來源依可支配所得按五等分位分_民國90年.ods,https://ws.dgbas.gov.tw/001/Upload/463/relfile/11530/210970/123.ods,200,9878,05d31091cd92fe03cbf3a217ba64da67e3cb51066e30147516370deafc059873,2026-08-18T06:33:01+00:00
08_家庭收支調查,家庭收支調查_所得收入者平均每人可支配所得按五等分位及性別年齡教育程度分_民國90年,,行政院主計總處,每年,08_家庭收支調查/家庭收支調查_所得收入者平均每人可支配所得按五等分位及性別年齡教育程度分_民國90年.ods,https://ws.dgbas.gov.tw/001/Upload/463/relfile/11530/210970/125.ods,200,13130,5af3d8b637c5def5d255603e05e77774c03bc186522899f8674d1409c8145a25,2026-08-18T06:33:02+00:00
08_家庭收支調查,家庭收支調查_所得收入者人數按性別及可支配所得組別分_民國90年,,行政院主計總處,每年,08_家庭收支調查/家庭收支調查_所得收入者人數按性別及可支配所得組別分_民國90年.ods,https://ws.dgbas.gov.tw/001/Upload/463/relfile/11530/210970/129.ods,200,9582,f8240bc2b0d205db3cbde33eacf9c4528bf8d55594af25f7d4fcb30df65e4f8a,2026-08-18T06:33:02+00:00
08_家庭收支調查,家庭收支調查_前言_民國90年,,行政院主計總處,每年,08_家庭收支調查/家庭收支調查_前言_民國90年.odt,https://ws.dgbas.gov.tw/win/fies/doc/result/90/a11/Preface.odt,200,22288,495e9e3a71cc991ea51738e803dedd34d6d42837738a48a73168e37e473bf06f,2026-08-18T06:33:03+00:00
08_家庭收支調查,家庭收支調查_綜合分析_民國90年,,行政院主計總處,每年,08_家庭收支調查/家庭收支調查_綜合分析_民國90年.odt,https://ws.dgbas.gov.tw/win/fies/doc/result/90/a11/Analysis.odt,200,90048,84868ef058521e974705bfab0381ba50dc5823384ff317920da22da15abde291,2026-08-18T06:33:05+00:00
08_家庭收支調查,家庭收支調查_附錄_名詞解釋_民國90年,,行政院主計總處,每年,08_家庭收支調查/家庭收支調查_附錄_名詞解釋_民國90年.odt,https://ws.dgbas.gov.tw/win/fies/doc/result/90/a11/Definec.odt,200,25597,bf7eb8535589d43313d890006618221a6407e847e394aa3df0f813bf3f8f0495,2026-08-18T06:33:05+00:00
08_家庭收支調查,家庭收支調查_附錄_調查方法_民國90年,,行政院主計總處,每年,08_家庭收支調查/家庭收支調查_附錄_調查方法_民國90年.odt,https://ws.dgbas.gov.tw/win/fies/doc/result/90/a11/Methodc.odt,200,53499,fdec4f083a5e0fc37237592957a8f2f91649fbe4d7a61a1d471dd73ea0ffbfde,2026-08-18T06:33:07+00:00
08_家庭收支調查,家庭收支調查_附錄_未刊印之結果表_民國90年,,行政院主計總處,每年,08_家庭收支調查/家庭收支調查_附錄_未刊印之結果表_民國90年.odt,https://ws.dgbas.gov.tw/win/fies/doc/result/90/a11/Appendce.odt,200,17941,daba9007be0142aaade130fdc5b61d3c8d5ac269241b155ae4ae840a9b6090d7,2026-08-18T06:33:08+00:00
08_家庭收支調查,家庭收支調查_附錄_調查表格式_民國90年,,行政院主計總處,每年,08_家庭收支調查/家庭收支調查_附錄_調查表格式_民國90年.odt,https://ws.dgbas.gov.tw/win/fies/doc/result/90/a11/Questc.odt,200,44506,1da14fb55b8a157ae10fea4445f140d9d46c32fac466447777921ae0bc2d1d71,2026-08-18T06:33:09+00:00
08_家庭收支調查,家庭收支調查_平均每戶家庭收支按戶內人數分_民國89年,,行政院主計總處,每年,08_家庭收支調查/家庭收支調查_平均每戶家庭收支按戶內人數分_民國89年.ods,https://ws.dgbas.gov.tw/001/Upload/463/relfile/11530/210969/45.ods,200,17287,88b27ec84acb354d848d74f75e167ecdf79ee0e4c71b89f77ac70af4a437247e,2026-08-18T06:33:10+00:00
08_家庭收支調查,家庭收支調查_平均每戶家庭收支按區域別分_民國89年,,行政院主計總處,每年,08_家庭收支調查/家庭收支調查_平均每戶家庭收支按區域別分_民國89年.ods,https://ws.dgbas.gov.tw/001/Upload/463/relfile/11530/210969/49.ods,200,30407,17f774e4707f3c7eae1106c7c7b6ed57bb75dada01d9ecff3eba7688e7809bf2,2026-08-18T06:33:11+00:00
08_家庭收支調查,家庭收支調查_平均每戶家庭收支按農家非農家分_民國89年,,行政院主計總處,每年,08_家庭收支調查/家庭收支調查_平均每戶家庭收支按農家非農家分_民國89年.ods,https://ws.dgbas.gov.tw/001/Upload/463/relfile/11530/210969/61.ods,200,15047,f83725744715cc802a91e15cc11605df23f9482fe24a3609d9ecf4c8ee7f54d0,2026-08-18T06:33:12+00:00
08_家庭收支調查,家庭收支調查_平均每戶家庭收支按經濟戶長職業別分_民國89年,,行政院主計總處,每年,08_家庭收支調查/家庭收支調查_平均每戶家庭收支按經濟戶長職業別分_民國89年.ods,https://ws.dgbas.gov.tw/001/Upload/463/relfile/11530/210969/65.ods,200,21025,045cfaf6246696a1894e82f91547f36839b34e1f075867e1f8b5b3bb89a40a76,2026-08-18T06:33:13+00:00
08_家庭收支調查,家庭收支調查_平均每戶家庭收支按家庭組織型態別分_民國89年,,行政院主計總處,每年,08_家庭收支調查/家庭收支調查_平均每戶家庭收支按家庭組織型態別分_民國89年.ods,https://ws.dgbas.gov.tw/001/Upload/463/relfile/11530/210969/73.ods,200,16522,12dca1f777dab394b6c9db7a342c03fea295ed1b12007a86f5725e891dbc7f84,2026-08-18T06:33:14+00:00
08_家庭收支調查,家庭收支調查_平均每戶家庭收支依可支配所得按戶數五等分位分_民國89年,,行政院主計總處,每年,08_家庭收支調查/家庭收支調查_平均每戶家庭收支依可支配所得按戶數五等分位分_民國89年.ods,https://ws.dgbas.gov.tw/001/Upload/463/relfile/11530/210969/77.ods,200,15794,e6f021d60c00d911e278185cbf018a9f9a5df5db6f84c657fca003ab813eee55,2026-08-18T06:33:15+00:00
08_家庭收支調查,家庭收支調查_平均每戶可支配所得及消費支出按五等分位及戶長性別年齡教育程度分_民國89年,,行政院主計總處,每年,08_家庭收支調查/家庭收支調查_平均每戶可支配所得及消費支出按五等分位及戶長性別年齡教育程度分_民國89年.ods,https://ws.dgbas.gov.tw/001/Upload/463/relfile/11530/210969/81.ods,200,15962,ac434c7ce5d8dae6cc19325c89a477b9b25dcc32a76436654569a0a86dafc7f4,2026-08-18T06:33:16+00:00
08_家庭收支調查,家庭收支調查_家庭戶數按所得總額組別及經濟戶長性別分_民國89年,,行政院主計總處,每年,08_家庭收支調查/家庭收支調查_家庭戶數按所得總額組別及經濟戶長性別分_民國89年.ods,https://ws.dgbas.gov.tw/001/Upload/463/relfile/11530/210969/87.ods,200,8223,9fc49b040ba7ded65aa614a896b96bca84658da739aabf6bc080e22507088ba5,2026-08-18T06:33:17+00:00
08_家庭收支調查,家庭收支調查_家庭住宅及主要設備概況按區域別分_民國89年,,行政院主計總處,每年,08_家庭收支調查/家庭收支調查_家庭住宅及主要設備概況按區域別分_民國89年.ods,https://ws.dgbas.gov.tw/001/Upload/463/relfile/11530/210969/89.ods,200,36969,2d8b04dd48403322f38391a66076f2d563c9ecf17faceacab42b1dc1db844734,2026-08-18T06:33:18+00:00
08_家庭收支調查,家庭收支調查_家庭住宅及主要設備概況按農家非農家分_民國89年,,行政院主計總處,每年,08_家庭收支調查/家庭收支調查_家庭住宅及主要設備概況按農家非農家分_民國89年.ods,https://ws.dgbas.gov.tw/001/Upload/463/relfile/11530/210969/101.ods,200,18042,658235e65efee56f0934bf113e32e9ff2c31a9a1ec3b1a080ae02a73cee9582a,2026-08-18T06:33:19+00:00
08_家庭收支調查,家庭收支調查_家庭住宅及主要設備概況依可支配所得按戶數五等分位分_民國89年,,行政院主計總處,每年,08_家庭收支調查/家庭收支調查_家庭住宅及主要設備概況依可支配所得按戶數五等分位分_民國89年.ods,https://ws.dgbas.gov.tw/001/Upload/463/relfile/11530/210969/105.ods,200,17753,7fa53004e365c832c6b5e7d80c8670a1d8cc8b88f375ea6faa11ce846bd34bd9,2026-08-18T06:33:20+00:00
08_家庭收支調查,家庭收支調查_所得收入者平均每人所得來源按區域別分_民國89年,,行政院主計總處,每年,08_家庭收支調查/家庭收支調查_所得收入者平均每人所得來源按區域別分_民國89年.ods,https://ws.dgbas.gov.tw/001/Upload/463/relfile/11530/210969/111.ods,200,17347,6e26b1d806b5cd774adc65314cba93ee23cf5759e2599a79e8a4492e55bfbd93,2026-08-18T06:33:21+00:00
08_家庭收支調查,家庭收支調查_所得收入者平均每人所得來源按農家非農家分_民國89年,,行政院主計總處,每年,08_家庭收支調查/家庭收支調查_所得收入者平均每人所得來源按農家非農家分_民國89年.ods,https://ws.dgbas.gov.tw/001/Upload/463/relfile/11530/210969/117.ods,200,10124,c2f0b43c5c6f15b62e19cb3a58c4020ead539bdb687a8c29ad4c837775b295ab,2026-08-18T06:33:22+00:00
08_家庭收支調查,家庭收支調查_所得收入者平均每人所得來源按職業別分_民國89年,,行政院主計總處,每年,08_家庭收支調查/家庭收支調查_所得收入者平均每人所得來源按職業別分_民國89年.ods,https://ws.dgbas.gov.tw/001/Upload/463/relfile/11530/210969/119.ods,200,12691,f971f212beb0ef097cfd64e9197afbec1cd2f36aa51d1ba5493960f6395f911a,2026-08-18T06:33:22+00:00
08_家庭收支調查,家庭收支調查_所得收入者平均每人所得來源依可支配所得按五等分位分_民國89年,,行政院主計總處,每年,08_家庭收支調查/家庭收支調查_所得收入者平均每人所得來源依可支配所得按五等分位分_民國89年.ods,https://ws.dgbas.gov.tw/001/Upload/463/relfile/11530/210969/123.ods,200,9856,5a0e4e0f10b41b0b995701be37681d4ce9723dc38506f4f97b033bf75e341dae,2026-08-18T06:33:23+00:00
08_家庭收支調查,家庭收支調查_所得收入者平均每人可支配所得按五等分位及性別年齡教育程度分_民國89年,,行政院主計總處,每年,08_家庭收支調查/家庭收支調查_所得收入者平均每人可支配所得按五等分位及性別年齡教育程度分_民國89年.ods,https://ws.dgbas.gov.tw/001/Upload/463/relfile/11530/210969/125.ods,200,13130,a52e1bcc884dbf567a4c88695e153d7abe069b496517ba86c5f7db79da72ed1b,2026-08-18T06:33:24+00:00
08_家庭收支調查,家庭收支調查_所得收入者人數按性別及可支配所得組別分_民國89年,,行政院主計總處,每年,08_家庭收支調查/家庭收支調查_所得收入者人數按性別及可支配所得組別分_民國89年.ods,https://ws.dgbas.gov.tw/001/Upload/463/relfile/11530/210969/129.ods,200,9557,a7a3067353cbb481453546fe913ceecd78de381d76b3d7d6cf6922de00d1b255,2026-08-18T06:33:25+00:00
08_家庭收支調查,家庭收支調查_前言_民國89年,,行政院主計總處,每年,08_家庭收支調查/家庭收支調查_前言_民國89年.odt,https://ws.dgbas.gov.tw/win/fies/doc/result/89/a11/Preface.odt,200,21491,9b477149e7f8fe99429e4f8bddc00cf1623a93d41a405aaefed00c36192bec77,2026-08-18T06:33:26+00:00
08_家庭收支調查,家庭收支調查_綜合分析_民國89年,,行政院主計總處,每年,08_家庭收支調查/家庭收支調查_綜合分析_民國89年.odt,https://ws.dgbas.gov.tw/win/fies/doc/result/89/a11/Analysis.odt,200,82868,259164c64c0cad0bf3de63a7862911dec902b1b4c3fb262a66d2f6b913034de2,2026-08-18T06:33:27+00:00
08_家庭收支調查,家庭收支調查_附錄_名詞解釋_民國89年,,行政院主計總處,每年,08_家庭收支調查/家庭收支調查_附錄_名詞解釋_民國89年.odt,https://ws.dgbas.gov.tw/win/fies/doc/result/89/a11/Definec.odt,200,25668,41115ce012ab3cd5b0dd555d0bc5535d8f1b4b0ff272b386e26c75293c2ea575,2026-08-18T06:33:28+00:00
08_家庭收支調查,家庭收支調查_附錄_調查方法_民國89年,,行政院主計總處,每年,08_家庭收支調查/家庭收支調查_附錄_調查方法_民國89年.odt,https://ws.dgbas.gov.tw/win/fies/doc/result/89/a11/Methodc.odt,200,53468,2ed738df8b0231ae76ae70935152c299bd1e1e50756516b548cfb01ecf5863d3,2026-08-18T06:33:29+00:00
08_家庭收支調查,家庭收支調查_附錄_未刊印之結果表_民國89年,,行政院主計總處,每年,08_家庭收支調查/家庭收支調查_附錄_未刊印之結果表_民國89年.odt,https://ws.dgbas.gov.tw/win/fies/doc/result/89/a11/Appendce.odt,200,17978,2115bc8ad2c39b769981cab974d21c8a06bb54d0ad315bb933968a8f8d28d9ab,2026-08-18T06:33:30+00:00
08_家庭收支調查,家庭收支調查_附錄_調查表格式_民國89年,,行政院主計總處,每年,08_家庭收支調查/家庭收支調查_附錄_調查表格式_民國89年.odt,https://ws.dgbas.gov.tw/win/fies/doc/result/89/a11/Questc.odt,200,44683,034c88fb9c30c09c5590ad8650b66d1bf70a953285d6d139e03c7034a2afb7f3,2026-08-18T06:33:31+00:00
08_家庭收支調查,家庭收支調查_平均每戶家庭收支按戶內人數分_民國88年,,行政院主計總處,每年,08_家庭收支調查/家庭收支調查_平均每戶家庭收支按戶內人數分_民國88年.ods,https://ws.dgbas.gov.tw/001/Upload/463/relfile/11530/210968/45.ods,200,17293,bbb1c91eb944e248db5f7b77097ca3ddb09aae061cec025bb8c6d737a4c55bcd,2026-08-18T06:33:32+00:00
08_家庭收支調查,家庭收支調查_平均每戶家庭收支按區域別分_民國88年,,行政院主計總處,每年,08_家庭收支調查/家庭收支調查_平均每戶家庭收支按區域別分_民國88年.ods,https://ws.dgbas.gov.tw/001/Upload/463/relfile/11530/210968/49.ods,200,30347,a672814c60297036e2e7fe55be60b4e9a05367621250557fd103bb708efe5003,2026-08-18T06:33:33+00:00
08_家庭收支調查,家庭收支調查_平均每戶家庭收支按農家非農家分_民國88年,,行政院主計總處,每年,08_家庭收支調查/家庭收支調查_平均每戶家庭收支按農家非農家分_民國88年.ods,https://ws.dgbas.gov.tw/001/Upload/463/relfile/11530/210968/61.ods,200,14972,0f926e7135757d9804656cb30aedd3cc0ecdd989c058679329b8f5fa774c86a4,2026-08-18T06:33:34+00:00
08_家庭收支調查,家庭收支調查_平均每戶家庭收支按經濟戶長職業別分_民國88年,,行政院主計總處,每年,08_家庭收支調查/家庭收支調查_平均每戶家庭收支按經濟戶長職業別分_民國88年.ods,https://ws.dgbas.gov.tw/001/Upload/463/relfile/11530/210968/65.ods,200,21115,9396523a9ee8963c10ebbe9bc87856936981d7f9ac41605ae945f71d57d28fa4,2026-08-18T06:33:35+00:00
08_家庭收支調查,家庭收支調查_平均每戶家庭收支按家庭組織型態別分_民國88年,,行政院主計總處,每年,08_家庭收支調查/家庭收支調查_平均每戶家庭收支按家庭組織型態別分_民國88年.ods,https://ws.dgbas.gov.tw/001/Upload/463/relfile/11530/210968/73.ods,200,16555,f7d87339838ff7d29c5ddc6a8fd803c4349d14d9f743320f4813cde2043b0d0a,2026-08-18T06:33:36+00:00
08_家庭收支調查,家庭收支調查_平均每戶家庭收支依可支配所得按戶數五等分位分_民國88年,,行政院主計總處,每年,08_家庭收支調查/家庭收支調查_平均每戶家庭收支依可支配所得按戶數五等分位分_民國88年.ods,https://ws.dgbas.gov.tw/001/Upload/463/relfile/11530/210968/77.ods,200,15775,2159cabea95a872f1473f6a591f6ba9894be36e888589823b88362835f5152d0,2026-08-18T06:33:37+00:00
08_家庭收支調查,家庭收支調查_平均每戶可支配所得及消費支出按五等分位及戶長性別年齡教育程度分_民國88年,,行政院主計總處,每年,08_家庭收支調查/家庭收支調查_平均每戶可支配所得及消費支出按五等分位及戶長性別年齡教育程度分_民國88年.ods,https://ws.dgbas.gov.tw/001/Upload/463/relfile/11530/210968/81.ods,200,15880,af9e99e377b681dbbe9d17e45d598c91df222db11a4b18a8e434e5bc0bff3d7f,2026-08-18T06:33:38+00:00
08_家庭收支調查,家庭收支調查_家庭戶數按所得總額組別及經濟戶長性別分_民國88年,,行政院主計總處,每年,08_家庭收支調查/家庭收支調查_家庭戶數按所得總額組別及經濟戶長性別分_民國88年.ods,https://ws.dgbas.gov.tw/001/Upload/463/relfile/11530/210968/87.ods,200,8251,8f538961acdf34e41c1f7993d1c4ca8a0eb1d1583b063fa58da70f177db20651,2026-08-18T06:33:39+00:00
08_家庭收支調查,家庭收支調查_家庭住宅及主要設備概況按區域別分_民國88年,,行政院主計總處,每年,08_家庭收支調查/家庭收支調查_家庭住宅及主要設備概況按區域別分_民國88年.ods,https://ws.dgbas.gov.tw/001/Upload/463/relfile/11530/210968/89.ods,200,37087,4f084cf581bbeee75b0976eddc11941db5eb103a86e0841755ccc26253e6412f,2026-08-18T06:33:40+00:00
08_家庭收支調查,家庭收支調查_家庭住宅及主要設備概況按農家非農家分_民國88年,,行政院主計總處,每年,08_家庭收支調查/家庭收支調查_家庭住宅及主要設備概況按農家非農家分_民國88年.ods,https://ws.dgbas.gov.tw/001/Upload/463/relfile/11530/210968/101.ods,200,17916,1f1b29893718dc323a26758563c2ce35786cf412210a24e5f6f709ab836d935d,2026-08-18T06:33:41+00:00
08_家庭收支調查,家庭收支調查_家庭住宅及主要設備概況依可支配所得按戶數五等分位分_民國88年,,行政院主計總處,每年,08_家庭收支調查/家庭收支調查_家庭住宅及主要設備概況依可支配所得按戶數五等分位分_民國88年.ods,https://ws.dgbas.gov.tw/001/Upload/463/relfile/11530/210968/105.ods,200,17636,adaadae2fc1d151642e522b8d6b93254130c1b4350bc3d1cc387aacd67c74a58,2026-08-18T06:33:42+00:00
08_家庭收支調查,家庭收支調查_所得收入者平均每人所得來源按區域別分_民國88年,,行政院主計總處,每年,08_家庭收支調查/家庭收支調查_所得收入者平均每人所得來源按區域別分_民國88年.ods,https://ws.dgbas.gov.tw/001/Upload/463/relfile/11530/210968/111.ods,200,17325,19f453dfdda824a005f0117812608c350070de6f11c25d30f50ad665caf79e81,2026-08-18T06:33:43+00:00
08_家庭收支調查,家庭收支調查_所得收入者平均每人所得來源按農家非農家分_民國88年,,行政院主計總處,每年,08_家庭收支調查/家庭收支調查_所得收入者平均每人所得來源按農家非農家分_民國88年.ods,https://ws.dgbas.gov.tw/001/Upload/463/relfile/11530/210968/117.ods,200,10209,77e6dc7804455ee9e097b9282b88cb52079801ebf1e9b798b57f428255b91311,2026-08-18T06:33:44+00:00
08_家庭收支調查,家庭收支調查_所得收入者平均每人所得來源按職業別分_民國88年,,行政院主計總處,每年,08_家庭收支調查/家庭收支調查_所得收入者平均每人所得來源按職業別分_民國88年.ods,https://ws.dgbas.gov.tw/001/Upload/463/relfile/11530/210968/119.ods,200,12713,96a7a62878a59475a49cb414d34eed77275b5c35422dbce3920ebebb98da45b7,2026-08-18T06:33:44+00:00
08_家庭收支調查,家庭收支調查_所得收入者平均每人所得來源依可支配所得按五等分位分_民國88年,,行政院主計總處,每年,08_家庭收支調查/家庭收支調查_所得收入者平均每人所得來源依可支配所得按五等分位分_民國88年.ods,https://ws.dgbas.gov.tw/001/Upload/463/relfile/11530/210968/123.ods,200,9831,f560200edcddbdcf30f80b037f60896b4709e5b4869ca5a1a27af2706839046f,2026-08-18T06:33:45+00:00
08_家庭收支調查,家庭收支調查_所得收入者平均每人可支配所得按五等分位及性別年齡教育程度分_民國88年,,行政院主計總處,每年,08_家庭收支調查/家庭收支調查_所得收入者平均每人可支配所得按五等分位及性別年齡教育程度分_民國88年.ods,https://ws.dgbas.gov.tw/001/Upload/463/relfile/11530/210968/125.ods,200,13201,1983fdfbc05eef34f34b27f72218aa54ce8f83f2271b64f0d3e8d547c98997e9,2026-08-18T06:33:46+00:00
08_家庭收支調查,家庭收支調查_所得收入者人數按性別及可支配所得組別分_民國88年,,行政院主計總處,每年,08_家庭收支調查/家庭收支調查_所得收入者人數按性別及可支配所得組別分_民國88年.ods,https://ws.dgbas.gov.tw/001/Upload/463/relfile/11530/210968/129.ods,200,9602,2568063bfd884457055a561ebd5d0b0d911489f7493f1cea2ad78854d3d194a7,2026-08-18T06:33:47+00:00
08_家庭收支調查,家庭收支調查_前言_民國88年,,行政院主計總處,每年,08_家庭收支調查/家庭收支調查_前言_民國88年.odt,https://ws.dgbas.gov.tw/win/fies/doc/result/88/a11/Preface.odt,200,19957,10dea010eda03f59cd8a4d9df5ac92f809489663930bb8bee5edca3b64077e88,2026-08-18T06:33:48+00:00
08_家庭收支調查,家庭收支調查_綜合分析_民國88年,,行政院主計總處,每年,08_家庭收支調查/家庭收支調查_綜合分析_民國88年.odt,https://ws.dgbas.gov.tw/win/fies/doc/result/88/a11/Analysis.odt,200,67373,aa8a47cd351f2b8dde8e688d705568afb8a2e910889f256217e76a7d4ec5ebe9,2026-08-18T06:33:49+00:00
08_家庭收支調查,家庭收支調查_附錄_名詞解釋_民國88年,,行政院主計總處,每年,08_家庭收支調查/家庭收支調查_附錄_名詞解釋_民國88年.odt,https://ws.dgbas.gov.tw/win/fies/doc/result/88/a11/Definec.odt,200,24220,b230de427c18aa6d31c783ab28b28d95299fb326d21c824f75ed9fcd60427dd1,2026-08-18T06:33:50+00:00
08_家庭收支調查,家庭收支調查_附錄_調查方法_民國88年,,行政院主計總處,每年,08_家庭收支調查/家庭收支調查_附錄_調查方法_民國88年.odt,https://ws.dgbas.gov.tw/win/fies/doc/result/88/a11/Methodc.odt,200,53364,61c64ee8587f6722ecee2f0666871fc0fbc7ead224ba04aa0bc87e57fd4df69b,2026-08-18T06:33:51+00:00
08_家庭收支調查,家庭收支調查_附錄_未刊印之結果表_民國88年,,行政院主計總處,每年,08_家庭收支調查/家庭收支調查_附錄_未刊印之結果表_民國88年.odt,https://ws.dgbas.gov.tw/win/fies/doc/result/88/a11/Appendce.odt,200,17954,cfc005999959aa82a48549c343a4f760ba0d52d0c26b5f6d2c30c2d6860742a8,2026-08-18T06:33:52+00:00
08_家庭收支調查,家庭收支調查_附錄_調查表格式_民國88年,,行政院主計總處,每年,08_家庭收支調查/家庭收支調查_附錄_調查表格式_民國88年.odt,https://ws.dgbas.gov.tw/win/fies/doc/result/88/a11/Questc.odt,200,44354,82084de62600e11d40260c9f8aff99231bdbaa80aa2536c02218947e2f9f1264,2026-08-18T06:33:53+00:00
08_家庭收支調查,家庭收支調查_平均每戶家庭收支按戶內人數分_民國87年,,行政院主計總處,每年,08_家庭收支調查/家庭收支調查_平均每戶家庭收支按戶內人數分_民國87年.ods,https://ws.dgbas.gov.tw/001/Upload/463/relfile/11530/210966/45.ods,200,17250,3d1665a715913a97cfc191273e237f41e37119420ccc7a7af55836f9f3692726,2026-08-18T06:33:55+00:00
08_家庭收支調查,家庭收支調查_平均每戶家庭收支按區域別分_民國87年,,行政院主計總處,每年,08_家庭收支調查/家庭收支調查_平均每戶家庭收支按區域別分_民國87年.ods,https://ws.dgbas.gov.tw/001/Upload/463/relfile/11530/210966/49.ods,200,30419,a7d320f75b2b489057c2970ccb1ce801a9c7bf1ee1bd778b5d4a722fe8146a6c,2026-08-18T06:33:56+00:00
08_家庭收支調查,家庭收支調查_平均每戶家庭收支按農家非農家分_民國87年,,行政院主計總處,每年,08_家庭收支調查/家庭收支調查_平均每戶家庭收支按農家非農家分_民國87年.ods,https://ws.dgbas.gov.tw/001/Upload/463/relfile/11530/210966/61.ods,200,15040,ee661104be7f0e2b72e466d9c2922bed2fe9b6f8d484cddb481a5c1a90ea8720,2026-08-18T06:33:57+00:00
08_家庭收支調查,家庭收支調查_平均每戶家庭收支按經濟戶長職業別分_民國87年,,行政院主計總處,每年,08_家庭收支調查/家庭收支調查_平均每戶家庭收支按經濟戶長職業別分_民國87年.ods,https://ws.dgbas.gov.tw/001/Upload/463/relfile/11530/210966/65.ods,200,21072,00bbfd0c1c906b9dd598cc8ec0dd75c1a774b4eb377b1b8db5027e9f7e63d3bd,2026-08-18T06:33:59+00:00
08_家庭收支調查,家庭收支調查_平均每戶家庭收支按家庭組織型態別分_民國87年,,行政院主計總處,每年,08_家庭收支調查/家庭收支調查_平均每戶家庭收支按家庭組織型態別分_民國87年.ods,https://ws.dgbas.gov.tw/001/Upload/463/relfile/11530/210966/73.ods,200,16504,fec295a3140f9a6917e6c25b362ec5b3b7b0d79189bbfa7afbe671597aeb7497,2026-08-18T06:34:00+00:00
08_家庭收支調查,家庭收支調查_平均每戶家庭收支依可支配所得按戶數五等分位分_民國87年,,行政院主計總處,每年,08_家庭收支調查/家庭收支調查_平均每戶家庭收支依可支配所得按戶數五等分位分_民國87年.ods,https://ws.dgbas.gov.tw/001/Upload/463/relfile/11530/210966/77.ods,200,15805,d96ec8620b5231123b11d3b8062293e05d8d09a2286670c2b4ff7717c3bad691,2026-08-18T06:34:01+00:00
08_家庭收支調查,家庭收支調查_平均每戶可支配所得及消費支出按五等分位及戶長性別年齡教育程度分_民國87年,,行政院主計總處,每年,08_家庭收支調查/家庭收支調查_平均每戶可支配所得及消費支出按五等分位及戶長性別年齡教育程度分_民國87年.ods,https://ws.dgbas.gov.tw/001/Upload/463/relfile/11530/210966/81.ods,200,15963,d3d6336829eea9d8bb96cdf9904582df723125c631ab5353f40b3a1e74e19495,2026-08-18T06:34:01+00:00
08_家庭收支調查,家庭收支調查_家庭戶數按所得總額組別及經濟戶長性別分_民國87年,,行政院主計總處,每年,08_家庭收支調查/家庭收支調查_家庭戶數按所得總額組別及經濟戶長性別分_民國87年.ods,https://ws.dgbas.gov.tw/001/Upload/463/relfile/11530/210966/87.ods,200,8221,5b5727e1bd94912489ed7cfbf8e6052bf1fd66cfc635afcf1546ef8d30c9f997,2026-08-18T06:34:02+00:00
08_家庭收支調查,家庭收支調查_家庭住宅及主要設備概況按區域別分_民國87年,,行政院主計總處,每年,08_家庭收支調查/家庭收支調查_家庭住宅及主要設備概況按區域別分_民國87年.ods,https://ws.dgbas.gov.tw/001/Upload/463/relfile/11530/210966/89.ods,200,36764,17051bf8d29fbbc125ef51b88d2b6a6507032449b3a070309b667efd159cfa9c,2026-08-18T06:34:04+00:00
08_家庭收支調查,家庭收支調查_家庭住宅及主要設備概況按農家非農家分_民國87年,,行政院主計總處,每年,08_家庭收支調查/家庭收支調查_家庭住宅及主要設備概況按農家非農家分_民國87年.ods,https://ws.dgbas.gov.tw/001/Upload/463/relfile/11530/210966/101.ods,200,17757,705939a61b2000d5f3861de4b959f0bace2c1750314735e4fa09adcdd792bc45,2026-08-18T06:34:05+00:00
08_家庭收支調查,家庭收支調查_家庭住宅及主要設備概況依可支配所得按戶數五等分位分_民國87年,,行政院主計總處,每年,08_家庭收支調查/家庭收支調查_家庭住宅及主要設備概況依可支配所得按戶數五等分位分_民國87年.ods,https://ws.dgbas.gov.tw/001/Upload/463/relfile/11530/210966/105.ods,200,17455,ef07876f75ba0173dae578666b57d6606bf309533cb1ff34d0142c487a831e72,2026-08-18T06:34:06+00:00
08_家庭收支調查,家庭收支調查_所得收入者平均每人所得來源按區域別分_民國87年,,行政院主計總處,每年,08_家庭收支調查/家庭收支調查_所得收入者平均每人所得來源按區域別分_民國87年.ods,https://ws.dgbas.gov.tw/001/Upload/463/relfile/11530/210966/111.ods,200,17245,d3a64f7989ca517da575200e23adc6a200de42ed2e6f434ceb57c4b8fb716b1d,2026-08-18T06:34:07+00:00
08_家庭收支調查,家庭收支調查_所得收入者平均每人所得來源按農家非農家分_民國87年,,行政院主計總處,每年,08_家庭收支調查/家庭收支調查_所得收入者平均每人所得來源按農家非農家分_民國87年.ods,https://ws.dgbas.gov.tw/001/Upload/463/relfile/11530/210966/117.ods,200,10199,da8fa85fe70e16028ea6821500c3f11d19f5b515a4811d4989b6db22c7bf9d0e,2026-08-18T06:34:08+00:00
08_家庭收支調查,家庭收支調查_所得收入者平均每人所得來源按職業別分_民國87年,,行政院主計總處,每年,08_家庭收支調查/家庭收支調查_所得收入者平均每人所得來源按職業別分_民國87年.ods,https://ws.dgbas.gov.tw/001/Upload/463/relfile/11530/210966/119.ods,200,12704,e93f6b9546fad428b50e2bc689c552a843f92f3f55539e8aafdc94dab4641818,2026-08-18T06:34:08+00:00
08_家庭收支調查,家庭收支調查_所得收入者平均每人所得來源依可支配所得按五等分位分_民國87年,,行政院主計總處,每年,08_家庭收支調查/家庭收支調查_所得收入者平均每人所得來源依可支配所得按五等分位分_民國87年.ods,https://ws.dgbas.gov.tw/001/Upload/463/relfile/11530/210966/123.ods,200,9849,56677ce5d9edd76b5eb020bdbdd7a2360e93819297f10409d2aa471a35fff6dd,2026-08-18T06:34:09+00:00
08_家庭收支調查,家庭收支調查_所得收入者平均每人可支配所得按五等分位及性別年齡教育程度分_民國87年,,行政院主計總處,每年,08_家庭收支調查/家庭收支調查_所得收入者平均每人可支配所得按五等分位及性別年齡教育程度分_民國87年.ods,https://ws.dgbas.gov.tw/001/Upload/463/relfile/11530/210966/125.ods,200,13095,09940ce8bdba9458a6aed681491b9fea4660126b7e4ed6f6406ef250c3852a5b,2026-08-18T06:34:10+00:00
08_家庭收支調查,家庭收支調查_所得收入者人數按性別及可支配所得組別分_民國87年,,行政院主計總處,每年,08_家庭收支調查/家庭收支調查_所得收入者人數按性別及可支配所得組別分_民國87年.ods,https://ws.dgbas.gov.tw/001/Upload/463/relfile/11530/210966/129.ods,200,9580,45dce4c2ccea6280335327707b70ad5e7f5d318a1aff2224b372a8ad29a7af42,2026-08-18T06:34:11+00:00
08_家庭收支調查,家庭收支調查_前言_民國87年,,行政院主計總處,每年,08_家庭收支調查/家庭收支調查_前言_民國87年.odt,https://ws.dgbas.gov.tw/win/fies/doc/result/87/a11/Preface.odt,200,21470,ac32c21a9a012e97a3dd0cfc947970a002b80c42d6145aaccd90c703b9ac83a4,2026-08-18T06:34:12+00:00
08_家庭收支調查,家庭收支調查_綜合分析_民國87年,,行政院主計總處,每年,08_家庭收支調查/家庭收支調查_綜合分析_民國87年.odt,https://ws.dgbas.gov.tw/win/fies/doc/result/87/a11/Analysis.odt,200,54914,87594f6759bf0287efe0283f0e275b0727208ca3c8f9f433c6efdcd25304055c,2026-08-18T06:34:13+00:00
08_家庭收支調查,家庭收支調查_附錄_名詞解釋_民國87年,,行政院主計總處,每年,08_家庭收支調查/家庭收支調查_附錄_名詞解釋_民國87年.odt,https://ws.dgbas.gov.tw/win/fies/doc/result/87/a11/Definec.odt,200,25245,5fd3341e292848f2b25dc1295705c2729bf516298499de46425c33762bb1a37c,2026-08-18T06:34:14+00:00
08_家庭收支調查,家庭收支調查_附錄_調查方法_民國87年,,行政院主計總處,每年,08_家庭收支調查/家庭收支調查_附錄_調查方法_民國87年.odt,https://ws.dgbas.gov.tw/win/fies/doc/result/87/a11/Methodc.odt,200,52759,7240858f6383a311f1b8022a421e18b504fdc22ad3a41cd4e601b5ebf08dafde,2026-08-18T06:34:15+00:00
08_家庭收支調查,家庭收支調查_附錄_未刊印之結果表_民國87年,,行政院主計總處,每年,08_家庭收支調查/家庭收支調查_附錄_未刊印之結果表_民國87年.odt,https://ws.dgbas.gov.tw/win/fies/doc/result/87/a11/Appendce.odt,200,17964,bb633bfcb0604d0311c59188d4078d14b89594fae5f2576c724533ca4de2b9ee,2026-08-18T06:34:16+00:00
08_家庭收支調查,家庭收支調查_附錄_調查表格式_民國87年,,行政院主計總處,每年,08_家庭收支調查/家庭收支調查_附錄_調查表格式_民國87年.odt,https://ws.dgbas.gov.tw/win/fies/doc/result/87/a11/Questc.odt,200,43647,a2f877394a3550b8118d51bf2401a1601147a85949229b903fa8bbce6721e512,2026-08-18T06:34:17+00:00
08_家庭收支調查,家庭收支調查_平均每戶家庭收支按戶內人數分_民國86年,,行政院主計總處,每年,08_家庭收支調查/家庭收支調查_平均每戶家庭收支按戶內人數分_民國86年.ods,https://ws.dgbas.gov.tw/001/Upload/463/relfile/11530/210965/45.ods,200,17233,ac2143a3cb0481f41b524fce9f534e1df7986b017181556329fa600c5c4e5bf2,2026-08-18T06:34:18+00:00
08_家庭收支調查,家庭收支調查_平均每戶家庭收支按區域別分_民國86年,,行政院主計總處,每年,08_家庭收支調查/家庭收支調查_平均每戶家庭收支按區域別分_民國86年.ods,https://ws.dgbas.gov.tw/001/Upload/463/relfile/11530/210965/49.ods,200,30419,bb12ea99b47180096916836ab550b7ca4d3bafb000e6418e6c1c4d0514360fe1,2026-08-18T06:34:19+00:00
08_家庭收支調查,家庭收支調查_平均每戶家庭收支按農家非農家分_民國86年,,行政院主計總處,每年,08_家庭收支調查/家庭收支調查_平均每戶家庭收支按農家非農家分_民國86年.ods,https://ws.dgbas.gov.tw/001/Upload/463/relfile/11530/210965/61.ods,200,15051,14fe4dca2086c914d18a147475a5e5705fdde4e483c7291729b3396ab9204664,2026-08-18T06:34:20+00:00
08_家庭收支調查,家庭收支調查_平均每戶家庭收支按經濟戶長職業別分_民國86年,,行政院主計總處,每年,08_家庭收支調查/家庭收支調查_平均每戶家庭收支按經濟戶長職業別分_民國86年.ods,https://ws.dgbas.gov.tw/001/Upload/463/relfile/11530/210965/65.ods,200,21043,cb744876a91c3027191480001bfa0633ae83a4fcf187d210c1e316c34d416379,2026-08-18T06:34:21+00:00
08_家庭收支調查,家庭收支調查_平均每戶家庭收支按家庭組織型態別分_民國86年,,行政院主計總處,每年,08_家庭收支調查/家庭收支調查_平均每戶家庭收支按家庭組織型態別分_民國86年.ods,https://ws.dgbas.gov.tw/001/Upload/463/relfile/11530/210965/73.ods,200,16547,56334a9555a5d9170f52694699b69e03644212c626da0fec18783f3d9fe1ad12,2026-08-18T06:34:22+00:00
08_家庭收支調查,家庭收支調查_平均每戶家庭收支依可支配所得按戶數五等分位分_民國86年,,行政院主計總處,每年,08_家庭收支調查/家庭收支調查_平均每戶家庭收支依可支配所得按戶數五等分位分_民國86年.ods,https://ws.dgbas.gov.tw/001/Upload/463/relfile/11530/210965/77.ods,200,15824,e3472ca6be16ffe8946952fb09a5fc7a5a6c3441a788dea26ad87c5dc0bf74d9,2026-08-18T06:34:23+00:00
08_家庭收支調查,家庭收支調查_平均每戶可支配所得及消費支出按五等分位及戶長性別年齡教育程度分_民國86年,,行政院主計總處,每年,08_家庭收支調查/家庭收支調查_平均每戶可支配所得及消費支出按五等分位及戶長性別年齡教育程度分_民國86年.ods,https://ws.dgbas.gov.tw/001/Upload/463/relfile/11530/210965/81.ods,200,15925,df2c09fc4d374aa3c7994788876c83a137a34b3fca2eacbf3d2e9f5efd452aa9,2026-08-18T06:34:24+00:00
08_家庭收支調查,家庭收支調查_家庭戶數按所得總額組別及經濟戶長性別分_民國86年,,行政院主計總處,每年,08_家庭收支調查/家庭收支調查_家庭戶數按所得總額組別及經濟戶長性別分_民國86年.ods,https://ws.dgbas.gov.tw/001/Upload/463/relfile/11530/210965/87.ods,200,8205,9ecc4b4ec2bd8bfaa473d3a18c76f4226c25e2dc75b278a435dcdd7c5c65cdf1,2026-08-18T06:34:25+00:00
08_家庭收支調查,家庭收支調查_家庭住宅及主要設備概況按區域別分_民國86年,,行政院主計總處,每年,08_家庭收支調查/家庭收支調查_家庭住宅及主要設備概況按區域別分_民國86年.ods,https://ws.dgbas.gov.tw/001/Upload/463/relfile/11530/210965/89.ods,200,36465,31ce8418052be3d027c008176503a5cc615f9b3a43c0018fa900072ab6846ac6,2026-08-18T06:34:26+00:00
08_家庭收支調查,家庭收支調查_家庭住宅及主要設備概況按農家非農家分_民國86年,,行政院主計總處,每年,08_家庭收支調查/家庭收支調查_家庭住宅及主要設備概況按農家非農家分_民國86年.ods,https://ws.dgbas.gov.tw/001/Upload/463/relfile/11530/210965/101.ods,200,18020,dce980229df13fb30f7d7c8e8b1148bf213aa06ad23027f5f91cf548dadadad5,2026-08-18T06:34:27+00:00
08_家庭收支調查,家庭收支調查_家庭住宅及主要設備概況依可支配所得按戶數五等分位分_民國86年,,行政院主計總處,每年,08_家庭收支調查/家庭收支調查_家庭住宅及主要設備概況依可支配所得按戶數五等分位分_民國86年.ods,https://ws.dgbas.gov.tw/001/Upload/463/relfile/11530/210965/105.ods,200,17490,fa5165350e6753ee559b0866dd7b921c69fdf44044af57899d675dd46d959d73,2026-08-18T06:34:28+00:00
08_家庭收支調查,家庭收支調查_所得收入者平均每人所得來源按區域別分_民國86年,,行政院主計總處,每年,08_家庭收支調查/家庭收支調查_所得收入者平均每人所得來源按區域別分_民國86年.ods,https://ws.dgbas.gov.tw/001/Upload/463/relfile/11530/210965/111.ods,200,17248,b1b1bbf183cc86cd00d0b0a781bfb33c5e3cadc51b89c14a65305cff9c1db807,2026-08-18T06:34:29+00:00
08_家庭收支調查,家庭收支調查_所得收入者平均每人所得來源按農家非農家分_民國86年,,行政院主計總處,每年,08_家庭收支調查/家庭收支調查_所得收入者平均每人所得來源按農家非農家分_民國86年.ods,https://ws.dgbas.gov.tw/001/Upload/463/relfile/11530/210965/117.ods,200,10141,24d0cb3a961062cde93cc0bde2fa71a1be79f44c8699c9d2cf8782f823510512,2026-08-18T06:34:30+00:00
08_家庭收支調查,家庭收支調查_所得收入者平均每人所得來源按職業別分_民國86年,,行政院主計總處,每年,08_家庭收支調查/家庭收支調查_所得收入者平均每人所得來源按職業別分_民國86年.ods,https://ws.dgbas.gov.tw/001/Upload/463/relfile/11530/210965/119.ods,200,12744,da5e42ee921af4aa2ea4b1cf4777e490c0fd068bf8fbef2286af5ce573146ea1,2026-08-18T06:34:30+00:00
08_家庭收支調查,家庭收支調查_所得收入者平均每人所得來源依可支配所得按五等分位分_民國86年,,行政院主計總處,每年,08_家庭收支調查/家庭收支調查_所得收入者平均每人所得來源依可支配所得按五等分位分_民國86年.ods,https://ws.dgbas.gov.tw/001/Upload/463/relfile/11530/210965/123.ods,200,9825,625751a630c6a862ec8d89b8b41ed1a0f563cb0c4f3f0d7a6bdce518f7c18053,2026-08-18T06:34:31+00:00
08_家庭收支調查,家庭收支調查_所得收入者平均每人可支配所得按五等分位及性別年齡教育程度分_民國86年,,行政院主計總處,每年,08_家庭收支調查/家庭收支調查_所得收入者平均每人可支配所得按五等分位及性別年齡教育程度分_民國86年.ods,https://ws.dgbas.gov.tw/001/Upload/463/relfile/11530/210965/125.ods,200,13172,26f96e64cfb5819bfbe9b6afa81b9ce8d187e078c18bdbbad8da14a7d7291c23,2026-08-18T06:34:32+00:00
08_家庭收支調查,家庭收支調查_所得收入者人數按性別及可支配所得組別分_民國86年,,行政院主計總處,每年,08_家庭收支調查/家庭收支調查_所得收入者人數按性別及可支配所得組別分_民國86年.ods,https://ws.dgbas.gov.tw/001/Upload/463/relfile/11530/210965/129.ods,200,9556,2396276ce5511a565d2a809fb5904a08ddc76dd46818b809678adf5530163645,2026-08-18T06:34:33+00:00
08_家庭收支調查,家庭收支調查_前言_民國86年,,行政院主計總處,每年,08_家庭收支調查/家庭收支調查_前言_民國86年.odt,https://ws.dgbas.gov.tw/win/fies/doc/result/86/a11/Preface.odt,200,21469,97250ebd6ca1f0e16d82c9932d1662ad2f5bf40023658602bad804022941f0c9,2026-08-18T06:34:34+00:00
08_家庭收支調查,家庭收支調查_綜合分析_民國86年,,行政院主計總處,每年,08_家庭收支調查/家庭收支調查_綜合分析_民國86年.odt,https://ws.dgbas.gov.tw/win/fies/doc/result/86/a11/Analysis.odt,200,49579,b4a58d8096da70cb54ae4b5d7475a717dd9bf77d43c400d062616da437a96598,2026-08-18T06:34:35+00:00
08_家庭收支調查,家庭收支調查_附錄_名詞解釋_民國86年,,行政院主計總處,每年,08_家庭收支調查/家庭收支調查_附錄_名詞解釋_民國86年.odt,https://ws.dgbas.gov.tw/win/fies/doc/result/86/a11/Definec.odt,200,21352,c91a2269a2fc0d678a788c47e0f40dad6b066bf7cc99043fb4dc071aeaea1ea2,2026-08-18T06:34:36+00:00
08_家庭收支調查,家庭收支調查_附錄_調查方法_民國86年,,行政院主計總處,每年,08_家庭收支調查/家庭收支調查_附錄_調查方法_民國86年.odt,https://ws.dgbas.gov.tw/win/fies/doc/result/86/a11/Methodc.odt,200,52992,b36b9cda424d5dd266e49fdd317c3e9274ec6979f1f9eb89f46362c50c03994e,2026-08-18T06:34:37+00:00
08_家庭收支調查,家庭收支調查_附錄_未刊印之結果表_民國86年,,行政院主計總處,每年,08_家庭收支調查/家庭收支調查_附錄_未刊印之結果表_民國86年.odt,https://ws.dgbas.gov.tw/win/fies/doc/result/86/a11/Appendce.odt,200,17962,9e662ce9ef743a674d15487e10d19485972e079278360ef21b9cd8f81205c9ff,2026-08-18T06:34:38+00:00
08_家庭收支調查,家庭收支調查_附錄_調查表格式_民國86年,,行政院主計總處,每年,08_家庭收支調查/家庭收支調查_附錄_調查表格式_民國86年.odt,https://ws.dgbas.gov.tw/win/fies/doc/result/86/a11/Questc.odt,200,42551,7b04cf8b45692770035b7e859e527bf35bc4618dfd6872581c8c05ba34dc70d2,2026-08-18T06:34:40+00:00
08_家庭收支調查,家庭收支調查_平均每戶家庭收支按戶內人數分_民國85年,,行政院主計總處,每年,08_家庭收支調查/家庭收支調查_平均每戶家庭收支按戶內人數分_民國85年.ods,https://ws.dgbas.gov.tw/001/Upload/463/relfile/11530/210964/45.ods,200,17316,85d2b58135a3049f90d6c1c95c3b456d3847e2b83d399fb8cabd12b65ef976b7,2026-08-18T06:34:41+00:00
08_家庭收支調查,家庭收支調查_平均每戶家庭收支按區域別分_民國85年,,行政院主計總處,每年,08_家庭收支調查/家庭收支調查_平均每戶家庭收支按區域別分_民國85年.ods,https://ws.dgbas.gov.tw/001/Upload/463/relfile/11530/210964/49.ods,200,30378,4a1fb57c35109ab600598311366daa3495b3ecef40b9e54e0da45d323e353d1c,2026-08-18T06:34:41+00:00
08_家庭收支調查,家庭收支調查_平均每戶家庭收支按農家非農家分_民國85年,,行政院主計總處,每年,08_家庭收支調查/家庭收支調查_平均每戶家庭收支按農家非農家分_民國85年.ods,https://ws.dgbas.gov.tw/001/Upload/463/relfile/11530/210964/61.ods,200,15022,197d1bbe3c17102b063667a79829619a98a6243cfd4926f3b5502dda6a222eb8,2026-08-18T06:34:43+00:00
08_家庭收支調查,家庭收支調查_平均每戶家庭收支按經濟戶長職業別分_民國85年,,行政院主計總處,每年,08_家庭收支調查/家庭收支調查_平均每戶家庭收支按經濟戶長職業別分_民國85年.ods,https://ws.dgbas.gov.tw/001/Upload/463/relfile/11530/210964/65.ods,200,20983,7e88f8ee9d6162f312b5c68095825c4cded0a97edfe4dd9dab34b4afa53b05b9,2026-08-18T06:34:44+00:00
08_家庭收支調查,家庭收支調查_平均每戶家庭收支按家庭組織型態別分_民國85年,,行政院主計總處,每年,08_家庭收支調查/家庭收支調查_平均每戶家庭收支按家庭組織型態別分_民國85年.ods,https://ws.dgbas.gov.tw/001/Upload/463/relfile/11530/210964/73.ods,200,16494,840e35b01da08a6aefe7d5ee9de55d585521101c4936e37ce693557eb279238f,2026-08-18T06:34:45+00:00
08_家庭收支調查,家庭收支調查_平均每戶家庭收支依可支配所得按戶數五等分位分_民國85年,,行政院主計總處,每年,08_家庭收支調查/家庭收支調查_平均每戶家庭收支依可支配所得按戶數五等分位分_民國85年.ods,https://ws.dgbas.gov.tw/001/Upload/463/relfile/11530/210964/77.ods,200,15766,5c788aeebab76fac0e3ef7da6fe5d70384b16d16539766dd5f5c003d2021380d,2026-08-18T06:34:46+00:00
08_家庭收支調查,家庭收支調查_平均每戶可支配所得及消費支出按五等分位及戶長性別年齡教育程度分_民國85年,,行政院主計總處,每年,08_家庭收支調查/家庭收支調查_平均每戶可支配所得及消費支出按五等分位及戶長性別年齡教育程度分_民國85年.ods,https://ws.dgbas.gov.tw/001/Upload/463/relfile/11530/210964/81.ods,200,15882,2f4ecc1e98dad4f776772139a82da8eaf12503f4fd88d543290786edce8a92cd,2026-08-18T06:34:46+00:00
08_家庭收支調查,家庭收支調查_家庭戶數按所得總額組別及經濟戶長性別分_民國85年,,行政院主計總處,每年,08_家庭收支調查/家庭收支調查_家庭戶數按所得總額組別及經濟戶長性別分_民國85年.ods,https://ws.dgbas.gov.tw/001/Upload/463/relfile/11530/210964/87.ods,200,8223,957b17fef09ce0a0c29f1673e7ceed73f7cc4f7b7872bca7eb3a4a430785f563,2026-08-18T06:34:47+00:00
08_家庭收支調查,家庭收支調查_家庭住宅及主要設備概況按區域別分_民國85年,,行政院主計總處,每年,08_家庭收支調查/家庭收支調查_家庭住宅及主要設備概況按區域別分_民國85年.ods,https://ws.dgbas.gov.tw/001/Upload/463/relfile/11530/210964/89.ods,200,36413,2907da22f51f0c16d924bfae688cd6665e6fbcd1ea129a4c8230c38d023246ee,2026-08-18T06:34:48+00:00
08_家庭收支調查,家庭收支調查_家庭住宅及主要設備概況按農家非農家分_民國85年,,行政院主計總處,每年,08_家庭收支調查/家庭收支調查_家庭住宅及主要設備概況按農家非農家分_民國85年.ods,https://ws.dgbas.gov.tw/001/Upload/463/relfile/11530/210964/101.ods,200,18067,97430b68cf0eb1fd691c9788b7872922e6be85316c894e5689c99b1818b33233,2026-08-18T06:34:49+00:00
08_家庭收支調查,家庭收支調查_家庭住宅及主要設備概況依可支配所得按戶數五等分位分_民國85年,,行政院主計總處,每年,08_家庭收支調查/家庭收支調查_家庭住宅及主要設備概況依可支配所得按戶數五等分位分_民國85年.ods,https://ws.dgbas.gov.tw/001/Upload/463/relfile/11530/210964/105.ods,200,17386,d05c6e33f6ef8ed4fa1ee3a27d7ee2751f2177f70d8a21fbf97ae0863086c6cb,2026-08-18T06:34:50+00:00
08_家庭收支調查,家庭收支調查_所得收入者平均每人所得來源按區域別分_民國85年,,行政院主計總處,每年,08_家庭收支調查/家庭收支調查_所得收入者平均每人所得來源按區域別分_民國85年.ods,https://ws.dgbas.gov.tw/001/Upload/463/relfile/11530/210964/111.ods,200,17212,ea01bf98878dc4e022543664ae23253393e0a4bd108e312333ab0d2e6610ce9c,2026-08-18T06:34:51+00:00
08_家庭收支調查,家庭收支調查_所得收入者平均每人所得來源按農家非農家分_民國85年,,行政院主計總處,每年,08_家庭收支調查/家庭收支調查_所得收入者平均每人所得來源按農家非農家分_民國85年.ods,https://ws.dgbas.gov.tw/001/Upload/463/relfile/11530/210964/117.ods,200,10165,8b9254a9b81e9a002edcfd7c597a58932e289ce42851ddb7094f88eb6b0950e4,2026-08-18T06:34:52+00:00
08_家庭收支調查,家庭收支調查_所得收入者平均每人所得來源按職業別分_民國85年,,行政院主計總處,每年,08_家庭收支調查/家庭收支調查_所得收入者平均每人所得來源按職業別分_民國85年.ods,https://ws.dgbas.gov.tw/001/Upload/463/relfile/11530/210964/119.ods,200,12721,17ed20b9eaf24302aa6833d7b22e7f65f9f85e01d9d290759533416dccd9f4f7,2026-08-18T06:34:53+00:00
08_家庭收支調查,家庭收支調查_所得收入者平均每人所得來源依可支配所得按五等分位分_民國85年,,行政院主計總處,每年,08_家庭收支調查/家庭收支調查_所得收入者平均每人所得來源依可支配所得按五等分位分_民國85年.ods,https://ws.dgbas.gov.tw/001/Upload/463/relfile/11530/210964/123.ods,200,9836,a9d60e657d185c0361352979bbd1b5b9860275a3361146e2fb9e7fce3c06a764,2026-08-18T06:34:54+00:00
08_家庭收支調查,家庭收支調查_所得收入者平均每人可支配所得按五等分位及性別年齡教育程度分_民國85年,,行政院主計總處,每年,08_家庭收支調查/家庭收支調查_所得收入者平均每人可支配所得按五等分位及性別年齡教育程度分_民國85年.ods,https://ws.dgbas.gov.tw/001/Upload/463/relfile/11530/210964/125.ods,200,13152,04e6892d59eb1831bddac0bb295679dfd7fb70a274eb860cb20c44c8ca01863d,2026-08-18T06:34:54+00:00
08_家庭收支調查,家庭收支調查_所得收入者人數按性別及可支配所得組別分_民國85年,,行政院主計總處,每年,08_家庭收支調查/家庭收支調查_所得收入者人數按性別及可支配所得組別分_民國85年.ods,https://ws.dgbas.gov.tw/001/Upload/463/relfile/11530/210964/129.ods,200,9575,90532661f0adc2bc8fb33badb8b4f9c2e3700d319e15a2d250db0fcb7736603b,2026-08-18T06:34:55+00:00
08_家庭收支調查,家庭收支調查_前言_民國85年,,行政院主計總處,每年,08_家庭收支調查/家庭收支調查_前言_民國85年.odt,https://ws.dgbas.gov.tw/win/fies/doc/result/85/a11/Preface.odt,200,21371,c8d9dc8e291ac621808f27dd49eefde80a7c00405697d4bd395523a88bc363ac,2026-08-18T06:34:56+00:00
08_家庭收支調查,家庭收支調查_綜合分析_民國85年,,行政院主計總處,每年,08_家庭收支調查/家庭收支調查_綜合分析_民國85年.odt,https://ws.dgbas.gov.tw/win/fies/doc/result/85/a11/Analysis.odt,200,3221214,925e046396698eaf53477cc7dce3f3e83bf12c7f87229b6007c05bede3c03817,2026-08-18T06:35:17+00:00
08_家庭收支調查,家庭收支調查_附錄_名詞解釋_民國85年,,行政院主計總處,每年,08_家庭收支調查/家庭收支調查_附錄_名詞解釋_民國85年.odt,https://ws.dgbas.gov.tw/win/fies/doc/result/85/a11/Definec.odt,200,30988,8ed1e121096e5a483df565d11cd8b7e23141289c85c14be102d2f78c88ef05a9,2026-08-18T06:35:18+00:00
08_家庭收支調查,家庭收支調查_附錄_調查方法_民國85年,,行政院主計總處,每年,08_家庭收支調查/家庭收支調查_附錄_調查方法_民國85年.odt,https://ws.dgbas.gov.tw/001/Upload/463/relfile/11530/210964/methodc.odt,200,855202,9d03959e99429cf412161c04b54a16b3ebdb522683379983de54369cdeb09f28,2026-08-18T06:35:20+00:00
08_家庭收支調查,家庭收支調查_附錄_未刊印之結果表_民國85年,,行政院主計總處,每年,08_家庭收支調查/家庭收支調查_附錄_未刊印之結果表_民國85年.odt,https://ws.dgbas.gov.tw/win/fies/doc/result/85/a11/Appendce.odt,200,17960,c92765e0d12c146efe9980bd9b68b9e54c82c0a434d34c00b661ceb95a21def7,2026-08-18T06:35:20+00:00
08_家庭收支調查,家庭收支調查_附錄_調查表格式_民國85年,,行政院主計總處,每年,08_家庭收支調查/家庭收支調查_附錄_調查表格式_民國85年.odt,https://ws.dgbas.gov.tw/win/fies/doc/result/85/a11/Questc.odt,200,44347,4602406696bb04aae5a3d8ccc6e5713d59aa937caddf4c0f970fffd0449cfc80,2026-08-18T06:35:22+00:00
08_家庭收支調查,家庭收支調查_平均每戶家庭收支按戶內人數分_民國84年,,行政院主計總處,每年,08_家庭收支調查/家庭收支調查_平均每戶家庭收支按戶內人數分_民國84年.ods,https://ws.dgbas.gov.tw/001/Upload/463/relfile/11530/210963/45.ods,200,16838,571562872ae6522d52172583444d9a5c67cd8edea25d0792236f94d1ea062a58,2026-08-18T06:35:23+00:00
08_家庭收支調查,家庭收支調查_平均每戶家庭收支按區域別分_民國84年,,行政院主計總處,每年,08_家庭收支調查/家庭收支調查_平均每戶家庭收支按區域別分_民國84年.ods,https://ws.dgbas.gov.tw/001/Upload/463/relfile/11530/210963/49.ods,200,30112,f771cbba4dbeca9c3801fb3c17a1f6d1965b6308bc4631ae704df4113f9f27bf,2026-08-18T06:35:24+00:00
08_家庭收支調查,家庭收支調查_平均每戶家庭收支按農家非農家分_民國84年,,行政院主計總處,每年,08_家庭收支調查/家庭收支調查_平均每戶家庭收支按農家非農家分_民國84年.ods,https://ws.dgbas.gov.tw/001/Upload/463/relfile/11530/210963/61.ods,200,14920,aa1ed5b59f547b012aa2e4e24d932efa50fe3627cb4d1bd57aeb05f35d6bd398,2026-08-18T06:35:25+00:00
08_家庭收支調查,家庭收支調查_平均每戶家庭收支按經濟戶長職業別分_民國84年,,行政院主計總處,每年,08_家庭收支調查/家庭收支調查_平均每戶家庭收支按經濟戶長職業別分_民國84年.ods,https://ws.dgbas.gov.tw/001/Upload/463/relfile/11530/210963/65.ods,200,20831,dd338e8ddd9c21ba1b0d8252e3a8f74f01f8e7eb49acc73eb34d6995ee58a0d0,2026-08-18T06:35:26+00:00
08_家庭收支調查,家庭收支調查_平均每戶家庭收支按家庭組織型態別分_民國84年,,行政院主計總處,每年,08_家庭收支調查/家庭收支調查_平均每戶家庭收支按家庭組織型態別分_民國84年.ods,https://ws.dgbas.gov.tw/001/Upload/463/relfile/11530/210963/73.ods,200,16070,7ae44e818d40983615ffb45b915d697ae62fb5ef6f3d0ef25cfa371ae4fda307,2026-08-18T06:35:26+00:00
08_家庭收支調查,家庭收支調查_平均每戶家庭收支依可支配所得按戶數五等分位分_民國84年,,行政院主計總處,每年,08_家庭收支調查/家庭收支調查_平均每戶家庭收支依可支配所得按戶數五等分位分_民國84年.ods,https://ws.dgbas.gov.tw/001/Upload/463/relfile/11530/210963/77.ods,200,15457,06caf120ea1c34e0075d260bbba2d736a43b13437be84105c82a348267c9bb3d,2026-08-18T06:35:27+00:00
08_家庭收支調查,家庭收支調查_平均每戶可支配所得及消費支出按五等分位及戶長性別年齡教育程度分_民國84年,,行政院主計總處,每年,08_家庭收支調查/家庭收支調查_平均每戶可支配所得及消費支出按五等分位及戶長性別年齡教育程度分_民國84年.ods,https://ws.dgbas.gov.tw/001/Upload/463/relfile/11530/210963/81.ods,200,15896,351bead875e48a5e741bb672c1c19383d8439cec2be4b23f41bb6339d29bfbfa,2026-08-18T06:35:28+00:00
08_家庭收支調查,家庭收支調查_家庭戶數按所得總額組別及經濟戶長性別分_民國84年,,行政院主計總處,每年,08_家庭收支調查/家庭收支調查_家庭戶數按所得總額組別及經濟戶長性別分_民國84年.ods,https://ws.dgbas.gov.tw/001/Upload/463/relfile/11530/210963/87.ods,200,8212,02aacac81626494d7b4f3dab7de89e284044a2fbf607335d8133bd8cf9ff7d66,2026-08-18T06:35:29+00:00
08_家庭收支調查,家庭收支調查_家庭住宅及主要設備概況按區域別分_民國84年,,行政院主計總處,每年,08_家庭收支調查/家庭收支調查_家庭住宅及主要設備概況按區域別分_民國84年.ods,https://ws.dgbas.gov.tw/001/Upload/463/relfile/11530/210963/89.ods,200,35808,e0db26d1a1b05bbd6a3f4ab8782016564a1e220bf7566c63da8fb3f5bffbe24b,2026-08-18T06:35:30+00:00
08_家庭收支調查,家庭收支調查_家庭住宅及主要設備概況按農家非農家分_民國84年,,行政院主計總處,每年,08_家庭收支調查/家庭收支調查_家庭住宅及主要設備概況按農家非農家分_民國84年.ods,https://ws.dgbas.gov.tw/001/Upload/463/relfile/11530/210963/101.ods,200,17719,4e0b8f382a074372c4c6599213802f428de091a40bc6facf91617c46dc4cb7f9,2026-08-18T06:35:31+00:00
08_家庭收支調查,家庭收支調查_家庭住宅及主要設備概況依可支配所得按戶數五等分位分_民國84年,,行政院主計總處,每年,08_家庭收支調查/家庭收支調查_家庭住宅及主要設備概況依可支配所得按戶數五等分位分_民國84年.ods,https://ws.dgbas.gov.tw/001/Upload/463/relfile/11530/210963/105.ods,200,17436,5db86c3b607d23fd6a408ff5ea3d3371dcefd6176bc3bad3f5e08601a5a48dad,2026-08-18T06:35:32+00:00
08_家庭收支調查,家庭收支調查_所得收入者平均每人所得來源按區域別分_民國84年,,行政院主計總處,每年,08_家庭收支調查/家庭收支調查_所得收入者平均每人所得來源按區域別分_民國84年.ods,https://ws.dgbas.gov.tw/001/Upload/463/relfile/11530/210963/111.ods,200,17009,ba33f7a74f688f6f8fa4833c4ec8f221fa7f24d0af2c8aff87e64d95822d3901,2026-08-18T06:35:33+00:00
08_家庭收支調查,家庭收支調查_所得收入者平均每人所得來源按農家非農家分_民國84年,,行政院主計總處,每年,08_家庭收支調查/家庭收支調查_所得收入者平均每人所得來源按農家非農家分_民國84年.ods,https://ws.dgbas.gov.tw/001/Upload/463/relfile/11530/210963/117.ods,200,10112,8cbcc6dedabca10ffad672cf9418e26b4064752d91e411a8bf204d3f0c324013,2026-08-18T06:35:34+00:00
08_家庭收支調查,家庭收支調查_所得收入者平均每人所得來源按職業別分_民國84年,,行政院主計總處,每年,08_家庭收支調查/家庭收支調查_所得收入者平均每人所得來源按職業別分_民國84年.ods,https://ws.dgbas.gov.tw/001/Upload/463/relfile/11530/210963/119.ods,200,12612,167e410f19766c3e467126c604e1f837d03faa52105144b092f335ed60d9533c,2026-08-18T06:35:35+00:00
08_家庭收支調查,家庭收支調查_所得收入者平均每人所得來源依可支配所得按五等分位分_民國84年,,行政院主計總處,每年,08_家庭收支調查/家庭收支調查_所得收入者平均每人所得來源依可支配所得按五等分位分_民國84年.ods,https://ws.dgbas.gov.tw/001/Upload/463/relfile/11530/210963/123.ods,200,9762,e2c738a47e578cb49b60cd892b4b1f4308b07479e4bf9c64188e87c37f3db722,2026-08-18T06:35:35+00:00
08_家庭收支調查,家庭收支調查_所得收入者平均每人可支配所得按五等分位及性別年齡教育程度分_民國84年,,行政院主計總處,每年,08_家庭收支調查/家庭收支調查_所得收入者平均每人可支配所得按五等分位及性別年齡教育程度分_民國84年.ods,https://ws.dgbas.gov.tw/001/Upload/463/relfile/11530/210963/125.ods,200,13184,533d41595e5abe0bd91b2a32749e07052eadb5eb5a931a5d96b3afa899470fa3,2026-08-18T06:35:36+00:00
08_家庭收支調查,家庭收支調查_所得收入者人數按性別及可支配所得組別分_民國84年,,行政院主計總處,每年,08_家庭收支調查/家庭收支調查_所得收入者人數按性別及可支配所得組別分_民國84年.ods,https://ws.dgbas.gov.tw/001/Upload/463/relfile/11530/210963/129.ods,200,9556,98f99b5f6d2b6424da7867cbeec94599cbfd57edb074aa31437db53a80baf54a,2026-08-18T06:35:37+00:00
08_家庭收支調查,家庭收支調查_前言_民國84年,,行政院主計總處,每年,08_家庭收支調查/家庭收支調查_前言_民國84年.odt,https://ws.dgbas.gov.tw/001/Upload/463/relfile/11530/210963/preface.odt,200,22108,ec8ecd4bd7fda64f4e179facbeb2a2a029c0761a165c1e8f1f63fd5c1bcfc6f8,2026-08-18T06:35:38+00:00
08_家庭收支調查,家庭收支調查_綜合分析_民國84年,,行政院主計總處,每年,08_家庭收支調查/家庭收支調查_綜合分析_民國84年.odt,https://ws.dgbas.gov.tw/win/fies/doc/result/84/a11/Analysis.odt,200,27792,064cfcbfc1a6f077c65b30f239d3c2d2d695e3dcdbb64f6d838d673942a63eae,2026-08-18T06:35:39+00:00
08_家庭收支調查,家庭收支調查_附錄_名詞解釋_民國84年,,行政院主計總處,每年,08_家庭收支調查/家庭收支調查_附錄_名詞解釋_民國84年.odt,https://ws.dgbas.gov.tw/win/fies/doc/result/84/a11/Definec.odt,200,29011,6f1d114c4a2d5ae1408e11918e75d118086400cedae4a9bb8c7669eaf06398c6,2026-08-18T06:35:40+00:00
08_家庭收支調查,家庭收支調查_附錄_調查方法_民國84年,,行政院主計總處,每年,08_家庭收支調查/家庭收支調查_附錄_調查方法_民國84年.odt,https://ws.dgbas.gov.tw/win/fies/doc/result/84/a11/Methodc.odt,200,53245,6b5d7f34b74f1937e74b27929475fb1c082f26ee4f488711b37ee44934057b9c,2026-08-18T06:35:41+00:00
08_家庭收支調查,家庭收支調查_附錄_未刊印之結果表_民國84年,,行政院主計總處,每年,08_家庭收支調查/家庭收支調查_附錄_未刊印之結果表_民國84年.odt,https://ws.dgbas.gov.tw/win/fies/doc/result/84/a11/Appendce.odt,200,17966,8640c178ecdd82ac7dfcaf78f9aa8b0b7f194bdffe12fa8a0b9165043437476d,2026-08-18T06:35:42+00:00
08_家庭收支調查,家庭收支調查_附錄_調查表格式_民國84年,,行政院主計總處,每年,08_家庭收支調查/家庭收支調查_附錄_調查表格式_民國84年.odt,https://ws.dgbas.gov.tw/win/fies/doc/result/84/a11/Questc.odt,200,43812,514b390a2237be69f59a6e4e977ffc0ee3093c4ef0d2d5db0e0ff2a5f723fd5e,2026-08-18T06:35:43+00:00
08_家庭收支調查,家庭收支調查_平均每戶家庭收支按戶內人數分_民國83年,,行政院主計總處,每年,08_家庭收支調查/家庭收支調查_平均每戶家庭收支按戶內人數分_民國83年.ods,https://ws.dgbas.gov.tw/001/Upload/463/relfile/11530/210962/45.ods,200,16900,01567b553f5a26e3fa463a851148c5e5f0d514f892687070810b15610d20dc30,2026-08-18T06:35:44+00:00
08_家庭收支調查,家庭收支調查_平均每戶家庭收支按區域別分_民國83年,,行政院主計總處,每年,08_家庭收支調查/家庭收支調查_平均每戶家庭收支按區域別分_民國83年.ods,https://ws.dgbas.gov.tw/001/Upload/463/relfile/11530/210962/49.ods,200,30073,f536ba61807d975a44a3b28d592e9511db17f9520bc2e7f98f57b5cc15c5407e,2026-08-18T06:35:45+00:00
08_家庭收支調查,家庭收支調查_平均每戶家庭收支按農家非農家分_民國83年,,行政院主計總處,每年,08_家庭收支調查/家庭收支調查_平均每戶家庭收支按農家非農家分_民國83年.ods,https://ws.dgbas.gov.tw/001/Upload/463/relfile/11530/210962/61.ods,200,14876,eb99ca66bbe03deb4e0b508bb748c1fe2b7c987a701e2496778e83f7b71b2cf2,2026-08-18T06:35:46+00:00
08_家庭收支調查,家庭收支調查_平均每戶家庭收支按經濟戶長職業別分_民國83年,,行政院主計總處,每年,08_家庭收支調查/家庭收支調查_平均每戶家庭收支按經濟戶長職業別分_民國83年.ods,https://ws.dgbas.gov.tw/001/Upload/463/relfile/11530/210962/65.ods,200,20855,a2f941c3995892d4057dbb58ba0b5031da0ecb78014b265aa12e9843ca12dcd7,2026-08-18T06:35:47+00:00
08_家庭收支調查,家庭收支調查_平均每戶家庭收支按家庭組織型態別分_民國83年,,行政院主計總處,每年,08_家庭收支調查/家庭收支調查_平均每戶家庭收支按家庭組織型態別分_民國83年.ods,https://ws.dgbas.gov.tw/001/Upload/463/relfile/11530/210962/73.ods,200,16117,b59a28f45fb01193f6f41d920d2fb82f004aec4f75e8dbbb533adc1c27ac2b3e,2026-08-18T06:35:48+00:00
08_家庭收支調查,家庭收支調查_平均每戶家庭收支依可支配所得按戶數五等分位分_民國83年,,行政院主計總處,每年,08_家庭收支調查/家庭收支調查_平均每戶家庭收支依可支配所得按戶數五等分位分_民國83年.ods,https://ws.dgbas.gov.tw/001/Upload/463/relfile/11530/210962/77.ods,200,15484,893c89928884ce21ab9368223995bd1a97d3b4fc0cca25da3282b1e37c47d660,2026-08-18T06:35:49+00:00
08_家庭收支調查,家庭收支調查_平均每戶可支配所得及消費支出按五等分位及戶長性別年齡教育程度分_民國83年,,行政院主計總處,每年,08_家庭收支調查/家庭收支調查_平均每戶可支配所得及消費支出按五等分位及戶長性別年齡教育程度分_民國83年.ods,https://ws.dgbas.gov.tw/001/Upload/463/relfile/11530/210962/81.ods,200,15939,c01dc5a62eb161ce421c7342ec0b131a0984c96b6f5f3322dc4a35a57454d1fe,2026-08-18T06:35:50+00:00
08_家庭收支調查,家庭收支調查_家庭戶數按所得總額組別及經濟戶長性別分_民國83年,,行政院主計總處,每年,08_家庭收支調查/家庭收支調查_家庭戶數按所得總額組別及經濟戶長性別分_民國83年.ods,https://ws.dgbas.gov.tw/001/Upload/463/relfile/11530/210962/87.ods,200,8202,37f0d3c0fc12603dafc524e35d3253ce4029b1f83f354d17a1b7bfbd9f26e749,2026-08-18T06:35:51+00:00
08_家庭收支調查,家庭收支調查_家庭住宅及主要設備概況按區域別分_民國83年,,行政院主計總處,每年,08_家庭收支調查/家庭收支調查_家庭住宅及主要設備概況按區域別分_民國83年.ods,https://ws.dgbas.gov.tw/001/Upload/463/relfile/11530/210962/89.ods,200,35772,0b379bc3b33bcde71c9b973cb826a3f04240aed60a9bbab72ecde07452cc1e24,2026-08-18T06:35:52+00:00
08_家庭收支調查,家庭收支調查_家庭住宅及主要設備概況按農家非農家分_民國83年,,行政院主計總處,每年,08_家庭收支調查/家庭收支調查_家庭住宅及主要設備概況按農家非農家分_民國83年.ods,https://ws.dgbas.gov.tw/001/Upload/463/relfile/11530/210962/101.ods,200,17705,c1e3a7965614d1a412a384ea2c08969b6a2b8e765b1446debf6e2b66924e0512,2026-08-18T06:35:53+00:00
08_家庭收支調查,家庭收支調查_家庭住宅及主要設備概況依可支配所得按戶數五等分位分_民國83年,,行政院主計總處,每年,08_家庭收支調查/家庭收支調查_家庭住宅及主要設備概況依可支配所得按戶數五等分位分_民國83年.ods,https://ws.dgbas.gov.tw/001/Upload/463/relfile/11530/210962/105.ods,200,17416,4584882dbfec26efdb58a64c04f2fe1e812854ec20f248f4c4653465eb4325e5,2026-08-18T06:35:54+00:00
08_家庭收支調查,家庭收支調查_所得收入者平均每人所得來源按區域別分_民國83年,,行政院主計總處,每年,08_家庭收支調查/家庭收支調查_所得收入者平均每人所得來源按區域別分_民國83年.ods,https://ws.dgbas.gov.tw/001/Upload/463/relfile/11530/210962/111.ods,200,17003,94414e413a019362e8492cf29d1e4f015babcdaa42bfd5e2f935eb42348817f0,2026-08-18T06:35:55+00:00
08_家庭收支調查,家庭收支調查_所得收入者平均每人所得來源按農家非農家分_民國83年,,行政院主計總處,每年,08_家庭收支調查/家庭收支調查_所得收入者平均每人所得來源按農家非農家分_民國83年.ods,https://ws.dgbas.gov.tw/001/Upload/463/relfile/11530/210962/117.ods,200,10061,6463d951c578b0879c592e387df637a5c490ceadd1eee9938c5b619ed1fb03b3,2026-08-18T06:35:56+00:00
08_家庭收支調查,家庭收支調查_所得收入者平均每人所得來源按職業別分_民國83年,,行政院主計總處,每年,08_家庭收支調查/家庭收支調查_所得收入者平均每人所得來源按職業別分_民國83年.ods,https://ws.dgbas.gov.tw/001/Upload/463/relfile/11530/210962/119.ods,200,12576,b3d31b74d58319f9dc1bd454c0239e83717c38a2f1016e1a82ceb0fc5b28809a,2026-08-18T06:35:57+00:00
08_家庭收支調查,家庭收支調查_所得收入者平均每人所得來源依可支配所得按五等分位分_民國83年,,行政院主計總處,每年,08_家庭收支調查/家庭收支調查_所得收入者平均每人所得來源依可支配所得按五等分位分_民國83年.ods,https://ws.dgbas.gov.tw/001/Upload/463/relfile/11530/210962/123.ods,200,9754,94c8739a1adfceed2ec481595dbd2542cb01ee24cf1ce9a6339382362663a456,2026-08-18T06:35:57+00:00
08_家庭收支調查,家庭收支調查_所得收入者平均每人可支配所得按五等分位及性別年齡教育程度分_民國83年,,行政院主計總處,每年,08_家庭收支調查/家庭收支調查_所得收入者平均每人可支配所得按五等分位及性別年齡教育程度分_民國83年.ods,https://ws.dgbas.gov.tw/001/Upload/463/relfile/11530/210962/125.ods,200,13084,8820e30c3cd24c668465b5ca7a946f527a740284b02a91fea6ee46a943ba20bb,2026-08-18T06:35:58+00:00
08_家庭收支調查,家庭收支調查_所得收入者人數按性別及可支配所得組別分_民國83年,,行政院主計總處,每年,08_家庭收支調查/家庭收支調查_所得收入者人數按性別及可支配所得組別分_民國83年.ods,https://ws.dgbas.gov.tw/001/Upload/463/relfile/11530/210962/129.ods,200,9563,a806cce299c0f9d774e3843b278d44a424a36a930f3436198916face1d1bdd42,2026-08-18T06:35:59+00:00
08_家庭收支調查,家庭收支調查_前言_民國83年,,行政院主計總處,每年,08_家庭收支調查/家庭收支調查_前言_民國83年.odt,https://ws.dgbas.gov.tw/win/fies/doc/result/83/a11/Preface.odt,200,8275,7bffa6ed2385ded2a4c51ff1a4a8c699d1563fb479eef83faac7f98ecc492b2b,2026-08-18T06:36:00+00:00
08_家庭收支調查,家庭收支調查_綜合分析_民國83年,,行政院主計總處,每年,08_家庭收支調查/家庭收支調查_綜合分析_民國83年.odt,https://ws.dgbas.gov.tw/win/fies/doc/result/83/a11/Analysis.odt,200,27060,5bb8c69a7ab19a49b761a7bc10c20083beb35355f30a3747c09b120acc5d59a2,2026-08-18T06:36:01+00:00
08_家庭收支調查,家庭收支調查_附錄_名詞解釋_民國83年,,行政院主計總處,每年,08_家庭收支調查/家庭收支調查_附錄_名詞解釋_民國83年.odt,https://ws.dgbas.gov.tw/win/fies/doc/result/83/a11/Definec.odt,200,30098,52df3be4f88c7ed18027a77ccac1b6058d7a11b2c03468e208219b7b4940ff5e,2026-08-18T06:36:02+00:00
08_家庭收支調查,家庭收支調查_附錄_調查方法_民國83年,,行政院主計總處,每年,08_家庭收支調查/家庭收支調查_附錄_調查方法_民國83年.odt,https://ws.dgbas.gov.tw/win/fies/doc/result/83/a11/Methodc.odt,200,50105,1ee9dedf798802a8e80bf6305f8079583b8c08e619642fe44bbfd309e2f6b503,2026-08-18T06:36:03+00:00
08_家庭收支調查,家庭收支調查_附錄_未刊印之結果表_民國83年,,行政院主計總處,每年,08_家庭收支調查/家庭收支調查_附錄_未刊印之結果表_民國83年.odt,https://ws.dgbas.gov.tw/win/fies/doc/result/83/a11/Appendce.odt,200,17945,bd80283e542d8502ea5c5276be4b2e508d9b363480cd428597959aeca96d9c96,2026-08-18T06:36:04+00:00
08_家庭收支調查,家庭收支調查_附錄_調查表格式_民國83年,,行政院主計總處,每年,08_家庭收支調查/家庭收支調查_附錄_調查表格式_民國83年.odt,https://ws.dgbas.gov.tw/win/fies/doc/result/83/a11/Questc.odt,200,44211,724012f55935d2be675a5cdd8d5a87084e644e8cc97bbf2adb48edafdd82bc81,2026-08-18T06:36:05+00:00
